Mõõtepunkti kood;38ZEE-00172315-C,N/A
Mõõtepunkti aadress;Peetri,N/A
;,
;,
Periood;Tarbitud energia (võrgust) / kWh,
01.01.2023 00:00;1,368
01.01.2023 01:00;0,569
01.01.2023 02:00;0,573
01.01.2023 03:00;0,503
01.01.2023 04:00;0,554
01.01.2023 05:00;0,611
01.01.2023 06:00;0,536
01.01.2023 07:00;0,56
01.01.2023 08:00;0,51
01.01.2023 09:00;0,536
01.01.2023 10:00;0,351
01.01.2023 11:00;1,103
01.01.2023 12:00;0,42
01.01.2023 13:00;1,1
01.01.2023 14:00;2,67
01.01.2023 15:00;2,295
01.01.2023 16:00;1,559
01.01.2023 17:00;1,785
01.01.2023 18:00;5,225
01.01.2023 19:00;3,509
01.01.2023 20:00;3,203
01.01.2023 21:00;2,744
01.01.2023 22:00;1,37
01.01.2023 23:00;0,767
02.01.2023 00:00;0,747
02.01.2023 01:00;0,715
02.01.2023 02:00;0,796
02.01.2023 03:00;1,315
02.01.2023 04:00;0,834
02.01.2023 05:00;0,968
02.01.2023 06:00;0,633
02.01.2023 07:00;0,569
02.01.2023 08:00;0,455
02.01.2023 09:00;0,327
02.01.2023 10:00;0,321
02.01.2023 11:00;0,324
02.01.2023 12:00;0,318
02.01.2023 13:00;0,944
02.01.2023 14:00;0,626
02.01.2023 15:00;0,683
02.01.2023 16:00;0,777
02.01.2023 17:00;0,637
02.01.2023 18:00;1,49
02.01.2023 19:00;1,33
02.01.2023 20:00;1,6
02.01.2023 21:00;1,31
02.01.2023 22:00;0,844
02.01.2023 23:00;0,711
03.01.2023 00:00;0,683
03.01.2023 01:00;0,688
03.01.2023 02:00;0,7
03.01.2023 03:00;0,715
03.01.2023 04:00;0,758
03.01.2023 05:00;0,744
03.01.2023 06:00;0,82
03.01.2023 07:00;0,751
03.01.2023 08:00;0,577
03.01.2023 09:00;0,377
03.01.2023 10:00;0,378
03.01.2023 11:00;0,383
03.01.2023 12:00;0,381
03.01.2023 13:00;0,533
03.01.2023 14:00;0,462
03.01.2023 15:00;0,531
03.01.2023 16:00;0,619
03.01.2023 17:00;0,637
03.01.2023 18:00;0,669
03.01.2023 19:00;2,47
03.01.2023 20:00;0,961
03.01.2023 21:00;0,878
03.01.2023 22:00;0,709
03.01.2023 23:00;0,653
04.01.2023 00:00;0,694
04.01.2023 01:00;2,947
04.01.2023 02:00;2,151
04.01.2023 03:00;1,488
04.01.2023 04:00;0,846
04.01.2023 05:00;0,841
04.01.2023 06:00;0,766
04.01.2023 07:00;0,639
04.01.2023 08:00;0,548
04.01.2023 09:00;0,417
04.01.2023 10:00;0,404
04.01.2023 11:00;0,42
04.01.2023 12:00;0,593
04.01.2023 13:00;0,838
04.01.2023 14:00;0,647
04.01.2023 15:00;0,617
04.01.2023 16:00;0,824
04.01.2023 17:00;0,785
04.01.2023 18:00;0,78
04.01.2023 19:00;1,959
04.01.2023 20:00;1,78
04.01.2023 21:00;0,91
04.01.2023 22:00;0,847
04.01.2023 23:00;0,796
05.01.2023 00:00;0,746
05.01.2023 01:00;0,781
05.01.2023 02:00;0,798
05.01.2023 03:00;0,812
05.01.2023 04:00;0,803
05.01.2023 05:00;1,72
05.01.2023 06:00;0,793
05.01.2023 07:00;0,701
05.01.2023 08:00;0,522
05.01.2023 09:00;0,419
05.01.2023 10:00;0,409
05.01.2023 11:00;0,41
05.01.2023 12:00;0,401
05.01.2023 13:00;0,381
05.01.2023 14:00;0,395
05.01.2023 15:00;0,396
05.01.2023 16:00;0,581
05.01.2023 17:00;0,637
05.01.2023 18:00;1,193
05.01.2023 19:00;0,863
05.01.2023 20:00;0,762
05.01.2023 21:00;0,958
05.01.2023 22:00;0,812
05.01.2023 23:00;0,779
06.01.2023 00:00;0,814
06.01.2023 01:00;0,809
06.01.2023 02:00;0,736
06.01.2023 03:00;0,754
06.01.2023 04:00;1,445
06.01.2023 05:00;0,778
06.01.2023 06:00;0,755
06.01.2023 07:00;0,841
06.01.2023 08:00;0,589
06.01.2023 09:00;0,558
06.01.2023 10:00;0,444
06.01.2023 11:00;0,452
06.01.2023 12:00;0,483
06.01.2023 13:00;0,618
06.01.2023 14:00;0,669
06.01.2023 15:00;0,659
06.01.2023 16:00;0,741
06.01.2023 17:00;0,81
06.01.2023 18:00;2,475
06.01.2023 19:00;2,519
06.01.2023 20:00;0,937
06.01.2023 21:00;0,799
06.01.2023 22:00;0,809
06.01.2023 23:00;0,795
07.01.2023 00:00;0,772
07.01.2023 01:00;0,829
07.01.2023 02:00;0,619
07.01.2023 03:00;0,592
07.01.2023 04:00;0,596
07.01.2023 05:00;0,572
07.01.2023 06:00;0,664
07.01.2023 07:00;0,58
07.01.2023 08:00;0,467
07.01.2023 09:00;0,367
07.01.2023 10:00;1,399
07.01.2023 11:00;0,563
07.01.2023 12:00;0,476
07.01.2023 13:00;0,543
07.01.2023 14:00;1,112
07.01.2023 15:00;1,47
07.01.2023 16:00;1,919
07.01.2023 17:00;2,513
07.01.2023 18:00;0,987
07.01.2023 19:00;0,995
07.01.2023 20:00;2,682
07.01.2023 21:00;1,775
07.01.2023 22:00;0,966
07.01.2023 23:00;0,935
08.01.2023 00:00;0,83
08.01.2023 01:00;0,769
08.01.2023 02:00;0,761
08.01.2023 03:00;0,756
08.01.2023 04:00;0,583
08.01.2023 05:00;0,575
08.01.2023 06:00;0,676
08.01.2023 07:00;0,679
08.01.2023 08:00;0,562
08.01.2023 09:00;1,559
08.01.2023 10:00;1,761
08.01.2023 11:00;0,934
08.01.2023 12:00;0,791
08.01.2023 13:00;0,579
08.01.2023 14:00;0,456
08.01.2023 15:00;3,543
08.01.2023 16:00;2,8
08.01.2023 17:00;0,745
08.01.2023 18:00;6,968
08.01.2023 19:00;5,162
08.01.2023 20:00;4,292
08.01.2023 21:00;1,89
08.01.2023 22:00;0,959
08.01.2023 23:00;0,827
09.01.2023 00:00;0,749
09.01.2023 01:00;0,712
09.01.2023 02:00;0,73
09.01.2023 03:00;0,936
09.01.2023 04:00;1,186
09.01.2023 05:00;0,678
09.01.2023 06:00;0,872
09.01.2023 07:00;0,951
09.01.2023 08:00;0,553
09.01.2023 09:00;0,41
09.01.2023 10:00;0,431
09.01.2023 11:00;0,413
09.01.2023 12:00;0,409
09.01.2023 13:00;0,411
09.01.2023 14:00;0,389
09.01.2023 15:00;0,395
09.01.2023 16:00;0,574
09.01.2023 17:00;0,657
09.01.2023 18:00;1,218
09.01.2023 19:00;0,932
09.01.2023 20:00;1,198
09.01.2023 21:00;1,878
09.01.2023 22:00;1,6
09.01.2023 23:00;0,798
10.01.2023 00:00;0,679
10.01.2023 01:00;0,693
10.01.2023 02:00;0,703
10.01.2023 03:00;1,465
10.01.2023 04:00;0,734
10.01.2023 05:00;0,749
10.01.2023 06:00;1,42
10.01.2023 07:00;0,656
10.01.2023 08:00;0,621
10.01.2023 09:00;0,395
10.01.2023 10:00;0,383
10.01.2023 11:00;0,389
10.01.2023 12:00;0,384
10.01.2023 13:00;0,372
10.01.2023 14:00;0,375
10.01.2023 15:00;0,369
10.01.2023 16:00;0,502
10.01.2023 17:00;0,675
10.01.2023 18:00;0,786
10.01.2023 19:00;1,732
10.01.2023 20:00;0,802
10.01.2023 21:00;0,865
10.01.2023 22:00;0,742
10.01.2023 23:00;0,69
11.01.2023 00:00;0,588
11.01.2023 01:00;0,536
11.01.2023 02:00;0,512
11.01.2023 03:00;0,522
11.01.2023 04:00;0,527
11.01.2023 05:00;0,649
11.01.2023 06:00;0,984
11.01.2023 07:00;0,583
11.01.2023 08:00;0,478
11.01.2023 09:00;0,342
11.01.2023 10:00;0,332
11.01.2023 11:00;0,34
11.01.2023 12:00;0,338
11.01.2023 13:00;0,393
11.01.2023 14:00;0,335
11.01.2023 15:00;0,326
11.01.2023 16:00;0,482
11.01.2023 17:00;0,57
11.01.2023 18:00;1,337
11.01.2023 19:00;1,897
11.01.2023 20:00;2,446
11.01.2023 21:00;3,316
11.01.2023 22:00;1,787
11.01.2023 23:00;0,832
12.01.2023 00:00;0,588
12.01.2023 01:00;0,522
12.01.2023 02:00;0,492
12.01.2023 03:00;1,14
12.01.2023 04:00;0,58
12.01.2023 05:00;0,534
12.01.2023 06:00;0,7
12.01.2023 07:00;0,634
12.01.2023 08:00;0,676
12.01.2023 09:00;0,56
12.01.2023 10:00;0,526
12.01.2023 11:00;0,604
12.01.2023 12:00;0,489
12.01.2023 13:00;0,589
12.01.2023 14:00;0,618
12.01.2023 15:00;0,353
12.01.2023 16:00;3,477
12.01.2023 17:00;2,193
12.01.2023 18:00;0,767
12.01.2023 19:00;1,344
12.01.2023 20:00;3,916
12.01.2023 21:00;1,39
12.01.2023 22:00;0,875
12.01.2023 23:00;0,798
13.01.2023 00:00;0,711
13.01.2023 01:00;0,692
13.01.2023 02:00;0,539
13.01.2023 03:00;0,501
13.01.2023 04:00;1,226
13.01.2023 05:00;0,565
13.01.2023 06:00;0,947
13.01.2023 07:00;0,65
13.01.2023 08:00;0,433
13.01.2023 09:00;0,295
13.01.2023 10:00;0,565
13.01.2023 11:00;0,464
13.01.2023 12:00;0,519
13.01.2023 13:00;0,934
13.01.2023 14:00;0,416
13.01.2023 15:00;0,43
13.01.2023 16:00;0,661
13.01.2023 17:00;0,728
13.01.2023 18:00;1,466
13.01.2023 19:00;1,408
13.01.2023 20:00;1,356
13.01.2023 21:00;0,802
13.01.2023 22:00;0,795
13.01.2023 23:00;0,704
14.01.2023 00:00;0,527
14.01.2023 01:00;0,523
14.01.2023 02:00;0,498
14.01.2023 03:00;0,49
14.01.2023 04:00;0,483
14.01.2023 05:00;0,5
14.01.2023 06:00;0,613
14.01.2023 07:00;0,559
14.01.2023 08:00;0,658
14.01.2023 09:00;0,504
14.01.2023 10:00;0,43
14.01.2023 11:00;0,535
14.01.2023 12:00;0,484
14.01.2023 13:00;0,623
14.01.2023 14:00;0,807
14.01.2023 15:00;1,306
14.01.2023 16:00;0,681
14.01.2023 17:00;0,957
14.01.2023 18:00;1,906
14.01.2023 19:00;1,59
14.01.2023 20:00;1,12
14.01.2023 21:00;0,888
14.01.2023 22:00;0,837
14.01.2023 23:00;0,812
15.01.2023 00:00;0,704
15.01.2023 01:00;0,571
15.01.2023 02:00;0,569
15.01.2023 03:00;0,509
15.01.2023 04:00;0,493
15.01.2023 05:00;0,494
15.01.2023 06:00;0,602
15.01.2023 07:00;0,528
15.01.2023 08:00;0,695
15.01.2023 09:00;0,472
15.01.2023 10:00;2,84
15.01.2023 11:00;0,626
15.01.2023 12:00;1,905
15.01.2023 13:00;2,45
15.01.2023 14:00;1,159
15.01.2023 15:00;1,311
15.01.2023 16:00;3,856
15.01.2023 17:00;4,851
15.01.2023 18:00;6,24
15.01.2023 19:00;3,57
15.01.2023 20:00;2,995
15.01.2023 21:00;3,242
15.01.2023 22:00;1,56
15.01.2023 23:00;0,841
16.01.2023 00:00;0,723
16.01.2023 01:00;0,712
16.01.2023 02:00;0,655
16.01.2023 03:00;0,509
16.01.2023 04:00;0,52
16.01.2023 05:00;0,73
16.01.2023 06:00;0,644
16.01.2023 07:00;0,561
16.01.2023 08:00;0,463
16.01.2023 09:00;0,312
16.01.2023 10:00;0,306
16.01.2023 11:00;0,31
16.01.2023 12:00;0,309
16.01.2023 13:00;0,495
16.01.2023 14:00;0,346
16.01.2023 15:00;0,355
16.01.2023 16:00;0,505
16.01.2023 17:00;0,66
16.01.2023 18:00;1,102
16.01.2023 19:00;0,766
16.01.2023 20:00;1,112
16.01.2023 21:00;2,425
16.01.2023 22:00;1,4
16.01.2023 23:00;0,713
17.01.2023 00:00;0,673
17.01.2023 01:00;0,662
17.01.2023 02:00;0,633
17.01.2023 03:00;0,613
17.01.2023 04:00;1,387
17.01.2023 05:00;0,875
17.01.2023 06:00;0,771
17.01.2023 07:00;0,949
17.01.2023 08:00;0,626
17.01.2023 09:00;0,465
17.01.2023 10:00;0,417
17.01.2023 11:00;0,379
17.01.2023 12:00;0,39
17.01.2023 13:00;0,444
17.01.2023 14:00;0,32
17.01.2023 15:00;0,34
17.01.2023 16:00;1,247
17.01.2023 17:00;0,719
17.01.2023 18:00;1,41
17.01.2023 19:00;1,423
17.01.2023 20:00;0,849
17.01.2023 21:00;0,776
17.01.2023 22:00;0,754
17.01.2023 23:00;0,615
18.01.2023 00:00;0,591
18.01.2023 01:00;0,604
18.01.2023 02:00;0,584
18.01.2023 03:00;0,841
18.01.2023 04:00;1,4
18.01.2023 05:00;0,663
18.01.2023 06:00;0,738
18.01.2023 07:00;0,652
18.01.2023 08:00;0,548
18.01.2023 09:00;0,485
18.01.2023 10:00;0,353
18.01.2023 11:00;0,531
18.01.2023 12:00;0,515
18.01.2023 13:00;0,511
18.01.2023 14:00;0,55
18.01.2023 15:00;1,48
18.01.2023 16:00;2,502
18.01.2023 17:00;0,993
18.01.2023 18:00;1,384
18.01.2023 19:00;0,981
18.01.2023 20:00;1,596
18.01.2023 21:00;2,538
18.01.2023 22:00;2,58
18.01.2023 23:00;1,89
19.01.2023 00:00;0,575
19.01.2023 01:00;0,552
19.01.2023 02:00;0,508
19.01.2023 03:00;0,502
19.01.2023 04:00;1,222
19.01.2023 05:00;0,567
19.01.2023 06:00;0,726
19.01.2023 07:00;0,672
19.01.2023 08:00;0,549
19.01.2023 09:00;0,476
19.01.2023 10:00;0,512
19.01.2023 11:00;0,533
19.01.2023 12:00;0,522
19.01.2023 13:00;0,526
19.01.2023 14:00;0,503
19.01.2023 15:00;0,468
19.01.2023 16:00;0,547
19.01.2023 17:00;0,714
19.01.2023 18:00;3,28
19.01.2023 19:00;2,287
19.01.2023 20:00;1,304
19.01.2023 21:00;0,7
19.01.2023 22:00;0,665
19.01.2023 23:00;0,639
20.01.2023 00:00;0,643
20.01.2023 01:00;2,716
20.01.2023 02:00;1,59
20.01.2023 03:00;0,851
20.01.2023 04:00;0,538
20.01.2023 05:00;0,681
20.01.2023 06:00;0,783
20.01.2023 07:00;0,586
20.01.2023 08:00;0,434
20.01.2023 09:00;0,329
20.01.2023 10:00;0,472
20.01.2023 11:00;0,326
20.01.2023 12:00;0,317
20.01.2023 13:00;0,71
20.01.2023 14:00;0,433
20.01.2023 15:00;0,324
20.01.2023 16:00;0,402
20.01.2023 17:00;0,577
20.01.2023 18:00;2,28
20.01.2023 19:00;0,894
20.01.2023 20:00;0,784
20.01.2023 21:00;0,82
20.01.2023 22:00;0,861
20.01.2023 23:00;0,639
21.01.2023 00:00;0,573
21.01.2023 01:00;0,555
21.01.2023 02:00;0,563
21.01.2023 03:00;0,561
21.01.2023 04:00;0,564
21.01.2023 05:00;0,867
21.01.2023 06:00;0,613
21.01.2023 07:00;0,62
21.01.2023 08:00;0,517
21.01.2023 09:00;0,402
21.01.2023 10:00;0,924
21.01.2023 11:00;0,476
21.01.2023 12:00;0,44
21.01.2023 13:00;0,426
21.01.2023 14:00;0,401
21.01.2023 15:00;0,41
21.01.2023 16:00;2,515
21.01.2023 17:00;2,126
21.01.2023 18:00;1,315
21.01.2023 19:00;1,528
21.01.2023 20:00;1,241
21.01.2023 21:00;1,66
21.01.2023 22:00;2,96
21.01.2023 23:00;1,954
22.01.2023 00:00;0,88
22.01.2023 01:00;0,572
22.01.2023 02:00;0,547
22.01.2023 03:00;0,541
22.01.2023 04:00;0,535
22.01.2023 05:00;0,526
22.01.2023 06:00;0,627
22.01.2023 07:00;0,542
22.01.2023 08:00;0,63
22.01.2023 09:00;1,268
22.01.2023 10:00;1,213
22.01.2023 11:00;0,576
22.01.2023 12:00;1,26
22.01.2023 13:00;1,355
22.01.2023 14:00;1,778
22.01.2023 15:00;0,912
22.01.2023 16:00;0,832
22.01.2023 17:00;1,222
22.01.2023 18:00;5,932
22.01.2023 19:00;3,723
22.01.2023 20:00;2,942
22.01.2023 21:00;1,23
22.01.2023 22:00;0,625
22.01.2023 23:00;0,524
23.01.2023 00:00;0,515
23.01.2023 01:00;0,524
23.01.2023 02:00;0,529
23.01.2023 03:00;0,535
23.01.2023 04:00;0,54
23.01.2023 05:00;0,707
23.01.2023 06:00;0,914
23.01.2023 07:00;0,825
23.01.2023 08:00;0,597
23.01.2023 09:00;0,449
23.01.2023 10:00;0,448
23.01.2023 11:00;0,449
23.01.2023 12:00;0,45
23.01.2023 13:00;0,498
23.01.2023 14:00;0,426
23.01.2023 15:00;0,363
23.01.2023 16:00;0,391
23.01.2023 17:00;0,575
23.01.2023 18:00;1,212
23.01.2023 19:00;0,73
23.01.2023 20:00;1,2
23.01.2023 21:00;1,635
23.01.2023 22:00;0,65
23.01.2023 23:00;0,591
24.01.2023 00:00;0,571
24.01.2023 01:00;0,525
24.01.2023 02:00;0,531
24.01.2023 03:00;1,255
24.01.2023 04:00;0,573
24.01.2023 05:00;0,695
24.01.2023 06:00;0,856
24.01.2023 07:00;0,56
24.01.2023 08:00;0,411
24.01.2023 09:00;0,31
24.01.2023 10:00;0,318
24.01.2023 11:00;0,312
24.01.2023 12:00;0,314
24.01.2023 13:00;0,482
24.01.2023 14:00;0,315
24.01.2023 15:00;0,319
24.01.2023 16:00;0,395
24.01.2023 17:00;0,552
24.01.2023 18:00;1,5
24.01.2023 19:00;2,166
24.01.2023 20:00;0,844
24.01.2023 21:00;0,728
24.01.2023 22:00;0,637
24.01.2023 23:00;0,56
25.01.2023 00:00;0,543
25.01.2023 01:00;0,523
25.01.2023 02:00;0,52
25.01.2023 03:00;0,516
25.01.2023 04:00;0,516
25.01.2023 05:00;0,789
25.01.2023 06:00;0,745
25.01.2023 07:00;0,815
25.01.2023 08:00;0,395
25.01.2023 09:00;0,304
25.01.2023 10:00;0,309
25.01.2023 11:00;0,314
25.01.2023 12:00;0,303
25.01.2023 13:00;0,359
25.01.2023 14:00;0,314
25.01.2023 15:00;0,316
25.01.2023 16:00;0,361
25.01.2023 17:00;0,558
25.01.2023 18:00;1,187
25.01.2023 19:00;1,86
25.01.2023 20:00;2,186
25.01.2023 21:00;2,585
25.01.2023 22:00;2,532
25.01.2023 23:00;1,192
26.01.2023 00:00;0,523
26.01.2023 01:00;0,514
26.01.2023 02:00;0,509
26.01.2023 03:00;1,227
26.01.2023 04:00;0,558
26.01.2023 05:00;0,745
26.01.2023 06:00;0,75
26.01.2023 07:00;0,585
26.01.2023 08:00;0,421
26.01.2023 09:00;0,324
26.01.2023 10:00;0,33
26.01.2023 11:00;0,325
26.01.2023 12:00;0,326
26.01.2023 13:00;0,48
26.01.2023 14:00;0,317
26.01.2023 15:00;0,322
26.01.2023 16:00;0,376
26.01.2023 17:00;0,534
26.01.2023 18:00;1,201
26.01.2023 19:00;1,275
26.01.2023 20:00;2,396
26.01.2023 21:00;1,34
26.01.2023 22:00;0,628
26.01.2023 23:00;0,529
27.01.2023 00:00;0,525
27.01.2023 01:00;0,523
27.01.2023 02:00;0,528
27.01.2023 03:00;1,229
27.01.2023 04:00;0,599
27.01.2023 05:00;0,552
27.01.2023 06:00;0,759
27.01.2023 07:00;0,633
27.01.2023 08:00;0,432
27.01.2023 09:00;0,446
27.01.2023 10:00;0,396
27.01.2023 11:00;0,405
27.01.2023 12:00;0,401
27.01.2023 13:00;0,469
27.01.2023 14:00;0,377
27.01.2023 15:00;0,381
27.01.2023 16:00;0,543
27.01.2023 17:00;1,38
27.01.2023 18:00;1,4
27.01.2023 19:00;1,718
27.01.2023 20:00;0,812
27.01.2023 21:00;0,714
27.01.2023 22:00;0,642
27.01.2023 23:00;0,669
28.01.2023 00:00;0,666
28.01.2023 01:00;0,605
28.01.2023 02:00;0,57
28.01.2023 03:00;0,535
28.01.2023 04:00;0,546
28.01.2023 05:00;0,539
28.01.2023 06:00;0,653
28.01.2023 07:00;0,726
28.01.2023 08:00;0,443
28.01.2023 09:00;0,552
28.01.2023 10:00;3,3
28.01.2023 11:00;1,39
28.01.2023 12:00;0,499
28.01.2023 13:00;0,433
28.01.2023 14:00;0,753
28.01.2023 15:00;1,241
28.01.2023 16:00;0,583
28.01.2023 17:00;0,789
28.01.2023 18:00;0,726
28.01.2023 19:00;1,34
28.01.2023 20:00;0,701
28.01.2023 21:00;0,798
28.01.2023 22:00;0,7
28.01.2023 23:00;0,607
29.01.2023 00:00;0,531
29.01.2023 01:00;0,512
29.01.2023 02:00;0,514
29.01.2023 03:00;0,51
29.01.2023 04:00;0,545
29.01.2023 05:00;0,538
29.01.2023 06:00;0,506
29.01.2023 07:00;0,699
29.01.2023 08:00;0,603
29.01.2023 09:00;1,721
29.01.2023 10:00;0,395
29.01.2023 11:00;0,814
29.01.2023 12:00;0,895
29.01.2023 13:00;1,268
29.01.2023 14:00;1,932
29.01.2023 15:00;2,286
29.01.2023 16:00;2,206
29.01.2023 17:00;5,218
29.01.2023 18:00;5,695
29.01.2023 19:00;3,459
29.01.2023 20:00;2,928
29.01.2023 21:00;2,986
29.01.2023 22:00;0,618
29.01.2023 23:00;0,61
30.01.2023 00:00;0,591
30.01.2023 01:00;0,662
30.01.2023 02:00;0,567
30.01.2023 03:00;0,518
30.01.2023 04:00;0,526
30.01.2023 05:00;0,698
30.01.2023 06:00;0,671
30.01.2023 07:00;0,7
30.01.2023 08:00;0,467
30.01.2023 09:00;0,429
30.01.2023 10:00;0,409
30.01.2023 11:00;0,496
30.01.2023 12:00;0,399
30.01.2023 13:00;0,555
30.01.2023 14:00;0,491
30.01.2023 15:00;0,521
30.01.2023 16:00;0,511
30.01.2023 17:00;0,909
30.01.2023 18:00;1,313
30.01.2023 19:00;1,861
30.01.2023 20:00;0,725
30.01.2023 21:00;0,698
30.01.2023 22:00;0,616
30.01.2023 23:00;0,573
31.01.2023 00:00;0,59
31.01.2023 01:00;0,572
31.01.2023 02:00;0,525
31.01.2023 03:00;1,158
31.01.2023 04:00;0,602
31.01.2023 05:00;0,882
31.01.2023 06:00;0,648
31.01.2023 07:00;0,684
31.01.2023 08:00;0,505
31.01.2023 09:00;0,339
31.01.2023 10:00;0,324
31.01.2023 11:00;0,296
31.01.2023 12:00;0,291
31.01.2023 13:00;0,347
31.01.2023 14:00;0,314
31.01.2023 15:00;0,626
31.01.2023 16:00;1,85
31.01.2023 17:00;0,677
31.01.2023 18:00;0,707
31.01.2023 19:00;1,327
31.01.2023 20:00;0,84
31.01.2023 21:00;0,751
31.01.2023 22:00;0,688
31.01.2023 23:00;0,602
01.02.2023 00:00;0,607
01.02.2023 01:00;0,608
01.02.2023 02:00;0,536
01.02.2023 03:00;0,529
01.02.2023 04:00;0,532
01.02.2023 05:00;0,667
01.02.2023 06:00;0,798
01.02.2023 07:00;0,589
01.02.2023 08:00;0,368
01.02.2023 09:00;0,341
01.02.2023 10:00;0,331
01.02.2023 11:00;0,338
01.02.2023 12:00;0,331
01.02.2023 13:00;0,528
01.02.2023 14:00;0,427
01.02.2023 15:00;0,351
01.02.2023 16:00;0,341
01.02.2023 17:00;0,908
01.02.2023 18:00;1,529
01.02.2023 19:00;1,18
01.02.2023 20:00;0,742
01.02.2023 21:00;0,775
01.02.2023 22:00;0,625
01.02.2023 23:00;0,641
02.02.2023 00:00;0,631
02.02.2023 01:00;0,586
02.02.2023 02:00;0,579
02.02.2023 03:00;1,236
02.02.2023 04:00;0,668
02.02.2023 05:00;0,805
02.02.2023 06:00;0,861
02.02.2023 07:00;0,723
02.02.2023 08:00;0,42
02.02.2023 09:00;0,39
02.02.2023 10:00;0,518
02.02.2023 11:00;0,345
02.02.2023 12:00;0,331
02.02.2023 13:00;0,384
02.02.2023 14:00;0,345
02.02.2023 15:00;0,342
02.02.2023 16:00;0,921
02.02.2023 17:00;0,673
02.02.2023 18:00;1,271
02.02.2023 19:00;1,429
02.02.2023 20:00;0,755
02.02.2023 21:00;0,739
02.02.2023 22:00;0,735
02.02.2023 23:00;0,706
03.02.2023 00:00;0,645
03.02.2023 01:00;0,622
03.02.2023 02:00;0,61
03.02.2023 03:00;1,341
03.02.2023 04:00;0,594
03.02.2023 05:00;0,543
03.02.2023 06:00;0,842
03.02.2023 07:00;0,671
03.02.2023 08:00;0,434
03.02.2023 09:00;0,351
03.02.2023 10:00;0,351
03.02.2023 11:00;0,403
03.02.2023 12:00;0,54
03.02.2023 13:00;0,528
03.02.2023 14:00;0,402
03.02.2023 15:00;0,6
03.02.2023 16:00;0,698
03.02.2023 17:00;0,624
03.02.2023 18:00;1,256
03.02.2023 19:00;1,
03.02.2023 20:00;0,92
03.02.2023 21:00;0,755
03.02.2023 22:00;0,771
03.02.2023 23:00;0,638
04.02.2023 00:00;0,595
04.02.2023 01:00;0,54
04.02.2023 02:00;0,536
04.02.2023 03:00;0,541
04.02.2023 04:00;0,534
04.02.2023 05:00;0,545
04.02.2023 06:00;0,615
04.02.2023 07:00;0,719
04.02.2023 08:00;0,477
04.02.2023 09:00;0,502
04.02.2023 10:00;0,403
04.02.2023 11:00;1,29
04.02.2023 12:00;1,967
04.02.2023 13:00;1,804
04.02.2023 14:00;1,9
04.02.2023 15:00;1,573
04.02.2023 16:00;0,866
04.02.2023 17:00;0,745
04.02.2023 18:00;2,858
04.02.2023 19:00;2,496
04.02.2023 20:00;1,319
04.02.2023 21:00;0,912
04.02.2023 22:00;0,808
04.02.2023 23:00;0,778
05.02.2023 00:00;0,734
05.02.2023 01:00;0,694
05.02.2023 02:00;0,657
05.02.2023 03:00;0,639
05.02.2023 04:00;0,595
05.02.2023 05:00;0,587
05.02.2023 06:00;0,751
05.02.2023 07:00;0,715
05.02.2023 08:00;0,508
05.02.2023 09:00;2,78
05.02.2023 10:00;1,214
05.02.2023 11:00;0,503
05.02.2023 12:00;0,615
05.02.2023 13:00;1,761
05.02.2023 14:00;1,18
05.02.2023 15:00;0,594
05.02.2023 16:00;1,871
05.02.2023 17:00;1,513
05.02.2023 18:00;5,277
05.02.2023 19:00;3,68
05.02.2023 20:00;1,821
05.02.2023 21:00;4,6
05.02.2023 22:00;2,825
05.02.2023 23:00;0,682
06.02.2023 00:00;0,684
06.02.2023 01:00;0,675
06.02.2023 02:00;0,576
06.02.2023 03:00;0,494
06.02.2023 04:00;1,134
06.02.2023 05:00;0,571
06.02.2023 06:00;0,73
06.02.2023 07:00;0,653
06.02.2023 08:00;0,367
06.02.2023 09:00;0,454
06.02.2023 10:00;0,392
06.02.2023 11:00;0,478
06.02.2023 12:00;0,703
06.02.2023 13:00;0,458
06.02.2023 14:00;0,38
06.02.2023 15:00;0,396
06.02.2023 16:00;0,989
06.02.2023 17:00;2,934
06.02.2023 18:00;3,133
06.02.2023 19:00;1,7
06.02.2023 20:00;1,18
06.02.2023 21:00;2,948
06.02.2023 22:00;1,328
06.02.2023 23:00;0,723
07.02.2023 00:00;0,614
07.02.2023 01:00;0,6
07.02.2023 02:00;0,528
07.02.2023 03:00;0,523
07.02.2023 04:00;1,181
07.02.2023 05:00;0,756
07.02.2023 06:00;0,809
07.02.2023 07:00;0,755
07.02.2023 08:00;0,316
07.02.2023 09:00;0,318
07.02.2023 10:00;0,439
07.02.2023 11:00;0,389
07.02.2023 12:00;0,319
07.02.2023 13:00;0,514
07.02.2023 14:00;0,358
07.02.2023 15:00;0,321
07.02.2023 16:00;0,589
07.02.2023 17:00;0,53
07.02.2023 18:00;1,55
07.02.2023 19:00;0,948
07.02.2023 20:00;1,97
07.02.2023 21:00;0,826
07.02.2023 22:00;0,703
07.02.2023 23:00;0,593
08.02.2023 00:00;0,609
08.02.2023 01:00;0,497
08.02.2023 02:00;0,496
08.02.2023 03:00;0,505
08.02.2023 04:00;0,514
08.02.2023 05:00;0,733
08.02.2023 06:00;0,629
08.02.2023 07:00;0,902
08.02.2023 08:00;0,398
08.02.2023 09:00;0,356
08.02.2023 10:00;0,314
08.02.2023 11:00;0,379
08.02.2023 12:00;0,307
08.02.2023 13:00;0,504
08.02.2023 14:00;0,365
08.02.2023 15:00;0,508
08.02.2023 16:00;0,456
08.02.2023 17:00;0,594
08.02.2023 18:00;1,299
08.02.2023 19:00;1,554
08.02.2023 20:00;0,868
08.02.2023 21:00;0,864
08.02.2023 22:00;0,672
08.02.2023 23:00;0,62
09.02.2023 00:00;0,533
09.02.2023 01:00;0,5
09.02.2023 02:00;0,506
09.02.2023 03:00;1,11
09.02.2023 04:00;0,711
09.02.2023 05:00;0,546
09.02.2023 06:00;0,563
09.02.2023 07:00;0,697
09.02.2023 08:00;0,455
09.02.2023 09:00;0,435
09.02.2023 10:00;0,484
09.02.2023 11:00;0,42
09.02.2023 12:00;0,426
09.02.2023 13:00;0,469
09.02.2023 14:00;0,79
09.02.2023 15:00;0,587
09.02.2023 16:00;0,418
09.02.2023 17:00;0,66
09.02.2023 18:00;1,639
09.02.2023 19:00;1,481
09.02.2023 20:00;0,816
09.02.2023 21:00;0,808
09.02.2023 22:00;0,675
09.02.2023 23:00;0,6
10.02.2023 00:00;0,608
10.02.2023 01:00;0,579
10.02.2023 02:00;0,496
10.02.2023 03:00;1,355
10.02.2023 04:00;0,581
10.02.2023 05:00;0,537
10.02.2023 06:00;0,731
10.02.2023 07:00;0,614
10.02.2023 08:00;0,404
10.02.2023 09:00;0,348
10.02.2023 10:00;0,419
10.02.2023 11:00;0,506
10.02.2023 12:00;0,474
10.02.2023 13:00;0,583
10.02.2023 14:00;0,419
10.02.2023 15:00;0,421
10.02.2023 16:00;0,357
10.02.2023 17:00;0,687
10.02.2023 18:00;1,37
10.02.2023 19:00;2,298
10.02.2023 20:00;0,812
10.02.2023 21:00;1,43
10.02.2023 22:00;0,859
10.02.2023 23:00;0,792
11.02.2023 00:00;0,733
11.02.2023 01:00;0,639
11.02.2023 02:00;0,505
11.02.2023 03:00;0,511
11.02.2023 04:00;0,513
11.02.2023 05:00;0,619
11.02.2023 06:00;0,591
11.02.2023 07:00;0,601
11.02.2023 08:00;0,394
11.02.2023 09:00;0,338
11.02.2023 10:00;0,368
11.02.2023 11:00;0,324
11.02.2023 12:00;2,225
11.02.2023 13:00;2,691
11.02.2023 14:00;1,654
11.02.2023 15:00;0,88
11.02.2023 16:00;0,585
11.02.2023 17:00;1,654
11.02.2023 18:00;2,647
11.02.2023 19:00;0,961
11.02.2023 20:00;0,84
11.02.2023 21:00;0,922
11.02.2023 22:00;0,791
11.02.2023 23:00;0,786
12.02.2023 00:00;0,725
12.02.2023 01:00;0,671
12.02.2023 02:00;0,627
12.02.2023 03:00;0,601
12.02.2023 04:00;0,56
12.02.2023 05:00;0,56
12.02.2023 06:00;0,664
12.02.2023 07:00;0,46
12.02.2023 08:00;1,868
12.02.2023 09:00;0,697
12.02.2023 10:00;0,369
12.02.2023 11:00;0,583
12.02.2023 12:00;3,749
12.02.2023 13:00;2,944
12.02.2023 14:00;1,542
12.02.2023 15:00;0,556
12.02.2023 16:00;2,225
12.02.2023 17:00;0,791
12.02.2023 18:00;4,465
12.02.2023 19:00;4,277
12.02.2023 20:00;4,72
12.02.2023 21:00;0,783
12.02.2023 22:00;0,668
12.02.2023 23:00;0,633
13.02.2023 00:00;0,586
13.02.2023 01:00;0,603
13.02.2023 02:00;0,547
13.02.2023 03:00;0,498
13.02.2023 04:00;0,506
13.02.2023 05:00;0,689
13.02.2023 06:00;0,668
13.02.2023 07:00;0,838
13.02.2023 08:00;0,312
13.02.2023 09:00;0,3
13.02.2023 10:00;0,309
13.02.2023 11:00;0,412
13.02.2023 12:00;0,432
13.02.2023 13:00;0,512
13.02.2023 14:00;0,349
13.02.2023 15:00;0,345
13.02.2023 16:00;0,7
13.02.2023 17:00;0,478
13.02.2023 18:00;1,289
13.02.2023 19:00;0,585
13.02.2023 20:00;0,937
13.02.2023 21:00;0,783
13.02.2023 22:00;0,715
13.02.2023 23:00;0,666
14.02.2023 00:00;0,6
14.02.2023 01:00;0,532
14.02.2023 02:00;0,509
14.02.2023 03:00;0,509
14.02.2023 04:00;1,141
14.02.2023 05:00;0,72
14.02.2023 06:00;0,831
14.02.2023 07:00;0,428
14.02.2023 08:00;0,366
14.02.2023 09:00;0,379
14.02.2023 10:00;0,351
14.02.2023 11:00;0,275
14.02.2023 12:00;0,283
14.02.2023 13:00;0,377
14.02.2023 14:00;0,666
14.02.2023 15:00;0,364
14.02.2023 16:00;1,43
14.02.2023 17:00;0,527
14.02.2023 18:00;1,194
14.02.2023 19:00;1,273
14.02.2023 20:00;0,723
14.02.2023 21:00;0,798
14.02.2023 22:00;0,697
14.02.2023 23:00;0,559
15.02.2023 00:00;0,521
15.02.2023 01:00;0,502
15.02.2023 02:00;0,522
15.02.2023 03:00;0,525
15.02.2023 04:00;0,519
15.02.2023 05:00;0,756
15.02.2023 06:00;0,698
15.02.2023 07:00;0,584
15.02.2023 08:00;0,339
15.02.2023 09:00;0,335
15.02.2023 10:00;0,808
15.02.2023 11:00;0,421
15.02.2023 12:00;0,343
15.02.2023 13:00;0,393
15.02.2023 14:00;0,365
15.02.2023 15:00;0,372
15.02.2023 16:00;0,456
15.02.2023 17:00;1,18
15.02.2023 18:00;1,71
15.02.2023 19:00;0,997
15.02.2023 20:00;0,788
15.02.2023 21:00;0,821
15.02.2023 22:00;0,656
15.02.2023 23:00;0,61
16.02.2023 00:00;0,584
16.02.2023 01:00;0,586
16.02.2023 02:00;0,576
16.02.2023 03:00;0,53
16.02.2023 04:00;1,266
16.02.2023 05:00;0,719
16.02.2023 06:00;0,742
16.02.2023 07:00;0,478
16.02.2023 08:00;0,398
16.02.2023 09:00;0,363
16.02.2023 10:00;0,496
16.02.2023 11:00;0,337
16.02.2023 12:00;0,321
16.02.2023 13:00;0,419
16.02.2023 14:00;0,316
16.02.2023 15:00;0,321
16.02.2023 16:00;0,318
16.02.2023 17:00;0,46
16.02.2023 18:00;1,616
16.02.2023 19:00;1,255
16.02.2023 20:00;1,47
16.02.2023 21:00;0,88
16.02.2023 22:00;0,671
16.02.2023 23:00;0,587
17.02.2023 00:00;0,596
17.02.2023 01:00;0,585
17.02.2023 02:00;1,209
17.02.2023 03:00;0,604
17.02.2023 04:00;0,543
17.02.2023 05:00;0,521
17.02.2023 06:00;0,803
17.02.2023 07:00;0,85
17.02.2023 08:00;0,478
17.02.2023 09:00;0,464
17.02.2023 10:00;0,368
17.02.2023 11:00;0,477
17.02.2023 12:00;0,487
17.02.2023 13:00;2,141
17.02.2023 14:00;2,912
17.02.2023 15:00;1,485
17.02.2023 16:00;1,295
17.02.2023 17:00;0,597
17.02.2023 18:00;1,274
17.02.2023 19:00;1,662
17.02.2023 20:00;0,773
17.02.2023 21:00;0,756
17.02.2023 22:00;0,79
17.02.2023 23:00;0,682
18.02.2023 00:00;0,645
18.02.2023 01:00;0,619
18.02.2023 02:00;0,607
18.02.2023 03:00;0,591
18.02.2023 04:00;0,507
18.02.2023 05:00;0,521
18.02.2023 06:00;0,697
18.02.2023 07:00;0,572
18.02.2023 08:00;0,361
18.02.2023 09:00;0,345
18.02.2023 10:00;1,452
18.02.2023 11:00;0,598
18.02.2023 12:00;0,564
18.02.2023 13:00;0,504
18.02.2023 14:00;0,53
18.02.2023 15:00;0,521
18.02.2023 16:00;2,741
18.02.2023 17:00;3,538
18.02.2023 18:00;1,239
18.02.2023 19:00;2,468
18.02.2023 20:00;3,6
18.02.2023 21:00;1,794
18.02.2023 22:00;0,88
18.02.2023 23:00;0,641
19.02.2023 00:00;0,573
19.02.2023 01:00;0,518
19.02.2023 02:00;0,504
19.02.2023 03:00;0,52
19.02.2023 04:00;0,622
19.02.2023 05:00;0,522
19.02.2023 06:00;0,699
19.02.2023 07:00;0,424
19.02.2023 08:00;0,457
19.02.2023 09:00;1,623
19.02.2023 10:00;0,991
19.02.2023 11:00;0,512
19.02.2023 12:00;0,722
19.02.2023 13:00;0,747
19.02.2023 14:00;1,176
19.02.2023 15:00;0,494
19.02.2023 16:00;2,71
19.02.2023 17:00;1,25
19.02.2023 18:00;5,417
19.02.2023 19:00;4,125
19.02.2023 20:00;4,137
19.02.2023 21:00;0,857
19.02.2023 22:00;0,682
19.02.2023 23:00;0,614
20.02.2023 00:00;0,547
20.02.2023 01:00;0,571
20.02.2023 02:00;0,495
20.02.2023 03:00;0,514
20.02.2023 04:00;1,195
20.02.2023 05:00;0,611
20.02.2023 06:00;0,756
20.02.2023 07:00;0,507
20.02.2023 08:00;0,468
20.02.2023 09:00;0,481
20.02.2023 10:00;0,468
20.02.2023 11:00;0,412
20.02.2023 12:00;0,548
20.02.2023 13:00;0,634
20.02.2023 14:00;0,444
20.02.2023 15:00;0,456
20.02.2023 16:00;0,778
20.02.2023 17:00;0,554
20.02.2023 18:00;1,833
20.02.2023 19:00;1,743
20.02.2023 20:00;2,246
20.02.2023 21:00;3,363
20.02.2023 22:00;1,707
20.02.2023 23:00;0,858
21.02.2023 00:00;0,571
21.02.2023 01:00;0,528
21.02.2023 02:00;0,523
21.02.2023 03:00;0,519
21.02.2023 04:00;1,228
21.02.2023 05:00;0,584
21.02.2023 06:00;0,86
21.02.2023 07:00;0,442
21.02.2023 08:00;0,434
21.02.2023 09:00;0,414
21.02.2023 10:00;0,517
21.02.2023 11:00;0,456
21.02.2023 12:00;0,609
21.02.2023 13:00;0,747
21.02.2023 14:00;0,498
21.02.2023 15:00;0,752
21.02.2023 16:00;0,81
21.02.2023 17:00;0,789
21.02.2023 18:00;1,354
21.02.2023 19:00;1,201
21.02.2023 20:00;0,858
21.02.2023 21:00;0,805
21.02.2023 22:00;0,747
21.02.2023 23:00;0,676
22.02.2023 00:00;0,619
22.02.2023 01:00;0,599
22.02.2023 02:00;0,534
22.02.2023 03:00;0,531
22.02.2023 04:00;0,554
22.02.2023 05:00;0,544
22.02.2023 06:00;0,763
22.02.2023 07:00;0,498
22.02.2023 08:00;0,394
22.02.2023 09:00;0,387
22.02.2023 10:00;0,594
22.02.2023 11:00;0,481
22.02.2023 12:00;0,587
22.02.2023 13:00;0,665
22.02.2023 14:00;0,471
22.02.2023 15:00;0,496
22.02.2023 16:00;1,144
22.02.2023 17:00;0,946
22.02.2023 18:00;0,819
22.02.2023 19:00;0,813
22.02.2023 20:00;1,756
22.02.2023 21:00;2,34
22.02.2023 22:00;1,14
22.02.2023 23:00;0,705
23.02.2023 00:00;0,667
23.02.2023 01:00;0,642
23.02.2023 02:00;0,556
23.02.2023 03:00;0,554
23.02.2023 04:00;0,555
23.02.2023 05:00;0,547
23.02.2023 06:00;0,777
23.02.2023 07:00;0,49
23.02.2023 08:00;0,479
23.02.2023 09:00;0,405
23.02.2023 10:00;0,542
23.02.2023 11:00;1,289
23.02.2023 12:00;0,834
23.02.2023 13:00;0,538
23.02.2023 14:00;0,391
23.02.2023 15:00;0,385
23.02.2023 16:00;1,164
23.02.2023 17:00;0,607
23.02.2023 18:00;2,578
23.02.2023 19:00;1,654
23.02.2023 20:00;2,47
23.02.2023 21:00;1,272
23.02.2023 22:00;0,811
23.02.2023 23:00;0,7
24.02.2023 00:00;0,574
24.02.2023 01:00;0,529
24.02.2023 02:00;0,551
24.02.2023 03:00;0,531
24.02.2023 04:00;0,518
24.02.2023 05:00;1,117
24.02.2023 06:00;0,569
24.02.2023 07:00;0,501
24.02.2023 08:00;0,717
24.02.2023 09:00;0,395
24.02.2023 10:00;0,549
24.02.2023 11:00;0,465
24.02.2023 12:00;0,999
24.02.2023 13:00;1,693
24.02.2023 14:00;1,326
24.02.2023 15:00;1,243
24.02.2023 16:00;1,898
24.02.2023 17:00;4,55
24.02.2023 18:00;1,877
24.02.2023 19:00;1,54
24.02.2023 20:00;0,892
24.02.2023 21:00;0,816
24.02.2023 22:00;0,845
24.02.2023 23:00;0,7
25.02.2023 00:00;0,593
25.02.2023 01:00;2,754
25.02.2023 02:00;2,108
25.02.2023 03:00;1,239
25.02.2023 04:00;0,537
25.02.2023 05:00;0,513
25.02.2023 06:00;0,642
25.02.2023 07:00;0,513
25.02.2023 08:00;0,388
25.02.2023 09:00;0,607
25.02.2023 10:00;1,557
25.02.2023 11:00;0,58
25.02.2023 12:00;0,635
25.02.2023 13:00;1,885
25.02.2023 14:00;0,847
25.02.2023 15:00;0,66
25.02.2023 16:00;0,498
25.02.2023 17:00;1,273
25.02.2023 18:00;2,593
25.02.2023 19:00;1,139
25.02.2023 20:00;0,893
25.02.2023 21:00;0,896
25.02.2023 22:00;0,775
25.02.2023 23:00;0,685
26.02.2023 00:00;0,675
26.02.2023 01:00;0,686
26.02.2023 02:00;0,62
26.02.2023 03:00;0,538
26.02.2023 04:00;0,533
26.02.2023 05:00;0,54
26.02.2023 06:00;0,678
26.02.2023 07:00;0,372
26.02.2023 08:00;0,446
26.02.2023 09:00;1,444
26.02.2023 10:00;1,334
26.02.2023 11:00;0,825
26.02.2023 12:00;1,314
26.02.2023 13:00;2,495
26.02.2023 14:00;1,804
26.02.2023 15:00;0,659
26.02.2023 16:00;2,65
26.02.2023 17:00;1,229
26.02.2023 18:00;5,76
26.02.2023 19:00;4,126
26.02.2023 20:00;2,389
26.02.2023 21:00;1,197
26.02.2023 22:00;0,638
26.02.2023 23:00;0,657
27.02.2023 00:00;0,607
27.02.2023 01:00;0,592
27.02.2023 02:00;0,554
27.02.2023 03:00;0,693
27.02.2023 04:00;1,187
27.02.2023 05:00;0,614
27.02.2023 06:00;0,753
27.02.2023 07:00;0,484
27.02.2023 08:00;0,463
27.02.2023 09:00;0,453
27.02.2023 10:00;0,416
27.02.2023 11:00;0,436
27.02.2023 12:00;1,639
27.02.2023 13:00;1,94
27.02.2023 14:00;0,516
27.02.2023 15:00;0,533
27.02.2023 16:00;0,471
27.02.2023 17:00;0,881
27.02.2023 18:00;1,819
27.02.2023 19:00;0,763
27.02.2023 20:00;0,905
27.02.2023 21:00;2,499
27.02.2023 22:00;0,891
27.02.2023 23:00;0,592
28.02.2023 00:00;0,564
28.02.2023 01:00;0,592
28.02.2023 02:00;0,561
28.02.2023 03:00;0,493
28.02.2023 04:00;1,14
28.02.2023 05:00;0,59
28.02.2023 06:00;0,822
28.02.2023 07:00;0,597
28.02.2023 08:00;0,321
28.02.2023 09:00;0,319
28.02.2023 10:00;0,325
28.02.2023 11:00;0,399
28.02.2023 12:00;0,302
28.02.2023 13:00;0,456
28.02.2023 14:00;0,305
28.02.2023 15:00;0,336
28.02.2023 16:00;0,322
28.02.2023 17:00;0,578
28.02.2023 18:00;0,998
28.02.2023 19:00;1,178
28.02.2023 20:00;0,853
28.02.2023 21:00;0,743
28.02.2023 22:00;0,662
28.02.2023 23:00;0,676
01.03.2023 00:00;0,646
01.03.2023 01:00;0,627
01.03.2023 02:00;0,626
01.03.2023 03:00;0,913
01.03.2023 04:00;0,981
01.03.2023 05:00;0,603
01.03.2023 06:00;0,822
01.03.2023 07:00;0,514
01.03.2023 08:00;0,33
01.03.2023 09:00;0,314
01.03.2023 10:00;0,301
01.03.2023 11:00;0,372
01.03.2023 12:00;0,345
01.03.2023 13:00;0,488
01.03.2023 14:00;0,35
01.03.2023 15:00;0,38
01.03.2023 16:00;0,351
01.03.2023 17:00;0,408
01.03.2023 18:00;1,468
01.03.2023 19:00;0,503
01.03.2023 20:00;1,663
01.03.2023 21:00;2,606
01.03.2023 22:00;2,431
01.03.2023 23:00;1,99
02.03.2023 00:00;0,557
02.03.2023 01:00;0,545
02.03.2023 02:00;0,57
02.03.2023 03:00;0,501
02.03.2023 04:00;0,508
02.03.2023 05:00;0,658
02.03.2023 06:00;0,827
02.03.2023 07:00;0,367
02.03.2023 08:00;0,504
02.03.2023 09:00;0,319
02.03.2023 10:00;0,303
02.03.2023 11:00;0,294
02.03.2023 12:00;0,293
02.03.2023 13:00;0,454
02.03.2023 14:00;0,288
02.03.2023 15:00;0,311
02.03.2023 16:00;0,308
02.03.2023 17:00;0,652
02.03.2023 18:00;1,407
02.03.2023 19:00;1,178
02.03.2023 20:00;2,459
02.03.2023 21:00;1,4
02.03.2023 22:00;0,688
02.03.2023 23:00;0,586
03.03.2023 00:00;0,588
03.03.2023 01:00;0,544
03.03.2023 02:00;0,505
03.03.2023 03:00;0,52
03.03.2023 04:00;1,283
03.03.2023 05:00;0,613
03.03.2023 06:00;0,861
03.03.2023 07:00;0,404
03.03.2023 08:00;0,315
03.03.2023 09:00;0,312
03.03.2023 10:00;0,301
03.03.2023 11:00;0,295
03.03.2023 12:00;0,3
03.03.2023 13:00;0,389
03.03.2023 14:00;0,3
03.03.2023 15:00;0,289
03.03.2023 16:00;0,298
03.03.2023 17:00;0,435
03.03.2023 18:00;1,274
03.03.2023 19:00;0,935
03.03.2023 20:00;0,922
03.03.2023 21:00;0,804
03.03.2023 22:00;0,693
03.03.2023 23:00;0,648
04.03.2023 00:00;0,627
04.03.2023 01:00;0,613
04.03.2023 02:00;0,596
04.03.2023 03:00;0,55
04.03.2023 04:00;0,512
04.03.2023 05:00;0,508
04.03.2023 06:00;0,465
04.03.2023 07:00;0,456
04.03.2023 08:00;0,357
04.03.2023 09:00;0,392
04.03.2023 10:00;1,305
04.03.2023 11:00;0,685
04.03.2023 12:00;0,52
04.03.2023 13:00;0,642
04.03.2023 14:00;0,603
04.03.2023 15:00;0,539
04.03.2023 16:00;1,846
04.03.2023 17:00;3,877
04.03.2023 18:00;1,844
04.03.2023 19:00;1,449
04.03.2023 20:00;0,868
04.03.2023 21:00;0,793
04.03.2023 22:00;0,795
04.03.2023 23:00;0,643
05.03.2023 00:00;0,565
05.03.2023 01:00;0,648
05.03.2023 02:00;0,606
05.03.2023 03:00;0,712
05.03.2023 04:00;0,586
05.03.2023 05:00;0,529
05.03.2023 06:00;0,637
05.03.2023 07:00;0,63
05.03.2023 08:00;1,518
05.03.2023 09:00;1,49
05.03.2023 10:00;1,46
05.03.2023 11:00;3,397
05.03.2023 12:00;1,594
05.03.2023 13:00;0,672
05.03.2023 14:00;2,83
05.03.2023 15:00;0,711
05.03.2023 16:00;2,693
05.03.2023 17:00;4,155
05.03.2023 18:00;5,71
05.03.2023 19:00;3,379
05.03.2023 20:00;3,194
05.03.2023 21:00;0,699
05.03.2023 22:00;0,65
05.03.2023 23:00;0,626
06.03.2023 00:00;0,586
06.03.2023 01:00;0,682
06.03.2023 02:00;0,646
06.03.2023 03:00;0,905
06.03.2023 04:00;0,904
06.03.2023 05:00;0,563
06.03.2023 06:00;0,693
06.03.2023 07:00;1,113
06.03.2023 08:00;0,548
06.03.2023 09:00;0,52
06.03.2023 10:00;0,505
06.03.2023 11:00;0,487
06.03.2023 12:00;0,769
06.03.2023 13:00;0,997
06.03.2023 14:00;0,382
06.03.2023 15:00;0,375
06.03.2023 16:00;0,723
06.03.2023 17:00;1,811
06.03.2023 18:00;0,845
06.03.2023 19:00;0,7
06.03.2023 20:00;1,125
06.03.2023 21:00;1,847
06.03.2023 22:00;0,811
06.03.2023 23:00;0,707
07.03.2023 00:00;0,636
07.03.2023 01:00;0,627
07.03.2023 02:00;0,633
07.03.2023 03:00;0,636
07.03.2023 04:00;1,217
07.03.2023 05:00;0,622
07.03.2023 06:00;0,805
07.03.2023 07:00;0,523
07.03.2023 08:00;0,365
07.03.2023 09:00;0,367
07.03.2023 10:00;0,35
07.03.2023 11:00;0,338
07.03.2023 12:00;0,329
07.03.2023 13:00;0,549
07.03.2023 14:00;0,486
07.03.2023 15:00;0,466
07.03.2023 16:00;0,361
07.03.2023 17:00;2,324
07.03.2023 18:00;0,904
07.03.2023 19:00;0,706
07.03.2023 20:00;0,883
07.03.2023 21:00;0,812
07.03.2023 22:00;0,671
07.03.2023 23:00;0,615
08.03.2023 00:00;0,604
08.03.2023 01:00;0,576
08.03.2023 02:00;0,604
08.03.2023 03:00;0,674
08.03.2023 04:00;0,66
08.03.2023 05:00;0,576
08.03.2023 06:00;0,814
08.03.2023 07:00;0,479
08.03.2023 08:00;0,358
08.03.2023 09:00;0,351
08.03.2023 10:00;0,349
08.03.2023 11:00;0,336
08.03.2023 12:00;0,335
08.03.2023 13:00;0,362
08.03.2023 14:00;0,322
08.03.2023 15:00;0,329
08.03.2023 16:00;0,33
08.03.2023 17:00;0,495
08.03.2023 18:00;1,64
08.03.2023 19:00;0,855
08.03.2023 20:00;1,436
08.03.2023 21:00;3,118
08.03.2023 22:00;2,295
08.03.2023 23:00;1,198
09.03.2023 00:00;0,593
09.03.2023 01:00;0,917
09.03.2023 02:00;0,616
09.03.2023 03:00;0,623
09.03.2023 04:00;0,702
09.03.2023 05:00;0,801
09.03.2023 06:00;0,658
09.03.2023 07:00;0,538
09.03.2023 08:00;0,432
09.03.2023 09:00;0,466
09.03.2023 10:00;0,587
09.03.2023 11:00;0,428
09.03.2023 12:00;0,442
09.03.2023 13:00;0,769
09.03.2023 14:00;0,593
09.03.2023 15:00;0,416
09.03.2023 16:00;0,428
09.03.2023 17:00;0,456
09.03.2023 18:00;2,622
09.03.2023 19:00;1,539
09.03.2023 20:00;2,88
09.03.2023 21:00;1,7
09.03.2023 22:00;0,778
09.03.2023 23:00;0,739
10.03.2023 00:00;0,701
10.03.2023 01:00;0,686
10.03.2023 02:00;0,614
10.03.2023 03:00;1,374
10.03.2023 04:00;0,642
10.03.2023 05:00;0,649
10.03.2023 06:00;0,796
10.03.2023 07:00;0,486
10.03.2023 08:00;0,501
10.03.2023 09:00;0,516
10.03.2023 10:00;0,41
10.03.2023 11:00;0,424
10.03.2023 12:00;0,418
10.03.2023 13:00;0,701
10.03.2023 14:00;0,371
10.03.2023 15:00;0,393
10.03.2023 16:00;0,333
10.03.2023 17:00;2,744
10.03.2023 18:00;3,17
10.03.2023 19:00;2,66
10.03.2023 20:00;3,163
10.03.2023 21:00;1,974
10.03.2023 22:00;1,32
10.03.2023 23:00;0,788
11.03.2023 00:00;0,775
11.03.2023 01:00;0,661
11.03.2023 02:00;0,648
11.03.2023 03:00;0,595
11.03.2023 04:00;0,599
11.03.2023 05:00;0,588
11.03.2023 06:00;0,481
11.03.2023 07:00;0,533
11.03.2023 08:00;0,556
11.03.2023 09:00;0,611
11.03.2023 10:00;0,666
11.03.2023 11:00;1,237
11.03.2023 12:00;0,777
11.03.2023 13:00;1,114
11.03.2023 14:00;1,293
11.03.2023 15:00;1,9
11.03.2023 16:00;0,504
11.03.2023 17:00;2,571
11.03.2023 18:00;2,341
11.03.2023 19:00;1,408
11.03.2023 20:00;0,989
11.03.2023 21:00;1,4
11.03.2023 22:00;0,857
11.03.2023 23:00;0,759
12.03.2023 00:00;0,645
12.03.2023 01:00;0,62
12.03.2023 02:00;0,608
12.03.2023 03:00;0,606
12.03.2023 04:00;0,541
12.03.2023 05:00;0,553
12.03.2023 06:00;0,602
12.03.2023 07:00;0,507
12.03.2023 08:00;0,418
12.03.2023 09:00;1,229
12.03.2023 10:00;1,364
12.03.2023 11:00;0,416
12.03.2023 12:00;0,533
12.03.2023 13:00;0,696
12.03.2023 14:00;2,77
12.03.2023 15:00;1,227
12.03.2023 16:00;0,753
12.03.2023 17:00;2,247
12.03.2023 18:00;5,469
12.03.2023 19:00;3,707
12.03.2023 20:00;3,677
12.03.2023 21:00;2,67
12.03.2023 22:00;0,721
12.03.2023 23:00;0,68
13.03.2023 00:00;0,679
13.03.2023 01:00;0,578
13.03.2023 02:00;0,601
13.03.2023 03:00;0,854
13.03.2023 04:00;1,32
13.03.2023 05:00;0,72
13.03.2023 06:00;0,525
13.03.2023 07:00;0,505
13.03.2023 08:00;0,435
13.03.2023 09:00;0,369
13.03.2023 10:00;0,385
13.03.2023 11:00;0,32
13.03.2023 12:00;0,299
13.03.2023 13:00;0,69
13.03.2023 14:00;0,348
13.03.2023 15:00;0,335
13.03.2023 16:00;0,36
13.03.2023 17:00;0,376
13.03.2023 18:00;1,153
13.03.2023 19:00;1,697
13.03.2023 20:00;1,702
13.03.2023 21:00;2,683
13.03.2023 22:00;1,415
13.03.2023 23:00;0,556
14.03.2023 00:00;0,522
14.03.2023 01:00;0,517
14.03.2023 02:00;0,526
14.03.2023 03:00;0,517
14.03.2023 04:00;1,286
14.03.2023 05:00;0,754
14.03.2023 06:00;0,699
14.03.2023 07:00;0,513
14.03.2023 08:00;0,333
14.03.2023 09:00;0,375
14.03.2023 10:00;0,467
14.03.2023 11:00;0,4
14.03.2023 12:00;0,358
14.03.2023 13:00;0,46
14.03.2023 14:00;0,352
14.03.2023 15:00;0,364
14.03.2023 16:00;0,361
14.03.2023 17:00;0,389
14.03.2023 18:00;0,682
14.03.2023 19:00;1,686
14.03.2023 20:00;1,48
14.03.2023 21:00;0,712
14.03.2023 22:00;0,648
14.03.2023 23:00;0,534
15.03.2023 00:00;0,49
15.03.2023 01:00;0,49
15.03.2023 02:00;0,491
15.03.2023 03:00;0,488
15.03.2023 04:00;0,491
15.03.2023 05:00;0,497
15.03.2023 06:00;0,727
15.03.2023 07:00;0,423
15.03.2023 08:00;0,395
15.03.2023 09:00;0,331
15.03.2023 10:00;0,305
15.03.2023 11:00;0,456
15.03.2023 12:00;0,399
15.03.2023 13:00;0,458
15.03.2023 14:00;0,324
15.03.2023 15:00;0,306
15.03.2023 16:00;0,347
15.03.2023 17:00;0,328
15.03.2023 18:00;1,787
15.03.2023 19:00;0,892
15.03.2023 20:00;0,781
15.03.2023 21:00;0,728
15.03.2023 22:00;0,675
15.03.2023 23:00;0,63
16.03.2023 00:00;0,59
16.03.2023 01:00;0,616
16.03.2023 02:00;0,604
16.03.2023 03:00;0,532
16.03.2023 04:00;0,55
16.03.2023 05:00;0,559
16.03.2023 06:00;0,788
16.03.2023 07:00;0,413
16.03.2023 08:00;0,441
16.03.2023 09:00;0,357
16.03.2023 10:00;0,479
16.03.2023 11:00;0,359
16.03.2023 12:00;0,307
16.03.2023 13:00;0,36
16.03.2023 14:00;0,305
16.03.2023 15:00;0,303
16.03.2023 16:00;0,346
16.03.2023 17:00;0,347
16.03.2023 18:00;1,194
16.03.2023 19:00;0,81
16.03.2023 20:00;0,705
16.03.2023 21:00;0,727
16.03.2023 22:00;0,677
16.03.2023 23:00;0,646
17.03.2023 00:00;0,608
17.03.2023 01:00;0,62
17.03.2023 02:00;0,632
17.03.2023 03:00;0,552
17.03.2023 04:00;0,555
17.03.2023 05:00;0,625
17.03.2023 06:00;0,679
17.03.2023 07:00;0,349
17.03.2023 08:00;0,34
17.03.2023 09:00;0,312
17.03.2023 10:00;0,296
17.03.2023 11:00;0,288
17.03.2023 12:00;0,284
17.03.2023 13:00;0,376
17.03.2023 14:00;0,287
17.03.2023 15:00;0,32
17.03.2023 16:00;0,388
17.03.2023 17:00;0,421
17.03.2023 18:00;1,133
17.03.2023 19:00;1,22
17.03.2023 20:00;0,999
17.03.2023 21:00;0,98
17.03.2023 22:00;0,778
17.03.2023 23:00;0,689
18.03.2023 00:00;0,634
18.03.2023 01:00;0,632
18.03.2023 02:00;0,641
18.03.2023 03:00;0,656
18.03.2023 04:00;1,316
18.03.2023 05:00;0,652
18.03.2023 06:00;0,454
18.03.2023 07:00;0,445
18.03.2023 08:00;0,404
18.03.2023 09:00;0,342
18.03.2023 10:00;1,376
18.03.2023 11:00;0,41
18.03.2023 12:00;0,434
18.03.2023 13:00;0,836
18.03.2023 14:00;0,453
18.03.2023 15:00;1,39
18.03.2023 16:00;2,73
18.03.2023 17:00;4,22
18.03.2023 18:00;1,777
18.03.2023 19:00;1,597
18.03.2023 20:00;0,865
18.03.2023 21:00;0,917
18.03.2023 22:00;0,785
18.03.2023 23:00;0,784
19.03.2023 00:00;0,725
19.03.2023 01:00;0,679
19.03.2023 02:00;0,63
19.03.2023 03:00;0,566
19.03.2023 04:00;0,52
19.03.2023 05:00;0,528
19.03.2023 06:00;0,573
19.03.2023 07:00;0,409
19.03.2023 08:00;0,309
19.03.2023 09:00;1,287
19.03.2023 10:00;0,612
19.03.2023 11:00;1,541
19.03.2023 12:00;1,285
19.03.2023 13:00;0,532
19.03.2023 14:00;0,632
19.03.2023 15:00;0,589
19.03.2023 16:00;2,517
19.03.2023 17:00;0,89
19.03.2023 18:00;4,453
19.03.2023 19:00;4,292
19.03.2023 20:00;2,917
19.03.2023 21:00;1,562
19.03.2023 22:00;0,825
19.03.2023 23:00;0,708
20.03.2023 00:00;0,61
20.03.2023 01:00;0,564
20.03.2023 02:00;0,551
20.03.2023 03:00;0,581
20.03.2023 04:00;0,561
20.03.2023 05:00;0,502
20.03.2023 06:00;0,659
20.03.2023 07:00;0,527
20.03.2023 08:00;0,304
20.03.2023 09:00;0,304
20.03.2023 10:00;0,301
20.03.2023 11:00;0,3
20.03.2023 12:00;0,284
20.03.2023 13:00;0,345
20.03.2023 14:00;0,285
20.03.2023 15:00;0,314
20.03.2023 16:00;1,164
20.03.2023 17:00;0,385
20.03.2023 18:00;1,9
20.03.2023 19:00;0,632
20.03.2023 20:00;1,214
20.03.2023 21:00;2,726
20.03.2023 22:00;1,14
20.03.2023 23:00;0,623
21.03.2023 00:00;0,568
21.03.2023 01:00;0,555
21.03.2023 02:00;0,602
21.03.2023 03:00;0,594
21.03.2023 04:00;1,319
21.03.2023 05:00;0,658
21.03.2023 06:00;0,726
21.03.2023 07:00;0,379
21.03.2023 08:00;0,316
21.03.2023 09:00;0,311
21.03.2023 10:00;0,308
21.03.2023 11:00;0,281
21.03.2023 12:00;0,274
21.03.2023 13:00;0,375
21.03.2023 14:00;0,402
21.03.2023 15:00;0,351
21.03.2023 16:00;0,398
21.03.2023 17:00;0,349
21.03.2023 18:00;0,355
21.03.2023 19:00;2,112
21.03.2023 20:00;0,754
21.03.2023 21:00;0,664
21.03.2023 22:00;0,675
21.03.2023 23:00;0,663
22.03.2023 00:00;0,563
22.03.2023 01:00;0,57
22.03.2023 02:00;0,59
22.03.2023 03:00;0,738
22.03.2023 04:00;1,21
22.03.2023 05:00;0,655
22.03.2023 06:00;0,549
22.03.2023 07:00;0,652
22.03.2023 08:00;0,355
22.03.2023 09:00;0,393
22.03.2023 10:00;0,485
22.03.2023 11:00;0,397
22.03.2023 12:00;0,45
22.03.2023 13:00;0,463
22.03.2023 14:00;0,406
22.03.2023 15:00;0,412
22.03.2023 16:00;0,402
22.03.2023 17:00;0,479
22.03.2023 18:00;1,539
22.03.2023 19:00;1,38
22.03.2023 20:00;1,536
22.03.2023 21:00;2,945
22.03.2023 22:00;2,406
22.03.2023 23:00;0,99
23.03.2023 00:00;0,511
23.03.2023 01:00;0,485
23.03.2023 02:00;0,488
23.03.2023 03:00;0,483
23.03.2023 04:00;0,496
23.03.2023 05:00;0,51
23.03.2023 06:00;0,58
23.03.2023 07:00;0,42
23.03.2023 08:00;0,291
23.03.2023 09:00;0,283
23.03.2023 10:00;0,285
23.03.2023 11:00;0,284
23.03.2023 12:00;0,441
23.03.2023 13:00;0,399
23.03.2023 14:00;0,292
23.03.2023 15:00;0,287
23.03.2023 16:00;0,291
23.03.2023 17:00;0,309
23.03.2023 18:00;1,597
23.03.2023 19:00;1,352
23.03.2023 20:00;0,69
23.03.2023 21:00;0,681
23.03.2023 22:00;0,669
23.03.2023 23:00;0,594
24.03.2023 00:00;0,648
24.03.2023 01:00;0,581
24.03.2023 02:00;0,494
24.03.2023 03:00;1,38
24.03.2023 04:00;0,735
24.03.2023 05:00;0,55
24.03.2023 06:00;0,546
24.03.2023 07:00;0,764
24.03.2023 08:00;0,338
24.03.2023 09:00;0,387
24.03.2023 10:00;0,484
24.03.2023 11:00;0,392
24.03.2023 12:00;0,381
24.03.2023 13:00;0,455
24.03.2023 14:00;0,485
24.03.2023 15:00;0,404
24.03.2023 16:00;0,495
24.03.2023 17:00;0,52
24.03.2023 18:00;2,926
24.03.2023 19:00;1,174
24.03.2023 20:00;1,582
24.03.2023 21:00;2,175
24.03.2023 22:00;0,828
24.03.2023 23:00;0,847
25.03.2023 00:00;0,799
25.03.2023 01:00;0,729
25.03.2023 02:00;0,648
25.03.2023 03:00;0,616
25.03.2023 04:00;0,554
25.03.2023 05:00;0,505
25.03.2023 06:00;0,356
25.03.2023 07:00;0,451
25.03.2023 08:00;0,428
25.03.2023 09:00;0,426
25.03.2023 10:00;0,589
25.03.2023 11:00;1,159
25.03.2023 12:00;0,491
25.03.2023 13:00;0,437
25.03.2023 14:00;0,561
25.03.2023 15:00;0,513
25.03.2023 16:00;3,383
25.03.2023 17:00;3,123
25.03.2023 18:00;1,6
25.03.2023 19:00;0,78
25.03.2023 20:00;0,749
25.03.2023 21:00;2,647
25.03.2023 22:00;2,582
25.03.2023 23:00;1,144
26.03.2023 00:00;0,611
26.03.2023 01:00;0,608
26.03.2023 02:00;0,522
26.03.2023 04:00;0,505
26.03.2023 05:00;0,499
26.03.2023 06:00;0,607
26.03.2023 07:00;1,108
26.03.2023 08:00;0,467
26.03.2023 09:00;2,1
26.03.2023 10:00;0,391
26.03.2023 11:00;0,361
26.03.2023 12:00;1,693
26.03.2023 13:00;2,493
26.03.2023 14:00;2,539
26.03.2023 15:00;0,668
26.03.2023 16:00;3,4
26.03.2023 17:00;0,828
26.03.2023 18:00;4,938
26.03.2023 19:00;3,569
26.03.2023 20:00;2,896
26.03.2023 21:00;1,811
26.03.2023 22:00;0,669
26.03.2023 23:00;0,628
27.03.2023 00:00;0,637
27.03.2023 01:00;0,553
27.03.2023 02:00;0,555
27.03.2023 03:00;0,569
27.03.2023 04:00;0,549
27.03.2023 05:00;0,527
27.03.2023 06:00;0,637
27.03.2023 07:00;0,566
27.03.2023 08:00;0,6
27.03.2023 09:00;0,481
27.03.2023 10:00;0,353
27.03.2023 11:00;1,58
27.03.2023 12:00;0,579
27.03.2023 13:00;0,554
27.03.2023 14:00;0,912
27.03.2023 15:00;1,93
27.03.2023 16:00;2,584
27.03.2023 17:00;3,15
27.03.2023 18:00;1,107
27.03.2023 19:00;0,44
27.03.2023 20:00;1,26
27.03.2023 21:00;2,57
27.03.2023 22:00;1,36
27.03.2023 23:00;0,667
28.03.2023 00:00;0,593
28.03.2023 01:00;0,576
28.03.2023 02:00;0,574
28.03.2023 03:00;0,556
28.03.2023 04:00;1,333
28.03.2023 05:00;0,607
28.03.2023 06:00;0,647
28.03.2023 07:00;1,26
28.03.2023 08:00;0,421
28.03.2023 09:00;0,497
28.03.2023 10:00;0,331
28.03.2023 11:00;0,409
28.03.2023 12:00;2,366
28.03.2023 13:00;1,43
28.03.2023 14:00;2,755
28.03.2023 15:00;1,348
28.03.2023 16:00;2,401
28.03.2023 17:00;1,428
28.03.2023 18:00;0,621
28.03.2023 19:00;0,47
28.03.2023 20:00;1,296
28.03.2023 21:00;0,826
28.03.2023 22:00;0,74
28.03.2023 23:00;0,728
29.03.2023 00:00;0,641
29.03.2023 01:00;0,543
29.03.2023 02:00;0,529
29.03.2023 03:00;0,532
29.03.2023 04:00;0,529
29.03.2023 05:00;0,526
29.03.2023 06:00;0,669
29.03.2023 07:00;0,443
29.03.2023 08:00;0,382
29.03.2023 09:00;0,537
29.03.2023 10:00;0,885
29.03.2023 11:00;0,445
29.03.2023 12:00;0,414
29.03.2023 13:00;0,399
29.03.2023 14:00;0,487
29.03.2023 15:00;0,418
29.03.2023 16:00;1,119
29.03.2023 17:00;0,766
29.03.2023 18:00;1,75
29.03.2023 19:00;0,837
29.03.2023 20:00;0,671
29.03.2023 21:00;0,837
29.03.2023 22:00;0,909
29.03.2023 23:00;0,661
30.03.2023 00:00;0,664
30.03.2023 01:00;2,851
30.03.2023 02:00;2,157
30.03.2023 03:00;1,239
30.03.2023 04:00;0,603
30.03.2023 05:00;0,536
30.03.2023 06:00;0,642
30.03.2023 07:00;1,274
30.03.2023 08:00;0,413
30.03.2023 09:00;0,473
30.03.2023 10:00;0,292
30.03.2023 11:00;0,452
30.03.2023 12:00;0,3
30.03.2023 13:00;1,935
30.03.2023 14:00;2,481
30.03.2023 15:00;1,185
30.03.2023 16:00;0,452
30.03.2023 17:00;3,13
30.03.2023 18:00;3,537
30.03.2023 19:00;1,405
30.03.2023 20:00;0,767
30.03.2023 21:00;0,815
30.03.2023 22:00;0,734
30.03.2023 23:00;0,618
31.03.2023 00:00;0,611
31.03.2023 01:00;0,539
31.03.2023 02:00;0,521
31.03.2023 03:00;0,529
31.03.2023 04:00;0,534
31.03.2023 05:00;1,43
31.03.2023 06:00;0,798
31.03.2023 07:00;0,506
31.03.2023 08:00;0,371
31.03.2023 09:00;0,634
31.03.2023 10:00;0,359
31.03.2023 11:00;0,383
31.03.2023 12:00;0,319
31.03.2023 13:00;0,292
31.03.2023 14:00;1,9
31.03.2023 15:00;1,343
31.03.2023 16:00;0,579
31.03.2023 17:00;0,853
31.03.2023 18:00;0,349
31.03.2023 19:00;0,426
31.03.2023 20:00;0,769
31.03.2023 21:00;0,734
31.03.2023 22:00;0,666
31.03.2023 23:00;0,607
01.04.2023 00:00;0,566
01.04.2023 01:00;0,538
01.04.2023 02:00;0,597
01.04.2023 03:00;0,527
01.04.2023 04:00;0,522
01.04.2023 05:00;1,274
01.04.2023 06:00;0,563
01.04.2023 07:00;0,343
01.04.2023 08:00;0,439
01.04.2023 09:00;0,392
01.04.2023 10:00;1,311
01.04.2023 11:00;0,598
01.04.2023 12:00;1,326
01.04.2023 13:00;0,791
01.04.2023 14:00;0,447
01.04.2023 15:00;0,505
01.04.2023 16:00;2,39
01.04.2023 17:00;2,622
01.04.2023 18:00;1,11
01.04.2023 19:00;0,525
01.04.2023 20:00;0,563
01.04.2023 21:00;0,773
01.04.2023 22:00;0,866
01.04.2023 23:00;2,924
02.04.2023 00:00;2,294
02.04.2023 01:00;0,985
02.04.2023 02:00;0,522
02.04.2023 03:00;0,534
02.04.2023 04:00;0,539
02.04.2023 05:00;0,563
02.04.2023 06:00;0,41
02.04.2023 07:00;0,448
02.04.2023 08:00;0,418
02.04.2023 09:00;1,983
02.04.2023 10:00;1,89
02.04.2023 11:00;1,135
02.04.2023 12:00;0,475
02.04.2023 13:00;0,867
02.04.2023 14:00;2,511
02.04.2023 15:00;0,681
02.04.2023 16:00;0,788
02.04.2023 17:00;1,398
02.04.2023 18:00;4,348
02.04.2023 19:00;4,474
02.04.2023 20:00;3,775
02.04.2023 21:00;1,227
02.04.2023 22:00;0,628
02.04.2023 23:00;0,552
03.04.2023 00:00;0,482
03.04.2023 01:00;0,47
03.04.2023 02:00;0,478
03.04.2023 03:00;0,479
03.04.2023 04:00;0,638
03.04.2023 05:00;1,61
03.04.2023 06:00;0,565
03.04.2023 07:00;0,429
03.04.2023 08:00;0,305
03.04.2023 09:00;0,284
03.04.2023 10:00;0,247
03.04.2023 11:00;1,353
03.04.2023 12:00;0,571
03.04.2023 13:00;0,302
03.04.2023 14:00;2,659
03.04.2023 15:00;2,2
03.04.2023 16:00;1,51
03.04.2023 17:00;0,779
03.04.2023 18:00;0,756
03.04.2023 19:00;0,367
03.04.2023 20:00;0,649
03.04.2023 21:00;0,893
03.04.2023 22:00;0,755
03.04.2023 23:00;0,537
04.04.2023 00:00;0,464
04.04.2023 01:00;0,468
04.04.2023 02:00;0,475
04.04.2023 03:00;0,554
04.04.2023 04:00;0,994
04.04.2023 05:00;0,509
04.04.2023 06:00;0,674
04.04.2023 07:00;0,389
04.04.2023 08:00;0,252
04.04.2023 09:00;0,253
04.04.2023 10:00;0,332
04.04.2023 11:00;0,285
04.04.2023 12:00;0,367
04.04.2023 13:00;0,317
04.04.2023 14:00;0,514
04.04.2023 15:00;0,263
04.04.2023 16:00;0,358
04.04.2023 17:00;0,473
04.04.2023 18:00;1,47
04.04.2023 19:00;0,744
04.04.2023 20:00;0,765
04.04.2023 21:00;2,78
04.04.2023 22:00;2,842
04.04.2023 23:00;1,385
05.04.2023 00:00;0,711
05.04.2023 01:00;0,48
05.04.2023 02:00;0,477
05.04.2023 03:00;0,509
05.04.2023 04:00;0,493
05.04.2023 05:00;0,48
05.04.2023 06:00;0,694
05.04.2023 07:00;0,553
05.04.2023 08:00;0,273
05.04.2023 09:00;0,273
05.04.2023 10:00;0,384
05.04.2023 11:00;0,438
05.04.2023 12:00;0,312
05.04.2023 13:00;0,268
05.04.2023 14:00;0,353
05.04.2023 15:00;0,697
05.04.2023 16:00;0,309
05.04.2023 17:00;0,343
05.04.2023 18:00;0,675
05.04.2023 19:00;0,393
05.04.2023 20:00;0,876
05.04.2023 21:00;0,817
05.04.2023 22:00;0,919
05.04.2023 23:00;0,813
06.04.2023 00:00;0,617
06.04.2023 01:00;0,491
06.04.2023 02:00;0,481
06.04.2023 03:00;0,883
06.04.2023 04:00;0,899
06.04.2023 05:00;0,525
06.04.2023 06:00;0,639
06.04.2023 07:00;0,474
06.04.2023 08:00;0,265
06.04.2023 09:00;0,261
06.04.2023 10:00;0,271
06.04.2023 11:00;0,267
06.04.2023 12:00;0,591
06.04.2023 13:00;0,321
06.04.2023 14:00;0,328
06.04.2023 15:00;0,977
06.04.2023 16:00;0,378
06.04.2023 17:00;0,947
06.04.2023 18:00;0,691
06.04.2023 19:00;0,4
06.04.2023 20:00;0,649
06.04.2023 21:00;0,899
06.04.2023 22:00;0,803
06.04.2023 23:00;0,779
07.04.2023 00:00;0,739
07.04.2023 01:00;0,702
07.04.2023 02:00;0,653
07.04.2023 03:00;0,626
07.04.2023 04:00;0,608
07.04.2023 05:00;0,606
07.04.2023 06:00;0,542
07.04.2023 07:00;0,634
07.04.2023 08:00;0,486
07.04.2023 09:00;1,189
07.04.2023 10:00;0,51
07.04.2023 11:00;0,567
07.04.2023 12:00;2,596
07.04.2023 13:00;2,319
07.04.2023 14:00;1,27
07.04.2023 15:00;0,537
07.04.2023 16:00;0,814
07.04.2023 17:00;1,796
07.04.2023 18:00;1,287
07.04.2023 19:00;0,676
07.04.2023 20:00;0,853
07.04.2023 21:00;1,34
07.04.2023 22:00;0,966
07.04.2023 23:00;0,968
08.04.2023 00:00;0,879
08.04.2023 01:00;0,767
08.04.2023 02:00;0,726
08.04.2023 03:00;0,634
08.04.2023 04:00;0,614
08.04.2023 05:00;0,58
08.04.2023 06:00;0,52
08.04.2023 07:00;0,754
08.04.2023 08:00;0,347
08.04.2023 09:00;0,299
08.04.2023 10:00;1,951
08.04.2023 11:00;0,51
08.04.2023 12:00;0,409
08.04.2023 13:00;0,459
08.04.2023 14:00;0,402
08.04.2023 15:00;0,393
08.04.2023 16:00;2,268
08.04.2023 17:00;2,155
08.04.2023 18:00;2,98
08.04.2023 19:00;0,515
08.04.2023 20:00;0,968
08.04.2023 21:00;2,636
08.04.2023 22:00;1,
08.04.2023 23:00;0,746
09.04.2023 00:00;0,721
09.04.2023 01:00;0,576
09.04.2023 02:00;0,567
09.04.2023 03:00;0,53
09.04.2023 04:00;0,52
09.04.2023 05:00;0,499
09.04.2023 06:00;0,426
09.04.2023 07:00;0,329
09.04.2023 08:00;1,196
09.04.2023 09:00;2,119
09.04.2023 10:00;0,794
09.04.2023 11:00;0,428
09.04.2023 12:00;0,51
09.04.2023 13:00;0,693
09.04.2023 14:00;0,569
09.04.2023 15:00;0,46
09.04.2023 16:00;0,525
09.04.2023 17:00;0,456
09.04.2023 18:00;0,567
09.04.2023 19:00;6,532
09.04.2023 20:00;6,63
09.04.2023 21:00;4,34
09.04.2023 22:00;0,859
09.04.2023 23:00;0,641
10.04.2023 00:00;0,616
10.04.2023 01:00;0,622
10.04.2023 02:00;0,595
10.04.2023 03:00;0,583
10.04.2023 04:00;0,789
10.04.2023 05:00;1,208
10.04.2023 06:00;0,538
10.04.2023 07:00;0,514
10.04.2023 08:00;0,33
10.04.2023 09:00;0,321
10.04.2023 10:00;0,328
10.04.2023 11:00;0,326
10.04.2023 12:00;0,333
10.04.2023 13:00;0,402
10.04.2023 14:00;0,419
10.04.2023 15:00;0,47
10.04.2023 16:00;0,372
10.04.2023 17:00;0,385
10.04.2023 18:00;1,613
10.04.2023 19:00;0,725
10.04.2023 20:00;0,54
10.04.2023 21:00;0,775
10.04.2023 22:00;0,673
10.04.2023 23:00;0,549
11.04.2023 00:00;0,54
11.04.2023 01:00;0,54
11.04.2023 02:00;0,54
11.04.2023 03:00;0,578
11.04.2023 04:00;0,535
11.04.2023 05:00;0,496
11.04.2023 06:00;0,552
11.04.2023 07:00;0,395
11.04.2023 08:00;0,297
11.04.2023 09:00;0,291
11.04.2023 10:00;0,289
11.04.2023 11:00;0,28
11.04.2023 12:00;0,292
11.04.2023 13:00;0,356
11.04.2023 14:00;0,393
11.04.2023 15:00;0,287
11.04.2023 16:00;0,531
11.04.2023 17:00;0,374
11.04.2023 18:00;0,32
11.04.2023 19:00;1,39
11.04.2023 20:00;0,646
11.04.2023 21:00;0,757
11.04.2023 22:00;0,689
11.04.2023 23:00;0,609
12.04.2023 00:00;0,579
12.04.2023 01:00;0,577
12.04.2023 02:00;0,58
12.04.2023 03:00;0,579
12.04.2023 04:00;0,544
12.04.2023 05:00;0,459
12.04.2023 06:00;0,56
12.04.2023 07:00;0,333
12.04.2023 08:00;0,275
12.04.2023 09:00;0,277
12.04.2023 10:00;0,282
12.04.2023 11:00;0,283
12.04.2023 12:00;0,251
12.04.2023 13:00;0,389
12.04.2023 14:00;0,412
12.04.2023 15:00;0,309
12.04.2023 16:00;0,336
12.04.2023 17:00;0,374
12.04.2023 18:00;0,983
12.04.2023 19:00;1,301
12.04.2023 20:00;0,522
12.04.2023 21:00;0,749
12.04.2023 22:00;0,68
12.04.2023 23:00;0,674
13.04.2023 00:00;0,584
13.04.2023 01:00;0,598
13.04.2023 02:00;0,595
13.04.2023 03:00;0,527
13.04.2023 04:00;0,506
13.04.2023 05:00;0,487
13.04.2023 06:00;0,516
13.04.2023 07:00;0,415
13.04.2023 08:00;0,294
13.04.2023 09:00;0,295
13.04.2023 10:00;0,37
13.04.2023 11:00;0,277
13.04.2023 12:00;0,288
13.04.2023 13:00;0,282
13.04.2023 14:00;0,33
13.04.2023 15:00;0,277
13.04.2023 16:00;0,285
13.04.2023 17:00;0,672
13.04.2023 18:00;0,65
13.04.2023 19:00;0,499
13.04.2023 20:00;0,774
13.04.2023 21:00;0,742
13.04.2023 22:00;0,58
13.04.2023 23:00;0,581
14.04.2023 00:00;0,608
14.04.2023 01:00;0,6
14.04.2023 02:00;0,577
14.04.2023 03:00;0,534
14.04.2023 04:00;1,379
14.04.2023 05:00;0,562
14.04.2023 06:00;0,426
14.04.2023 07:00;0,474
14.04.2023 08:00;0,304
14.04.2023 09:00;0,45
14.04.2023 10:00;0,37
14.04.2023 11:00;0,354
14.04.2023 12:00;1,363
14.04.2023 13:00;2,382
14.04.2023 14:00;1,37
14.04.2023 15:00;0,562
14.04.2023 16:00;0,406
14.04.2023 17:00;0,564
14.04.2023 18:00;0,973
14.04.2023 19:00;0,467
14.04.2023 20:00;0,533
14.04.2023 21:00;0,737
14.04.2023 22:00;0,719
14.04.2023 23:00;0,661
15.04.2023 00:00;0,61
15.04.2023 01:00;0,605
15.04.2023 02:00;0,596
15.04.2023 03:00;0,597
15.04.2023 04:00;0,523
15.04.2023 05:00;0,473
15.04.2023 06:00;0,516
15.04.2023 07:00;0,431
15.04.2023 08:00;0,356
15.04.2023 09:00;0,42
15.04.2023 10:00;0,987
15.04.2023 11:00;0,39
15.04.2023 12:00;0,334
15.04.2023 13:00;0,339
15.04.2023 14:00;0,483
15.04.2023 15:00;0,401
15.04.2023 16:00;0,5
15.04.2023 17:00;0,863
15.04.2023 18:00;1,237
15.04.2023 19:00;0,497
15.04.2023 20:00;0,605
15.04.2023 21:00;0,707
15.04.2023 22:00;0,643
15.04.2023 23:00;0,591
16.04.2023 00:00;0,632
16.04.2023 01:00;0,608
16.04.2023 02:00;0,576
16.04.2023 03:00;0,594
16.04.2023 04:00;0,59
16.04.2023 05:00;0,464
16.04.2023 06:00;0,428
16.04.2023 07:00;0,303
16.04.2023 08:00;0,465
16.04.2023 09:00;0,462
16.04.2023 10:00;0,421
16.04.2023 11:00;0,364
16.04.2023 12:00;1,72
16.04.2023 13:00;2,979
16.04.2023 14:00;1,803
16.04.2023 15:00;0,646
16.04.2023 16:00;0,53
16.04.2023 17:00;1,5
16.04.2023 18:00;4,787
16.04.2023 19:00;3,924
16.04.2023 20:00;3,249
16.04.2023 21:00;2,562
16.04.2023 22:00;0,777
16.04.2023 23:00;0,544
17.04.2023 00:00;0,576
17.04.2023 01:00;0,622
17.04.2023 02:00;0,575
17.04.2023 03:00;0,668
17.04.2023 04:00;1,13
17.04.2023 05:00;0,495
17.04.2023 06:00;0,564
17.04.2023 07:00;0,332
17.04.2023 08:00;0,289
17.04.2023 09:00;0,294
17.04.2023 10:00;0,288
17.04.2023 11:00;0,289
17.04.2023 12:00;0,29
17.04.2023 13:00;0,284
17.04.2023 14:00;0,39
17.04.2023 15:00;0,647
17.04.2023 16:00;0,753
17.04.2023 17:00;0,637
17.04.2023 18:00;1,631
17.04.2023 19:00;0,816
17.04.2023 20:00;0,479
17.04.2023 21:00;0,762
17.04.2023 22:00;0,674
17.04.2023 23:00;0,635
18.04.2023 00:00;0,606
18.04.2023 01:00;0,563
18.04.2023 02:00;0,597
18.04.2023 03:00;0,583
18.04.2023 04:00;1,311
18.04.2023 05:00;0,656
18.04.2023 06:00;0,409
18.04.2023 07:00;1,91
18.04.2023 08:00;0,308
18.04.2023 09:00;0,3
18.04.2023 10:00;0,299
18.04.2023 11:00;0,301
18.04.2023 12:00;0,303
18.04.2023 13:00;0,313
18.04.2023 14:00;0,477
18.04.2023 15:00;0,385
18.04.2023 16:00;0,347
18.04.2023 17:00;0,67
18.04.2023 18:00;0,743
18.04.2023 19:00;0,391
18.04.2023 20:00;0,521
18.04.2023 21:00;2,629
18.04.2023 22:00;1,24
18.04.2023 23:00;0,631
19.04.2023 00:00;0,544
19.04.2023 01:00;0,537
19.04.2023 02:00;0,588
19.04.2023 03:00;0,579
19.04.2023 04:00;1,266
19.04.2023 05:00;0,44
19.04.2023 06:00;0,409
19.04.2023 07:00;0,516
19.04.2023 08:00;0,374
19.04.2023 09:00;0,344
19.04.2023 10:00;0,358
19.04.2023 11:00;0,412
19.04.2023 12:00;0,406
19.04.2023 13:00;0,428
19.04.2023 14:00;0,55
19.04.2023 15:00;0,371
19.04.2023 16:00;0,373
19.04.2023 17:00;0,741
19.04.2023 18:00;0,584
19.04.2023 19:00;0,571
19.04.2023 20:00;0,793
19.04.2023 21:00;0,582
19.04.2023 22:00;0,667
19.04.2023 23:00;0,585
20.04.2023 00:00;0,616
20.04.2023 01:00;0,554
20.04.2023 02:00;0,583
20.04.2023 03:00;0,562
20.04.2023 04:00;1,136
20.04.2023 05:00;0,465
20.04.2023 06:00;0,637
20.04.2023 07:00;0,512
20.04.2023 08:00;0,285
20.04.2023 09:00;0,281
20.04.2023 10:00;0,279
20.04.2023 11:00;0,336
20.04.2023 12:00;0,386
20.04.2023 13:00;0,281
20.04.2023 14:00;0,348
20.04.2023 15:00;0,278
20.04.2023 16:00;0,28
20.04.2023 17:00;0,581
20.04.2023 18:00;3,538
20.04.2023 19:00;0,563
20.04.2023 20:00;0,513
20.04.2023 21:00;0,642
20.04.2023 22:00;0,699
20.04.2023 23:00;0,569
21.04.2023 00:00;0,579
21.04.2023 01:00;0,584
21.04.2023 02:00;0,573
21.04.2023 03:00;0,648
21.04.2023 04:00;0,619
21.04.2023 05:00;0,916
21.04.2023 06:00;0,576
21.04.2023 07:00;0,452
21.04.2023 08:00;0,323
21.04.2023 09:00;0,332
21.04.2023 10:00;0,307
21.04.2023 11:00;1,16
21.04.2023 12:00;0,335
21.04.2023 13:00;0,323
21.04.2023 14:00;0,487
21.04.2023 15:00;2,35
21.04.2023 16:00;1,322
21.04.2023 17:00;0,29
21.04.2023 18:00;2,82
21.04.2023 19:00;0,631
21.04.2023 20:00;0,526
21.04.2023 21:00;2,63
21.04.2023 22:00;0,955
21.04.2023 23:00;0,651
22.04.2023 00:00;0,56
22.04.2023 01:00;0,55
22.04.2023 02:00;0,554
22.04.2023 03:00;0,574
22.04.2023 04:00;0,589
22.04.2023 05:00;0,356
22.04.2023 06:00;0,396
22.04.2023 07:00;0,388
22.04.2023 08:00;0,33
22.04.2023 09:00;0,414
22.04.2023 10:00;0,568
22.04.2023 11:00;0,358
22.04.2023 12:00;0,508
22.04.2023 13:00;0,436
22.04.2023 14:00;1,3
22.04.2023 15:00;4,95
22.04.2023 16:00;2,359
22.04.2023 17:00;0,645
22.04.2023 18:00;0,519
22.04.2023 19:00;0,586
22.04.2023 20:00;0,704
22.04.2023 21:00;0,694
22.04.2023 22:00;0,762
22.04.2023 23:00;0,717
23.04.2023 00:00;0,678
23.04.2023 01:00;0,631
23.04.2023 02:00;0,571
23.04.2023 03:00;0,554
23.04.2023 04:00;0,509
23.04.2023 05:00;0,346
23.04.2023 06:00;0,379
23.04.2023 07:00;0,712
23.04.2023 08:00;2,23
23.04.2023 09:00;0,825
23.04.2023 10:00;0,492
23.04.2023 11:00;0,503
23.04.2023 12:00;1,685
23.04.2023 13:00;3,167
23.04.2023 14:00;2,71
23.04.2023 15:00;0,897
23.04.2023 16:00;2,222
23.04.2023 17:00;0,455
23.04.2023 18:00;5,135
23.04.2023 19:00;3,574
23.04.2023 20:00;1,572
23.04.2023 21:00;0,654
23.04.2023 22:00;0,618
23.04.2023 23:00;0,591
24.04.2023 00:00;0,597
24.04.2023 01:00;0,539
24.04.2023 02:00;0,546
24.04.2023 03:00;0,584
24.04.2023 04:00;1,155
24.04.2023 05:00;0,395
24.04.2023 06:00;0,573
24.04.2023 07:00;0,608
24.04.2023 08:00;0,341
24.04.2023 09:00;0,301
24.04.2023 10:00;0,278
24.04.2023 11:00;0,303
24.04.2023 12:00;0,272
24.04.2023 13:00;0,325
24.04.2023 14:00;0,323
24.04.2023 15:00;0,375
24.04.2023 16:00;0,403
24.04.2023 17:00;0,333
24.04.2023 18:00;1,609
24.04.2023 19:00;0,402
24.04.2023 20:00;0,443
24.04.2023 21:00;0,668
24.04.2023 22:00;0,742
24.04.2023 23:00;0,605
25.04.2023 00:00;0,565
25.04.2023 01:00;0,567
25.04.2023 02:00;0,592
25.04.2023 03:00;0,592
25.04.2023 04:00;0,541
25.04.2023 05:00;0,341
25.04.2023 06:00;0,571
25.04.2023 07:00;0,501
25.04.2023 08:00;0,289
25.04.2023 09:00;0,357
25.04.2023 10:00;0,303
25.04.2023 11:00;0,284
25.04.2023 12:00;0,25
25.04.2023 13:00;0,299
25.04.2023 14:00;0,399
25.04.2023 15:00;0,321
25.04.2023 16:00;0,291
25.04.2023 17:00;0,788
25.04.2023 18:00;0,569
25.04.2023 19:00;0,337
25.04.2023 20:00;1,902
25.04.2023 21:00;1,1
25.04.2023 22:00;0,676
25.04.2023 23:00;0,623
26.04.2023 00:00;0,587
26.04.2023 01:00;0,57
26.04.2023 02:00;0,553
26.04.2023 03:00;0,531
26.04.2023 04:00;0,497
26.04.2023 05:00;0,384
26.04.2023 06:00;0,468
26.04.2023 07:00;0,615
26.04.2023 08:00;0,346
26.04.2023 09:00;0,317
26.04.2023 10:00;0,295
26.04.2023 11:00;0,308
26.04.2023 12:00;0,301
26.04.2023 13:00;0,407
26.04.2023 14:00;0,482
26.04.2023 15:00;0,327
26.04.2023 16:00;0,298
26.04.2023 17:00;0,715
26.04.2023 18:00;1,508
26.04.2023 19:00;0,494
26.04.2023 20:00;0,553
26.04.2023 21:00;0,761
26.04.2023 22:00;0,675
26.04.2023 23:00;0,588
27.04.2023 00:00;0,61
27.04.2023 01:00;0,54
27.04.2023 02:00;0,541
27.04.2023 03:00;0,547
27.04.2023 04:00;0,509
27.04.2023 05:00;0,531
27.04.2023 06:00;0,435
27.04.2023 07:00;0,426
27.04.2023 08:00;0,492
27.04.2023 09:00;0,513
27.04.2023 10:00;0,416
27.04.2023 11:00;1,484
27.04.2023 12:00;2,59
27.04.2023 13:00;1,488
27.04.2023 14:00;0,463
27.04.2023 15:00;0,52
27.04.2023 16:00;0,358
27.04.2023 17:00;0,786
27.04.2023 18:00;0,662
27.04.2023 19:00;1,134
27.04.2023 20:00;0,492
27.04.2023 21:00;0,66
27.04.2023 22:00;0,742
27.04.2023 23:00;0,618
28.04.2023 00:00;0,531
28.04.2023 01:00;0,496
28.04.2023 02:00;0,491
28.04.2023 03:00;0,489
28.04.2023 04:00;0,481
28.04.2023 05:00;0,329
28.04.2023 06:00;0,466
28.04.2023 07:00;0,421
28.04.2023 08:00;1,21
28.04.2023 09:00;0,439
28.04.2023 10:00;1,54
28.04.2023 11:00;2,598
28.04.2023 12:00;2,29
28.04.2023 13:00;0,93
28.04.2023 14:00;0,48
28.04.2023 15:00;0,56
28.04.2023 16:00;0,398
28.04.2023 17:00;1,871
28.04.2023 18:00;1,711
28.04.2023 19:00;0,501
28.04.2023 20:00;0,598
28.04.2023 21:00;0,626
28.04.2023 22:00;0,691
28.04.2023 23:00;0,674
29.04.2023 00:00;0,702
29.04.2023 01:00;0,66
29.04.2023 02:00;0,538
29.04.2023 03:00;0,523
29.04.2023 04:00;0,519
29.04.2023 05:00;0,384
29.04.2023 06:00;0,322
29.04.2023 07:00;0,484
29.04.2023 08:00;0,353
29.04.2023 09:00;0,495
29.04.2023 10:00;0,423
29.04.2023 11:00;0,395
29.04.2023 12:00;0,63
29.04.2023 13:00;0,41
29.04.2023 14:00;0,551
29.04.2023 15:00;0,605
29.04.2023 16:00;3,386
29.04.2023 17:00;1,393
29.04.2023 18:00;2,401
29.04.2023 19:00;2,741
29.04.2023 20:00;2,19
29.04.2023 21:00;0,644
29.04.2023 22:00;0,739
29.04.2023 23:00;0,628
30.04.2023 00:00;0,6
30.04.2023 01:00;0,553
30.04.2023 02:00;0,57
30.04.2023 03:00;0,544
30.04.2023 04:00;0,513
30.04.2023 05:00;0,967
30.04.2023 06:00;0,466
30.04.2023 07:00;0,389
30.04.2023 08:00;0,393
30.04.2023 09:00;2,13
30.04.2023 10:00;0,552
30.04.2023 11:00;0,36
30.04.2023 12:00;0,445
30.04.2023 13:00;0,438
30.04.2023 14:00;1,672
30.04.2023 15:00;2,654
30.04.2023 16:00;3,13
30.04.2023 17:00;2,288
30.04.2023 18:00;5,342
30.04.2023 19:00;3,742
30.04.2023 20:00;2,684
30.04.2023 21:00;0,737
30.04.2023 22:00;0,761
30.04.2023 23:00;0,681
01.05.2023 00:00;0,604
01.05.2023 01:00;0,609
01.05.2023 02:00;0,608
01.05.2023 03:00;0,596
01.05.2023 04:00;0,498
01.05.2023 05:00;0,96
01.05.2023 06:00;0,588
01.05.2023 07:00;0,295
01.05.2023 08:00;0,284
01.05.2023 09:00;0,29
01.05.2023 10:00;0,512
01.05.2023 11:00;0,369
01.05.2023 12:00;0,359
01.05.2023 13:00;0,454
01.05.2023 14:00;0,764
01.05.2023 15:00;0,393
01.05.2023 16:00;0,424
01.05.2023 17:00;1,946
01.05.2023 18:00;0,942
01.05.2023 19:00;0,49
01.05.2023 20:00;0,65
01.05.2023 21:00;0,694
01.05.2023 22:00;0,752
01.05.2023 23:00;0,733
02.05.2023 00:00;0,704
02.05.2023 01:00;0,697
02.05.2023 02:00;0,674
02.05.2023 03:00;0,692
02.05.2023 04:00;0,516
02.05.2023 05:00;0,322
02.05.2023 06:00;0,5
02.05.2023 07:00;0,464
02.05.2023 08:00;0,372
02.05.2023 09:00;0,434
02.05.2023 10:00;0,313
02.05.2023 11:00;0,382
02.05.2023 12:00;0,478
02.05.2023 13:00;0,653
02.05.2023 14:00;1,218
02.05.2023 15:00;0,506
02.05.2023 16:00;2,392
02.05.2023 17:00;1,24
02.05.2023 18:00;0,434
02.05.2023 19:00;0,431
02.05.2023 20:00;0,55
02.05.2023 21:00;0,498
02.05.2023 22:00;0,616
02.05.2023 23:00;0,559
03.05.2023 00:00;0,542
03.05.2023 01:00;0,526
03.05.2023 02:00;0,556
03.05.2023 03:00;0,592
03.05.2023 04:00;0,801
03.05.2023 05:00;0,936
03.05.2023 06:00;0,448
03.05.2023 07:00;0,39
03.05.2023 08:00;0,287
03.05.2023 09:00;0,292
03.05.2023 10:00;1,91
03.05.2023 11:00;0,338
03.05.2023 12:00;1,1
03.05.2023 13:00;1,709
03.05.2023 14:00;0,491
03.05.2023 15:00;0,413
03.05.2023 16:00;0,383
03.05.2023 17:00;0,37
03.05.2023 18:00;1,928
03.05.2023 19:00;0,663
03.05.2023 20:00;0,579
03.05.2023 21:00;0,542
03.05.2023 22:00;0,718
03.05.2023 23:00;0,62
04.05.2023 00:00;0,621
04.05.2023 01:00;0,578
04.05.2023 02:00;0,568
04.05.2023 03:00;0,552
04.05.2023 04:00;0,519
04.05.2023 05:00;0,351
04.05.2023 06:00;0,41
04.05.2023 07:00;0,458
04.05.2023 08:00;0,32
04.05.2023 09:00;0,55
04.05.2023 10:00;0,425
04.05.2023 11:00;0,394
04.05.2023 12:00;0,428
04.05.2023 13:00;1,298
04.05.2023 14:00;2,613
04.05.2023 15:00;1,706
04.05.2023 16:00;2,977
04.05.2023 17:00;0,984
04.05.2023 18:00;0,916
04.05.2023 19:00;0,592
04.05.2023 20:00;0,458
04.05.2023 21:00;0,441
04.05.2023 22:00;0,627
04.05.2023 23:00;0,619
05.05.2023 00:00;0,562
05.05.2023 01:00;0,526
05.05.2023 02:00;0,5
05.05.2023 03:00;0,492
05.05.2023 04:00;0,454
05.05.2023 05:00;0,293
05.05.2023 06:00;0,374
05.05.2023 07:00;0,476
05.05.2023 08:00;0,318
05.05.2023 09:00;0,447
05.05.2023 10:00;0,645
05.05.2023 11:00;0,982
05.05.2023 12:00;0,518
05.05.2023 13:00;0,49
05.05.2023 14:00;0,837
05.05.2023 15:00;2,629
05.05.2023 16:00;2,169
05.05.2023 17:00;1,558
05.05.2023 18:00;1,864
05.05.2023 19:00;0,677
05.05.2023 20:00;0,593
05.05.2023 21:00;0,625
05.05.2023 22:00;0,781
05.05.2023 23:00;0,765
06.05.2023 00:00;0,775
06.05.2023 01:00;0,71
06.05.2023 02:00;0,63
06.05.2023 03:00;0,518
06.05.2023 04:00;0,471
06.05.2023 05:00;0,324
06.05.2023 06:00;0,464
06.05.2023 07:00;0,407
06.05.2023 08:00;0,299
06.05.2023 09:00;0,71
06.05.2023 10:00;0,304
06.05.2023 11:00;0,451
06.05.2023 12:00;0,262
06.05.2023 13:00;0,522
06.05.2023 14:00;0,451
06.05.2023 15:00;2,567
06.05.2023 16:00;2,551
06.05.2023 17:00;1,618
06.05.2023 18:00;1,329
06.05.2023 19:00;0,345
06.05.2023 20:00;0,464
06.05.2023 21:00;0,396
06.05.2023 22:00;0,766
06.05.2023 23:00;0,612
07.05.2023 00:00;0,515
07.05.2023 01:00;0,538
07.05.2023 02:00;0,477
07.05.2023 03:00;0,465
07.05.2023 04:00;0,389
07.05.2023 05:00;0,997
07.05.2023 06:00;0,436
07.05.2023 07:00;0,299
07.05.2023 08:00;2,656
07.05.2023 09:00;0,464
07.05.2023 10:00;1,628
07.05.2023 11:00;0,398
07.05.2023 12:00;0,657
07.05.2023 13:00;1,34
07.05.2023 14:00;0,548
07.05.2023 15:00;1,865
07.05.2023 16:00;2,878
07.05.2023 17:00;3,667
07.05.2023 18:00;5,748
07.05.2023 19:00;3,27
07.05.2023 20:00;1,634
07.05.2023 21:00;4,218
07.05.2023 22:00;1,192
07.05.2023 23:00;0,594
08.05.2023 00:00;0,543
08.05.2023 01:00;0,533
08.05.2023 02:00;0,566
08.05.2023 03:00;0,524
08.05.2023 04:00;0,437
08.05.2023 05:00;0,281
08.05.2023 06:00;0,476
08.05.2023 07:00;0,399
08.05.2023 08:00;0,272
08.05.2023 09:00;0,273
08.05.2023 10:00;0,271
08.05.2023 11:00;0,269
08.05.2023 12:00;0,266
08.05.2023 13:00;0,3
08.05.2023 14:00;0,361
08.05.2023 15:00;0,91
08.05.2023 16:00;0,444
08.05.2023 17:00;0,325
08.05.2023 18:00;1,401
08.05.2023 19:00;0,469
08.05.2023 20:00;0,546
08.05.2023 21:00;0,441
08.05.2023 22:00;0,577
08.05.2023 23:00;0,541
09.05.2023 00:00;0,529
09.05.2023 01:00;0,592
09.05.2023 02:00;0,538
09.05.2023 03:00;0,516
09.05.2023 04:00;0,422
09.05.2023 05:00;0,441
09.05.2023 06:00;0,422
09.05.2023 07:00;0,717
09.05.2023 08:00;0,366
09.05.2023 09:00;0,294
09.05.2023 10:00;0,263
09.05.2023 11:00;0,287
09.05.2023 12:00;0,236
09.05.2023 13:00;0,627
09.05.2023 14:00;0,249
09.05.2023 15:00;0,227
09.05.2023 16:00;0,235
09.05.2023 17:00;0,307
09.05.2023 18:00;1,75
09.05.2023 19:00;0,364
09.05.2023 20:00;0,72
09.05.2023 21:00;0,508
09.05.2023 22:00;0,645
09.05.2023 23:00;0,53
10.05.2023 00:00;0,504
10.05.2023 01:00;0,474
10.05.2023 02:00;0,467
10.05.2023 03:00;0,469
10.05.2023 04:00;0,742
10.05.2023 05:00;0,541
10.05.2023 06:00;0,535
10.05.2023 07:00;0,355
10.05.2023 08:00;0,3
10.05.2023 09:00;0,394
10.05.2023 10:00;0,334
10.05.2023 11:00;0,229
10.05.2023 12:00;0,371
10.05.2023 13:00;0,341
10.05.2023 14:00;0,366
10.05.2023 15:00;0,285
10.05.2023 16:00;1,808
10.05.2023 17:00;1,91
10.05.2023 18:00;0,807
10.05.2023 19:00;0,6
10.05.2023 20:00;0,325
10.05.2023 21:00;0,42
10.05.2023 22:00;0,568
10.05.2023 23:00;0,483
11.05.2023 00:00;0,467
11.05.2023 01:00;2,512
11.05.2023 02:00;1,389
11.05.2023 03:00;0,467
11.05.2023 04:00;0,363
11.05.2023 05:00;0,265
11.05.2023 06:00;0,504
11.05.2023 07:00;0,429
11.05.2023 08:00;0,267
11.05.2023 09:00;0,222
11.05.2023 10:00;0,546
11.05.2023 11:00;0,236
11.05.2023 12:00;0,22
11.05.2023 13:00;0,27
11.05.2023 14:00;0,287
11.05.2023 15:00;0,223
11.05.2023 16:00;0,221
11.05.2023 17:00;0,244
11.05.2023 18:00;0,797
11.05.2023 19:00;0,259
11.05.2023 20:00;0,633
11.05.2023 21:00;2,34
11.05.2023 22:00;0,639
11.05.2023 23:00;0,612
12.05.2023 00:00;0,556
12.05.2023 01:00;0,485
12.05.2023 02:00;0,513
12.05.2023 03:00;0,464
12.05.2023 04:00;0,901
12.05.2023 05:00;0,36
12.05.2023 06:00;0,419
12.05.2023 07:00;0,386
12.05.2023 08:00;0,235
12.05.2023 09:00;0,389
12.05.2023 10:00;0,273
12.05.2023 11:00;0,265
12.05.2023 12:00;0,271
12.05.2023 13:00;0,295
12.05.2023 14:00;0,457
12.05.2023 15:00;0,357
12.05.2023 16:00;0,373
12.05.2023 17:00;0,538
12.05.2023 18:00;2,72
12.05.2023 19:00;1,13
12.05.2023 20:00;0,263
12.05.2023 21:00;2,43
12.05.2023 22:00;0,837
12.05.2023 23:00;0,628
13.05.2023 00:00;0,531
13.05.2023 01:00;0,562
13.05.2023 02:00;0,536
13.05.2023 03:00;0,468
13.05.2023 04:00;0,323
13.05.2023 05:00;0,272
13.05.2023 06:00;0,928
13.05.2023 07:00;0,549
13.05.2023 08:00;0,461
13.05.2023 09:00;0,326
13.05.2023 10:00;0,284
13.05.2023 11:00;0,295
13.05.2023 12:00;0,286
13.05.2023 13:00;0,374
13.05.2023 14:00;0,389
13.05.2023 15:00;0,369
13.05.2023 16:00;0,5
13.05.2023 17:00;0,544
13.05.2023 18:00;1,777
13.05.2023 19:00;0,782
13.05.2023 20:00;0,519
13.05.2023 21:00;0,575
13.05.2023 22:00;0,748
13.05.2023 23:00;0,701
14.05.2023 00:00;0,593
14.05.2023 01:00;2,863
14.05.2023 02:00;2,286
14.05.2023 03:00;0,932
14.05.2023 04:00;0,316
14.05.2023 05:00;0,256
14.05.2023 06:00;0,396
14.05.2023 07:00;0,271
14.05.2023 08:00;1,762
14.05.2023 09:00;0,367
14.05.2023 10:00;0,305
14.05.2023 11:00;0,488
14.05.2023 12:00;0,947
14.05.2023 13:00;2,732
14.05.2023 14:00;1,762
14.05.2023 15:00;2,12
14.05.2023 16:00;2,565
14.05.2023 17:00;1,13
14.05.2023 18:00;5,615
14.05.2023 19:00;6,354
14.05.2023 20:00;4,352
14.05.2023 21:00;1,304
14.05.2023 22:00;0,643
14.05.2023 23:00;0,583
15.05.2023 00:00;0,55
15.05.2023 01:00;0,477
15.05.2023 02:00;0,467
15.05.2023 03:00;0,472
15.05.2023 04:00;0,325
15.05.2023 05:00;0,259
15.05.2023 06:00;0,337
15.05.2023 07:00;0,777
15.05.2023 08:00;0,259
15.05.2023 09:00;0,252
15.05.2023 10:00;0,323
15.05.2023 11:00;0,262
15.05.2023 12:00;0,388
15.05.2023 13:00;0,364
15.05.2023 14:00;0,377
15.05.2023 15:00;0,331
15.05.2023 16:00;0,451
15.05.2023 17:00;0,335
15.05.2023 18:00;1,813
15.05.2023 19:00;1,82
15.05.2023 20:00;0,519
15.05.2023 21:00;0,441
15.05.2023 22:00;0,54
15.05.2023 23:00;0,561
16.05.2023 00:00;0,523
16.05.2023 01:00;0,519
16.05.2023 02:00;0,469
16.05.2023 03:00;0,491
16.05.2023 04:00;0,378
16.05.2023 05:00;0,26
16.05.2023 06:00;0,339
16.05.2023 07:00;0,48
16.05.2023 08:00;0,3
16.05.2023 09:00;0,27
16.05.2023 10:00;0,277
16.05.2023 11:00;0,306
16.05.2023 12:00;0,288
16.05.2023 13:00;0,336
16.05.2023 14:00;0,327
16.05.2023 15:00;0,296
16.05.2023 16:00;0,363
16.05.2023 17:00;0,322
16.05.2023 18:00;0,388
16.05.2023 19:00;1,384
16.05.2023 20:00;0,52
16.05.2023 21:00;0,428
16.05.2023 22:00;0,57
16.05.2023 23:00;0,594
17.05.2023 00:00;0,537
17.05.2023 01:00;0,52
17.05.2023 02:00;0,512
17.05.2023 03:00;0,509
17.05.2023 04:00;0,406
17.05.2023 05:00;1,12
17.05.2023 06:00;0,328
17.05.2023 07:00;0,499
17.05.2023 08:00;0,319
17.05.2023 09:00;0,407
17.05.2023 10:00;0,258
17.05.2023 11:00;0,355
17.05.2023 12:00;0,321
17.05.2023 13:00;0,415
17.05.2023 14:00;0,34
17.05.2023 15:00;0,387
17.05.2023 16:00;0,38
17.05.2023 17:00;0,655
17.05.2023 18:00;1,85
17.05.2023 19:00;0,21
17.05.2023 20:00;0,933
17.05.2023 21:00;0,312
17.05.2023 22:00;0,845
17.05.2023 23:00;0,608
18.05.2023 00:00;0,557
18.05.2023 01:00;0,521
18.05.2023 02:00;0,499
18.05.2023 03:00;0,5
18.05.2023 04:00;0,326
18.05.2023 05:00;0,257
18.05.2023 06:00;0,416
18.05.2023 07:00;0,444
18.05.2023 08:00;0,326
18.05.2023 09:00;0,426
18.05.2023 10:00;0,296
18.05.2023 11:00;0,413
18.05.2023 12:00;0,304
18.05.2023 13:00;1,937
18.05.2023 14:00;1,22
18.05.2023 15:00;0,194
18.05.2023 16:00;1,751
18.05.2023 17:00;0,432
18.05.2023 18:00;0,197
18.05.2023 19:00;1,801
18.05.2023 20:00;2,423
18.05.2023 21:00;1,127
18.05.2023 22:00;0,372
18.05.2023 23:00;0,395
19.05.2023 00:00;0,31
19.05.2023 01:00;0,282
19.05.2023 02:00;0,287
19.05.2023 03:00;0,265
19.05.2023 04:00;0,148
19.05.2023 05:00;0,144
19.05.2023 06:00;0,403
19.05.2023 07:00;0,403
19.05.2023 08:00;0,378
19.05.2023 09:00;2,478
19.05.2023 10:00;1,726
19.05.2023 11:00;0,467
19.05.2023 12:00;0,296
19.05.2023 13:00;0,312
19.05.2023 14:00;0,414
19.05.2023 15:00;0,616
19.05.2023 16:00;0,546
19.05.2023 17:00;2,102
19.05.2023 18:00;0,8
19.05.2023 19:00;1,111
19.05.2023 20:00;0,595
19.05.2023 21:00;0,46
19.05.2023 22:00;0,487
19.05.2023 23:00;0,53
20.05.2023 00:00;0,421
20.05.2023 01:00;2,635
20.05.2023 02:00;2,251
20.05.2023 03:00;0,955
20.05.2023 04:00;0,266
20.05.2023 05:00;0,264
20.05.2023 06:00;1,15
20.05.2023 07:00;0,411
20.05.2023 08:00;0,545
20.05.2023 09:00;0,556
20.05.2023 10:00;0,332
20.05.2023 11:00;0,409
20.05.2023 12:00;0,294
20.05.2023 13:00;0,405
20.05.2023 14:00;0,405
20.05.2023 15:00;0,347
20.05.2023 16:00;2,332
20.05.2023 17:00;1,469
20.05.2023 18:00;0,242
20.05.2023 19:00;0,215
20.05.2023 20:00;1,811
20.05.2023 21:00;0,483
20.05.2023 22:00;0,422
20.05.2023 23:00;0,482
21.05.2023 00:00;0,485
21.05.2023 01:00;2,774
21.05.2023 02:00;2,306
21.05.2023 03:00;0,868
21.05.2023 04:00;0,262
21.05.2023 05:00;0,259
21.05.2023 06:00;0,357
21.05.2023 07:00;1,86
21.05.2023 08:00;1,613
21.05.2023 09:00;0,365
21.05.2023 10:00;1,206
21.05.2023 11:00;1,736
21.05.2023 12:00;0,915
21.05.2023 13:00;1,207
21.05.2023 14:00;2,174
21.05.2023 15:00;2,747
21.05.2023 16:00;0,51
21.05.2023 17:00;3,425
21.05.2023 18:00;7,324
21.05.2023 19:00;3,368
21.05.2023 20:00;3,59
21.05.2023 21:00;2,378
21.05.2023 22:00;0,718
21.05.2023 23:00;0,459
22.05.2023 00:00;0,464
22.05.2023 01:00;0,435
22.05.2023 02:00;0,416
22.05.2023 03:00;0,37
22.05.2023 04:00;0,915
22.05.2023 05:00;0,316
22.05.2023 06:00;0,483
22.05.2023 07:00;0,393
22.05.2023 08:00;0,272
22.05.2023 09:00;0,312
22.05.2023 10:00;0,291
22.05.2023 11:00;0,379
22.05.2023 12:00;0,381
22.05.2023 13:00;0,259
22.05.2023 14:00;0,415
22.05.2023 15:00;0,339
22.05.2023 16:00;0,428
22.05.2023 17:00;0,37
22.05.2023 18:00;0,947
22.05.2023 19:00;0,374
22.05.2023 20:00;0,728
22.05.2023 21:00;0,423
22.05.2023 22:00;0,428
22.05.2023 23:00;0,533
23.05.2023 00:00;0,469
23.05.2023 01:00;0,466
23.05.2023 02:00;0,414
23.05.2023 03:00;0,41
23.05.2023 04:00;0,274
23.05.2023 05:00;0,259
23.05.2023 06:00;0,38
23.05.2023 07:00;0,456
23.05.2023 08:00;0,235
23.05.2023 09:00;0,218
23.05.2023 10:00;0,239
23.05.2023 11:00;0,356
23.05.2023 12:00;0,258
23.05.2023 13:00;0,267
23.05.2023 14:00;0,267
23.05.2023 15:00;0,239
23.05.2023 16:00;0,301
23.05.2023 17:00;0,49
23.05.2023 18:00;0,618
23.05.2023 19:00;0,389
23.05.2023 20:00;0,42
23.05.2023 21:00;0,312
23.05.2023 22:00;0,492
23.05.2023 23:00;0,536
24.05.2023 00:00;0,464
24.05.2023 01:00;0,437
24.05.2023 02:00;0,425
24.05.2023 03:00;0,354
24.05.2023 04:00;0,258
24.05.2023 05:00;0,357
24.05.2023 06:00;0,385
24.05.2023 07:00;0,411
24.05.2023 08:00;0,237
24.05.2023 09:00;0,215
24.05.2023 10:00;0,233
24.05.2023 11:00;0,213
24.05.2023 12:00;0,222
24.05.2023 13:00;0,27
24.05.2023 14:00;0,294
24.05.2023 15:00;0,285
24.05.2023 16:00;0,312
24.05.2023 17:00;0,279
24.05.2023 18:00;0,368
24.05.2023 19:00;0,659
24.05.2023 20:00;0,462
24.05.2023 21:00;0,533
24.05.2023 22:00;0,487
24.05.2023 23:00;0,579
25.05.2023 00:00;0,497
25.05.2023 01:00;0,44
25.05.2023 02:00;0,496
25.05.2023 03:00;0,396
25.05.2023 04:00;0,854
25.05.2023 05:00;0,342
25.05.2023 06:00;0,352
25.05.2023 07:00;0,444
25.05.2023 08:00;0,276
25.05.2023 09:00;0,286
25.05.2023 10:00;0,268
25.05.2023 11:00;0,272
25.05.2023 12:00;0,268
25.05.2023 13:00;0,307
25.05.2023 14:00;0,304
25.05.2023 15:00;0,251
25.05.2023 16:00;0,342
25.05.2023 17:00;0,835
25.05.2023 18:00;1,557
25.05.2023 19:00;0,775
25.05.2023 20:00;0,794
25.05.2023 21:00;0,468
25.05.2023 22:00;0,398
25.05.2023 23:00;0,523
26.05.2023 00:00;0,47
26.05.2023 01:00;0,433
26.05.2023 02:00;0,425
26.05.2023 03:00;0,397
26.05.2023 04:00;0,281
26.05.2023 05:00;0,261
26.05.2023 06:00;0,379
26.05.2023 07:00;0,386
26.05.2023 08:00;0,458
26.05.2023 09:00;0,309
26.05.2023 10:00;0,296
26.05.2023 11:00;0,416
26.05.2023 12:00;0,253
26.05.2023 13:00;0,336
26.05.2023 14:00;0,254
26.05.2023 15:00;0,213
26.05.2023 16:00;0,243
26.05.2023 17:00;0,533
26.05.2023 18:00;1,483
26.05.2023 19:00;0,221
26.05.2023 20:00;0,47
26.05.2023 21:00;0,476
26.05.2023 22:00;0,412
26.05.2023 23:00;0,571
27.05.2023 00:00;0,355
27.05.2023 01:00;0,394
27.05.2023 02:00;0,311
27.05.2023 03:00;0,225
27.05.2023 04:00;0,159
27.05.2023 05:00;0,221
27.05.2023 06:00;0,149
27.05.2023 07:00;0,209
27.05.2023 08:00;0,181
27.05.2023 09:00;0,569
27.05.2023 10:00;0,899
27.05.2023 11:00;0,395
27.05.2023 12:00;0,231
27.05.2023 13:00;0,143
27.05.2023 14:00;0,144
27.05.2023 15:00;1,202
27.05.2023 16:00;2,466
27.05.2023 17:00;1,407
27.05.2023 18:00;1,11
27.05.2023 19:00;0,449
27.05.2023 20:00;2,544
27.05.2023 21:00;2,437
27.05.2023 22:00;0,708
27.05.2023 23:00;0,424
28.05.2023 00:00;0,382
28.05.2023 01:00;0,288
28.05.2023 02:00;0,303
28.05.2023 03:00;0,277
28.05.2023 04:00;0,144
28.05.2023 05:00;0,148
28.05.2023 06:00;0,255
28.05.2023 07:00;0,142
28.05.2023 08:00;0,275
28.05.2023 09:00;0,266
28.05.2023 10:00;1,692
28.05.2023 11:00;0,379
28.05.2023 12:00;0,246
28.05.2023 13:00;0,273
28.05.2023 14:00;0,271
28.05.2023 15:00;0,594
28.05.2023 16:00;1,127
28.05.2023 17:00;1,608
28.05.2023 18:00;5,999
28.05.2023 19:00;3,182
28.05.2023 20:00;1,345
28.05.2023 21:00;0,302
28.05.2023 22:00;2,691
28.05.2023 23:00;2,559
29.05.2023 00:00;0,398
29.05.2023 01:00;0,311
29.05.2023 02:00;0,287
29.05.2023 03:00;0,6
29.05.2023 04:00;0,36
29.05.2023 05:00;0,183
29.05.2023 06:00;0,435
29.05.2023 07:00;0,607
29.05.2023 08:00;0,317
29.05.2023 09:00;0,247
29.05.2023 10:00;0,253
29.05.2023 11:00;0,305
29.05.2023 12:00;0,204
29.05.2023 13:00;1,539
29.05.2023 14:00;2,459
29.05.2023 15:00;1,943
29.05.2023 16:00;0,295
29.05.2023 17:00;0,321
29.05.2023 18:00;2,605
29.05.2023 19:00;0,461
29.05.2023 20:00;0,372
29.05.2023 21:00;0,324
29.05.2023 22:00;0,394
29.05.2023 23:00;0,308
30.05.2023 00:00;0,331
30.05.2023 01:00;0,339
30.05.2023 02:00;0,334
30.05.2023 03:00;0,264
30.05.2023 04:00;0,157
30.05.2023 05:00;0,15
30.05.2023 06:00;0,223
30.05.2023 07:00;0,545
30.05.2023 08:00;0,228
30.05.2023 09:00;0,204
30.05.2023 10:00;0,417
30.05.2023 11:00;0,27
30.05.2023 12:00;0,204
30.05.2023 13:00;0,296
30.05.2023 14:00;0,226
30.05.2023 15:00;0,892
30.05.2023 16:00;0,617
30.05.2023 17:00;2,817
30.05.2023 18:00;3,307
30.05.2023 19:00;0,745
30.05.2023 20:00;1,32
30.05.2023 21:00;0,38
30.05.2023 22:00;0,296
30.05.2023 23:00;0,335
31.05.2023 00:00;0,319
31.05.2023 01:00;0,31
31.05.2023 02:00;0,303
31.05.2023 03:00;0,242
31.05.2023 04:00;0,205
31.05.2023 05:00;0,193
31.05.2023 06:00;0,328
31.05.2023 07:00;0,307
31.05.2023 08:00;0,181
31.05.2023 09:00;0,2
31.05.2023 10:00;0,252
31.05.2023 11:00;0,214
31.05.2023 12:00;0,207
31.05.2023 13:00;0,336
31.05.2023 14:00;0,298
31.05.2023 15:00;0,234
31.05.2023 16:00;0,492
31.05.2023 17:00;0,711
31.05.2023 18:00;0,908
31.05.2023 19:00;0,355
31.05.2023 20:00;0,465
31.05.2023 21:00;0,334
31.05.2023 22:00;0,503
31.05.2023 23:00;0,474
01.06.2023 00:00;0,473
01.06.2023 01:00;0,328
01.06.2023 02:00;0,334
01.06.2023 03:00;0,232
01.06.2023 04:00;0,175
01.06.2023 05:00;0,287
01.06.2023 06:00;0,259
01.06.2023 07:00;0,331
01.06.2023 08:00;0,275
01.06.2023 09:00;0,243
01.06.2023 10:00;0,284
01.06.2023 11:00;0,264
01.06.2023 12:00;0,267
01.06.2023 13:00;0,309
01.06.2023 14:00;0,6
01.06.2023 15:00;0,283
01.06.2023 16:00;0,266
01.06.2023 17:00;0,306
01.06.2023 18:00;0,366
01.06.2023 19:00;2,632
01.06.2023 20:00;4,831
01.06.2023 21:00;2,25
01.06.2023 22:00;0,371
01.06.2023 23:00;0,368
02.06.2023 00:00;0,359
02.06.2023 01:00;0,316
02.06.2023 02:00;0,278
02.06.2023 03:00;0,204
02.06.2023 04:00;0,165
02.06.2023 05:00;0,151
02.06.2023 06:00;0,249
02.06.2023 07:00;0,316
02.06.2023 08:00;0,17
02.06.2023 09:00;0,243
02.06.2023 10:00;0,673
02.06.2023 11:00;0,661
02.06.2023 12:00;0,413
02.06.2023 13:00;1,308
02.06.2023 14:00;2,43
02.06.2023 15:00;1,19
02.06.2023 16:00;0,177
02.06.2023 17:00;0,302
02.06.2023 18:00;1,214
02.06.2023 19:00;0,887
02.06.2023 20:00;1,753
02.06.2023 21:00;1,467
02.06.2023 22:00;0,347
02.06.2023 23:00;0,446
03.06.2023 00:00;0,406
03.06.2023 01:00;0,316
03.06.2023 02:00;0,289
03.06.2023 03:00;0,206
03.06.2023 04:00;0,14
03.06.2023 05:00;0,16
03.06.2023 06:00;0,241
03.06.2023 07:00;0,139
03.06.2023 08:00;0,334
03.06.2023 09:00;0,224
03.06.2023 10:00;0,269
03.06.2023 11:00;0,284
03.06.2023 12:00;0,316
03.06.2023 13:00;0,231
03.06.2023 14:00;0,25
03.06.2023 15:00;0,297
03.06.2023 16:00;0,288
03.06.2023 17:00;0,663
03.06.2023 18:00;0,588
03.06.2023 19:00;0,562
03.06.2023 20:00;0,559
03.06.2023 21:00;0,287
03.06.2023 22:00;0,322
03.06.2023 23:00;0,574
04.06.2023 00:00;0,373
04.06.2023 01:00;2,272
04.06.2023 02:00;1,18
04.06.2023 03:00;0,307
04.06.2023 04:00;0,176
04.06.2023 05:00;0,136
04.06.2023 06:00;0,215
04.06.2023 07:00;0,164
04.06.2023 08:00;0,264
04.06.2023 09:00;0,24
04.06.2023 10:00;2,148
04.06.2023 11:00;0,999
04.06.2023 12:00;1,204
04.06.2023 13:00;0,573
04.06.2023 14:00;0,887
04.06.2023 15:00;0,339
04.06.2023 16:00;0,955
04.06.2023 17:00;0,968
04.06.2023 18:00;3,277
04.06.2023 19:00;4,423
04.06.2023 20:00;2,695
04.06.2023 21:00;1,198
04.06.2023 22:00;0,277
04.06.2023 23:00;0,354
05.06.2023 00:00;0,338
05.06.2023 01:00;0,306
05.06.2023 02:00;0,284
05.06.2023 03:00;0,675
05.06.2023 04:00;0,248
05.06.2023 05:00;0,176
05.06.2023 06:00;0,312
05.06.2023 07:00;0,262
05.06.2023 08:00;0,245
05.06.2023 09:00;0,199
05.06.2023 10:00;0,241
05.06.2023 11:00;0,235
05.06.2023 12:00;0,29
05.06.2023 13:00;0,27
05.06.2023 14:00;0,322
05.06.2023 15:00;0,287
05.06.2023 16:00;0,504
05.06.2023 17:00;0,243
05.06.2023 18:00;0,318
05.06.2023 19:00;0,625
05.06.2023 20:00;0,574
05.06.2023 21:00;0,35
05.06.2023 22:00;0,385
05.06.2023 23:00;0,391
06.06.2023 00:00;0,374
06.06.2023 01:00;0,424
06.06.2023 02:00;0,294
06.06.2023 03:00;0,22
06.06.2023 04:00;0,733
06.06.2023 05:00;0,201
06.06.2023 06:00;0,313
06.06.2023 07:00;0,208
06.06.2023 08:00;0,142
06.06.2023 09:00;0,31
06.06.2023 10:00;0,25
06.06.2023 11:00;0,753
06.06.2023 12:00;0,214
06.06.2023 13:00;0,583
06.06.2023 14:00;0,638
06.06.2023 15:00;0,944
06.06.2023 16:00;1,556
06.06.2023 17:00;1,35
06.06.2023 18:00;0,367
06.06.2023 19:00;0,27
06.06.2023 20:00;0,348
06.06.2023 21:00;0,271
06.06.2023 22:00;0,252
06.06.2023 23:00;0,316
07.06.2023 00:00;0,382
07.06.2023 01:00;2,554
07.06.2023 02:00;2,8
07.06.2023 03:00;0,629
07.06.2023 04:00;0,151
07.06.2023 05:00;0,131
07.06.2023 06:00;0,301
07.06.2023 07:00;0,241
07.06.2023 08:00;0,18
07.06.2023 09:00;0,26
07.06.2023 10:00;0,234
07.06.2023 11:00;0,302
07.06.2023 12:00;0,203
07.06.2023 13:00;0,316
07.06.2023 14:00;0,269
07.06.2023 15:00;1,84
07.06.2023 16:00;0,34
07.06.2023 17:00;0,468
07.06.2023 18:00;1,36
07.06.2023 19:00;0,267
07.06.2023 20:00;0,245
07.06.2023 21:00;0,429
07.06.2023 22:00;0,285
07.06.2023 23:00;0,675
08.06.2023 00:00;0,336
08.06.2023 01:00;0,34
08.06.2023 02:00;0,264
08.06.2023 03:00;0,179
08.06.2023 04:00;0,806
08.06.2023 05:00;0,184
08.06.2023 06:00;0,203
08.06.2023 07:00;0,559
08.06.2023 08:00;0,271
08.06.2023 09:00;0,176
08.06.2023 10:00;0,246
08.06.2023 11:00;0,19
08.06.2023 12:00;0,334
08.06.2023 13:00;0,241
08.06.2023 14:00;0,268
08.06.2023 15:00;0,293
08.06.2023 16:00;0,325
08.06.2023 17:00;0,177
08.06.2023 18:00;2,442
08.06.2023 19:00;2,165
08.06.2023 20:00;0,318
08.06.2023 21:00;0,323
08.06.2023 22:00;0,269
08.06.2023 23:00;0,353
09.06.2023 00:00;0,446
09.06.2023 01:00;0,366
09.06.2023 02:00;0,296
09.06.2023 03:00;0,207
09.06.2023 04:00;0,176
09.06.2023 05:00;0,152
09.06.2023 06:00;0,221
09.06.2023 07:00;0,621
09.06.2023 08:00;0,129
09.06.2023 09:00;0,308
09.06.2023 10:00;0,246
09.06.2023 11:00;0,268
09.06.2023 12:00;0,313
09.06.2023 13:00;0,246
09.06.2023 14:00;0,241
09.06.2023 15:00;2,363
09.06.2023 16:00;1,498
09.06.2023 17:00;0,814
09.06.2023 18:00;1,204
09.06.2023 19:00;0,417
09.06.2023 20:00;0,424
09.06.2023 21:00;0,389
09.06.2023 22:00;0,341
09.06.2023 23:00;0,404
10.06.2023 00:00;0,341
10.06.2023 01:00;0,282
10.06.2023 02:00;0,242
10.06.2023 03:00;0,148
10.06.2023 04:00;0,127
10.06.2023 05:00;0,122
10.06.2023 06:00;0,228
10.06.2023 07:00;0,273
10.06.2023 08:00;0,377
10.06.2023 09:00;0,217
10.06.2023 10:00;0,364
10.06.2023 11:00;0,258
10.06.2023 12:00;0,259
10.06.2023 13:00;0,295
10.06.2023 14:00;0,271
10.06.2023 15:00;0,342
10.06.2023 16:00;0,211
10.06.2023 17:00;1,45
10.06.2023 18:00;0,337
10.06.2023 19:00;0,844
10.06.2023 20:00;0,712
10.06.2023 21:00;0,16
10.06.2023 22:00;0,367
10.06.2023 23:00;0,496
11.06.2023 00:00;0,483
11.06.2023 01:00;0,402
11.06.2023 02:00;0,268
11.06.2023 03:00;0,154
11.06.2023 04:00;0,167
11.06.2023 05:00;0,165
11.06.2023 06:00;0,75
11.06.2023 07:00;0,222
11.06.2023 08:00;0,258
11.06.2023 09:00;2,83
11.06.2023 10:00;0,982
11.06.2023 11:00;0,233
11.06.2023 12:00;1,212
11.06.2023 13:00;0,898
11.06.2023 14:00;1,575
11.06.2023 15:00;0,274
11.06.2023 16:00;0,281
11.06.2023 17:00;0,201
11.06.2023 18:00;4,714
11.06.2023 19:00;3,28
11.06.2023 20:00;2,914
11.06.2023 21:00;1,45
11.06.2023 22:00;0,488
11.06.2023 23:00;0,393
12.06.2023 00:00;0,459
12.06.2023 01:00;0,413
12.06.2023 02:00;0,329
12.06.2023 03:00;0,188
12.06.2023 04:00;0,164
12.06.2023 05:00;0,158
12.06.2023 06:00;0,283
12.06.2023 07:00;0,316
12.06.2023 08:00;0,263
12.06.2023 09:00;0,271
12.06.2023 10:00;0,302
12.06.2023 11:00;0,219
12.06.2023 12:00;0,256
12.06.2023 13:00;0,258
12.06.2023 14:00;0,379
12.06.2023 15:00;0,34
12.06.2023 16:00;0,243
12.06.2023 17:00;0,494
12.06.2023 18:00;0,383
12.06.2023 19:00;0,242
12.06.2023 20:00;0,313
12.06.2023 21:00;0,366
12.06.2023 22:00;0,324
12.06.2023 23:00;0,32
13.06.2023 00:00;0,35
13.06.2023 01:00;0,275
13.06.2023 02:00;0,255
13.06.2023 03:00;0,145
13.06.2023 04:00;0,133
13.06.2023 05:00;0,124
13.06.2023 06:00;0,224
13.06.2023 07:00;0,199
13.06.2023 08:00;0,193
13.06.2023 09:00;0,164
13.06.2023 10:00;0,246
13.06.2023 11:00;0,323
13.06.2023 12:00;0,258
13.06.2023 13:00;0,268
13.06.2023 14:00;0,246
13.06.2023 15:00;0,323
13.06.2023 16:00;0,574
13.06.2023 17:00;0,46
13.06.2023 18:00;1,767
13.06.2023 19:00;0,892
13.06.2023 20:00;0,37
13.06.2023 21:00;0,403
13.06.2023 22:00;0,262
13.06.2023 23:00;0,342
14.06.2023 00:00;0,343
14.06.2023 01:00;0,295
14.06.2023 02:00;0,253
14.06.2023 03:00;0,154
14.06.2023 04:00;0,751
14.06.2023 05:00;0,189
14.06.2023 06:00;0,196
14.06.2023 07:00;0,262
14.06.2023 08:00;0,248
14.06.2023 09:00;0,165
14.06.2023 10:00;0,199
14.06.2023 11:00;0,177
14.06.2023 12:00;0,164
14.06.2023 13:00;0,166
14.06.2023 14:00;0,178
14.06.2023 15:00;0,267
14.06.2023 16:00;0,231
14.06.2023 17:00;0,22
14.06.2023 18:00;0,911
14.06.2023 19:00;0,804
14.06.2023 20:00;0,496
14.06.2023 21:00;0,362
14.06.2023 22:00;0,424
14.06.2023 23:00;0,35
15.06.2023 00:00;0,361
15.06.2023 01:00;0,26
15.06.2023 02:00;0,254
15.06.2023 03:00;0,146
15.06.2023 04:00;0,14
15.06.2023 05:00;0,155
15.06.2023 06:00;0,276
15.06.2023 07:00;0,491
15.06.2023 08:00;0,139
15.06.2023 09:00;0,256
15.06.2023 10:00;0,163
15.06.2023 11:00;0,11
15.06.2023 12:00;0,22
15.06.2023 13:00;0,553
15.06.2023 14:00;0,197
15.06.2023 15:00;0,201
15.06.2023 16:00;0,209
15.06.2023 17:00;0,214
15.06.2023 18:00;0,847
15.06.2023 19:00;0,2
15.06.2023 20:00;0,214
15.06.2023 21:00;0,506
15.06.2023 22:00;0,265
15.06.2023 23:00;0,293
16.06.2023 00:00;0,312
16.06.2023 01:00;0,273
16.06.2023 02:00;0,23
16.06.2023 03:00;0,113
16.06.2023 04:00;0,98
16.06.2023 05:00;0,95
16.06.2023 06:00;0,149
16.06.2023 07:00;0,134
16.06.2023 08:00;0,99
16.06.2023 09:00;0,14
16.06.2023 10:00;0,14
16.06.2023 11:00;0,115
16.06.2023 12:00;0,1
16.06.2023 13:00;0,161
16.06.2023 14:00;0,348
16.06.2023 15:00;0,206
16.06.2023 16:00;0,182
16.06.2023 17:00;0,232
16.06.2023 18:00;0,761
16.06.2023 19:00;0,251
16.06.2023 20:00;0,253
16.06.2023 21:00;0,221
16.06.2023 22:00;0,282
16.06.2023 23:00;0,323
17.06.2023 00:00;0,356
17.06.2023 01:00;0,337
17.06.2023 02:00;0,278
17.06.2023 03:00;0,164
17.06.2023 04:00;0,677
17.06.2023 05:00;0,194
17.06.2023 06:00;0,152
17.06.2023 07:00;0,262
17.06.2023 08:00;0,284
17.06.2023 09:00;0,15
17.06.2023 10:00;0,126
17.06.2023 11:00;0,236
17.06.2023 12:00;0,182
17.06.2023 13:00;0,212
17.06.2023 14:00;0,204
17.06.2023 15:00;0,192
17.06.2023 16:00;0,164
17.06.2023 17:00;0,229
17.06.2023 18:00;0,231
17.06.2023 19:00;0,221
17.06.2023 20:00;0,187
17.06.2023 21:00;0,189
17.06.2023 22:00;0,225
17.06.2023 23:00;0,281
18.06.2023 00:00;0,296
18.06.2023 01:00;0,276
18.06.2023 02:00;0,244
18.06.2023 03:00;0,114
18.06.2023 04:00;0,76
18.06.2023 05:00;0,73
18.06.2023 06:00;0,84
18.06.2023 07:00;0,91
18.06.2023 08:00;0,95
18.06.2023 09:00;0,161
18.06.2023 10:00;0,194
18.06.2023 11:00;0,154
18.06.2023 12:00;0,153
18.06.2023 13:00;0,148
18.06.2023 14:00;0,241
18.06.2023 15:00;0,503
18.06.2023 16:00;0,193
18.06.2023 17:00;0,2
18.06.2023 18:00;1,261
18.06.2023 19:00;3,169
18.06.2023 20:00;2,87
18.06.2023 21:00;1,305
18.06.2023 22:00;0,384
18.06.2023 23:00;0,312
19.06.2023 00:00;0,47
19.06.2023 01:00;0,283
19.06.2023 02:00;0,274
19.06.2023 03:00;0,15
19.06.2023 04:00;0,127
19.06.2023 05:00;0,128
19.06.2023 06:00;0,14
19.06.2023 07:00;0,222
19.06.2023 08:00;0,228
19.06.2023 09:00;0,188
19.06.2023 10:00;0,188
19.06.2023 11:00;1,117
19.06.2023 12:00;0,218
19.06.2023 13:00;0,253
19.06.2023 14:00;0,157
19.06.2023 15:00;0,176
19.06.2023 16:00;0,175
19.06.2023 17:00;1,175
19.06.2023 18:00;1,964
19.06.2023 19:00;0,362
19.06.2023 20:00;0,391
19.06.2023 21:00;0,306
19.06.2023 22:00;0,37
19.06.2023 23:00;0,381
20.06.2023 00:00;0,411
20.06.2023 01:00;0,286
20.06.2023 02:00;0,267
20.06.2023 03:00;0,132
20.06.2023 04:00;0,128
20.06.2023 05:00;0,13
20.06.2023 06:00;0,492
20.06.2023 07:00;0,193
20.06.2023 08:00;0,27
20.06.2023 09:00;0,249
20.06.2023 10:00;0,305
20.06.2023 11:00;0,369
20.06.2023 12:00;0,269
20.06.2023 13:00;0,479
20.06.2023 14:00;0,335
20.06.2023 15:00;0,547
20.06.2023 16:00;0,226
20.06.2023 17:00;0,252
20.06.2023 18:00;0,594
20.06.2023 19:00;0,603
20.06.2023 20:00;0,411
20.06.2023 21:00;0,232
20.06.2023 22:00;0,22
20.06.2023 23:00;0,273
21.06.2023 00:00;0,311
21.06.2023 01:00;0,301
21.06.2023 02:00;0,248
21.06.2023 03:00;0,97
21.06.2023 04:00;0,67
21.06.2023 05:00;0,67
21.06.2023 06:00;0,75
21.06.2023 07:00;0,8
21.06.2023 08:00;0,112
21.06.2023 09:00;0,155
21.06.2023 10:00;0,176
21.06.2023 11:00;0,178
21.06.2023 12:00;0,179
21.06.2023 13:00;0,186
21.06.2023 14:00;0,143
21.06.2023 15:00;0,491
21.06.2023 16:00;0,163
21.06.2023 17:00;0,168
21.06.2023 18:00;0,784
21.06.2023 19:00;0,295
21.06.2023 20:00;0,275
21.06.2023 21:00;0,223
21.06.2023 22:00;0,27
21.06.2023 23:00;0,298
22.06.2023 00:00;0,298
22.06.2023 01:00;0,333
22.06.2023 02:00;0,299
22.06.2023 03:00;0,186
22.06.2023 04:00;0,117
22.06.2023 05:00;0,126
22.06.2023 06:00;0,268
22.06.2023 07:00;0,228
22.06.2023 08:00;0,161
22.06.2023 09:00;0,152
22.06.2023 10:00;0,162
22.06.2023 11:00;0,509
22.06.2023 12:00;0,318
22.06.2023 13:00;0,436
22.06.2023 14:00;0,28
22.06.2023 15:00;0,188
22.06.2023 16:00;0,945
22.06.2023 17:00;3,174
22.06.2023 18:00;0,375
22.06.2023 19:00;1,118
22.06.2023 20:00;0,383
22.06.2023 21:00;0,328
22.06.2023 22:00;0,215
22.06.2023 23:00;0,308
23.06.2023 00:00;0,338
23.06.2023 01:00;0,65
23.06.2023 02:00;0,217
23.06.2023 03:00;0,109
23.06.2023 04:00;0,96
23.06.2023 05:00;0,101
23.06.2023 06:00;0,21
23.06.2023 07:00;0,701
23.06.2023 08:00;0,126
23.06.2023 09:00;0,177
23.06.2023 10:00;0,638
23.06.2023 11:00;0,286
23.06.2023 12:00;0,158
23.06.2023 13:00;0,144
23.06.2023 14:00;2,799
23.06.2023 15:00;1,722
23.06.2023 16:00;0,71
23.06.2023 17:00;0,162
23.06.2023 18:00;1,411
23.06.2023 19:00;0,705
23.06.2023 20:00;0,281
23.06.2023 21:00;0,31
23.06.2023 22:00;0,685
23.06.2023 23:00;2,326
24.06.2023 00:00;0,754
24.06.2023 01:00;0,415
24.06.2023 02:00;0,274
24.06.2023 03:00;0,13
24.06.2023 04:00;0,95
24.06.2023 05:00;0,114
24.06.2023 06:00;0,152
24.06.2023 07:00;0,279
24.06.2023 08:00;0,193
24.06.2023 09:00;0,141
24.06.2023 10:00;0,266
24.06.2023 11:00;0,375
24.06.2023 12:00;0,221
24.06.2023 13:00;0,227
24.06.2023 14:00;2,539
24.06.2023 15:00;2,46
24.06.2023 16:00;2,566
24.06.2023 17:00;2,321
24.06.2023 18:00;0,298
24.06.2023 19:00;1,924
24.06.2023 20:00;0,56
24.06.2023 21:00;0,581
24.06.2023 22:00;0,309
24.06.2023 23:00;0,367
25.06.2023 00:00;0,345
25.06.2023 01:00;0,29
25.06.2023 02:00;0,262
25.06.2023 03:00;0,82
25.06.2023 04:00;0,353
25.06.2023 05:00;0,509
25.06.2023 06:00;0,81
25.06.2023 07:00;0,107
25.06.2023 08:00;0,92
25.06.2023 09:00;0,631
25.06.2023 10:00;1,57
25.06.2023 11:00;0,161
25.06.2023 12:00;0,188
25.06.2023 13:00;0,201
25.06.2023 14:00;2,62
25.06.2023 15:00;4,319
25.06.2023 16:00;0,954
25.06.2023 17:00;0,336
25.06.2023 18:00;1,147
25.06.2023 19:00;3,199
25.06.2023 20:00;2,952
25.06.2023 21:00;1,841
25.06.2023 22:00;0,496
25.06.2023 23:00;0,479
26.06.2023 00:00;0,276
26.06.2023 01:00;0,254
26.06.2023 02:00;0,208
26.06.2023 03:00;0,99
26.06.2023 04:00;0,72
26.06.2023 05:00;0,66
26.06.2023 06:00;0,105
26.06.2023 07:00;0,105
26.06.2023 08:00;0,107
26.06.2023 09:00;0,128
26.06.2023 10:00;0,15
26.06.2023 11:00;0,132
26.06.2023 12:00;0,129
26.06.2023 13:00;0,123
26.06.2023 14:00;0,226
26.06.2023 15:00;0,196
26.06.2023 16:00;0,213
26.06.2023 17:00;0,29
26.06.2023 18:00;0,976
26.06.2023 19:00;0,249
26.06.2023 20:00;0,168
26.06.2023 21:00;0,279
26.06.2023 22:00;0,351
26.06.2023 23:00;0,32
27.06.2023 00:00;0,352
27.06.2023 01:00;0,348
27.06.2023 02:00;0,346
27.06.2023 03:00;0,158
27.06.2023 04:00;0,81
27.06.2023 05:00;0,7
27.06.2023 06:00;0,122
27.06.2023 07:00;0,67
27.06.2023 08:00;0,74
27.06.2023 09:00;0,86
27.06.2023 10:00;0,88
27.06.2023 11:00;0,86
27.06.2023 12:00;0,331
27.06.2023 13:00;0,2
27.06.2023 14:00;0,23
27.06.2023 15:00;0,238
27.06.2023 16:00;0,455
27.06.2023 17:00;0,243
27.06.2023 18:00;1,405
27.06.2023 19:00;0,218
27.06.2023 20:00;0,503
27.06.2023 21:00;0,641
27.06.2023 22:00;0,4
27.06.2023 23:00;0,465
28.06.2023 00:00;0,418
28.06.2023 01:00;0,378
28.06.2023 02:00;0,375
28.06.2023 03:00;0,294
28.06.2023 04:00;0,166
28.06.2023 05:00;0,71
28.06.2023 06:00;0,176
28.06.2023 07:00;0,236
28.06.2023 08:00;0,76
28.06.2023 09:00;0,88
28.06.2023 10:00;0,84
28.06.2023 11:00;0,68
28.06.2023 12:00;0,86
28.06.2023 13:00;0,88
28.06.2023 14:00;0,227
28.06.2023 15:00;0,175
28.06.2023 16:00;0,222
28.06.2023 17:00;0,356
28.06.2023 18:00;1,136
28.06.2023 19:00;1,67
28.06.2023 20:00;0,2
28.06.2023 21:00;0,234
28.06.2023 22:00;0,308
28.06.2023 23:00;0,324
29.06.2023 00:00;0,418
29.06.2023 01:00;0,371
29.06.2023 02:00;0,369
29.06.2023 03:00;0,267
29.06.2023 04:00;0,236
29.06.2023 05:00;0,127
29.06.2023 06:00;0,104
29.06.2023 07:00;0,324
29.06.2023 08:00;0,69
29.06.2023 09:00;0,8
29.06.2023 10:00;0,8
29.06.2023 11:00;0,82
29.06.2023 12:00;0,88
29.06.2023 13:00;0,89
29.06.2023 14:00;0,1
29.06.2023 15:00;0,334
29.06.2023 16:00;0,234
29.06.2023 17:00;0,609
29.06.2023 18:00;0,401
29.06.2023 19:00;0,228
29.06.2023 20:00;0,26
29.06.2023 21:00;0,419
29.06.2023 22:00;0,381
29.06.2023 23:00;0,377
30.06.2023 00:00;0,407
30.06.2023 01:00;0,379
30.06.2023 02:00;0,377
30.06.2023 03:00;0,256
30.06.2023 04:00;0,248
30.06.2023 05:00;0,135
30.06.2023 06:00;0,95
30.06.2023 07:00;0,201
30.06.2023 08:00;0,126
30.06.2023 09:00;0,9
30.06.2023 10:00;0,89
30.06.2023 11:00;0,88
30.06.2023 12:00;0,86
30.06.2023 13:00;0,122
30.06.2023 14:00;0,194
30.06.2023 15:00;0,194
30.06.2023 16:00;0,345
30.06.2023 17:00;0,442
30.06.2023 18:00;0,856
30.06.2023 19:00;0,381
30.06.2023 20:00;0,313
30.06.2023 21:00;0,306
30.06.2023 22:00;0,279
30.06.2023 23:00;0,34
01.07.2023 00:00;0,346
01.07.2023 01:00;0,25
01.07.2023 02:00;0,272
01.07.2023 03:00;0,133
01.07.2023 04:00;0,97
01.07.2023 05:00;0,66
01.07.2023 06:00;0,74
01.07.2023 07:00;0,77
01.07.2023 08:00;0,72
01.07.2023 09:00;0,68
01.07.2023 10:00;0,94
01.07.2023 11:00;0,164
01.07.2023 12:00;0,218
01.07.2023 13:00;0,189
01.07.2023 14:00;1,159
01.07.2023 15:00;0,132
01.07.2023 16:00;1,852
01.07.2023 17:00;0,342
01.07.2023 18:00;0,315
01.07.2023 19:00;0,35
01.07.2023 20:00;0,36
01.07.2023 21:00;0,343
01.07.2023 22:00;0,798
01.07.2023 23:00;1,744
02.07.2023 00:00;0,554
02.07.2023 01:00;0,5
02.07.2023 02:00;0,439
02.07.2023 03:00;0,247
02.07.2023 04:00;0,177
02.07.2023 05:00;0,122
02.07.2023 06:00;0,247
02.07.2023 07:00;0,104
02.07.2023 08:00;0,207
02.07.2023 09:00;1,741
02.07.2023 10:00;2,477
02.07.2023 11:00;2,71
02.07.2023 12:00;2,95
02.07.2023 13:00;0,46
02.07.2023 14:00;0,803
02.07.2023 15:00;0,997
02.07.2023 16:00;1,73
02.07.2023 17:00;1,124
02.07.2023 18:00;1,71
02.07.2023 19:00;5,103
02.07.2023 20:00;3,381
02.07.2023 21:00;3,126
02.07.2023 22:00;1,103
02.07.2023 23:00;0,484
03.07.2023 00:00;0,503
03.07.2023 01:00;0,467
03.07.2023 02:00;0,45
03.07.2023 03:00;0,391
03.07.2023 04:00;0,346
03.07.2023 05:00;0,346
03.07.2023 06:00;0,216
03.07.2023 07:00;0,381
03.07.2023 08:00;0,142
03.07.2023 09:00;0,15
03.07.2023 10:00;0,166
03.07.2023 11:00;0,188
03.07.2023 12:00;0,184
03.07.2023 13:00;0,159
03.07.2023 14:00;0,167
03.07.2023 15:00;0,179
03.07.2023 16:00;0,673
03.07.2023 17:00;0,68
03.07.2023 18:00;0,212
03.07.2023 19:00;0,357
03.07.2023 20:00;0,439
03.07.2023 21:00;0,387
03.07.2023 22:00;0,386
03.07.2023 23:00;0,402
04.07.2023 00:00;0,417
04.07.2023 01:00;0,376
04.07.2023 02:00;0,367
04.07.2023 03:00;0,287
04.07.2023 04:00;0,261
04.07.2023 05:00;0,257
04.07.2023 06:00;0,305
04.07.2023 07:00;0,352
04.07.2023 08:00;0,281
04.07.2023 09:00;0,265
04.07.2023 10:00;0,227
04.07.2023 11:00;0,858
04.07.2023 12:00;0,241
04.07.2023 13:00;0,252
04.07.2023 14:00;0,247
04.07.2023 15:00;0,237
04.07.2023 16:00;0,249
04.07.2023 17:00;0,359
04.07.2023 18:00;0,713
04.07.2023 19:00;0,258
04.07.2023 20:00;0,362
04.07.2023 21:00;0,454
04.07.2023 22:00;0,364
04.07.2023 23:00;0,247
05.07.2023 00:00;0,209
05.07.2023 01:00;0,199
05.07.2023 02:00;0,2
05.07.2023 03:00;0,123
05.07.2023 04:00;0,81
05.07.2023 05:00;0,8
05.07.2023 06:00;0,424
05.07.2023 07:00;0,119
05.07.2023 08:00;0,8
05.07.2023 09:00;0,76
05.07.2023 10:00;0,79
05.07.2023 11:00;0,91
05.07.2023 12:00;0,9
05.07.2023 13:00;0,133
05.07.2023 14:00;0,168
05.07.2023 15:00;0,185
05.07.2023 16:00;0,184
05.07.2023 17:00;0,212
05.07.2023 18:00;0,246
05.07.2023 19:00;0,479
05.07.2023 20:00;0,218
05.07.2023 21:00;0,269
05.07.2023 22:00;0,281
05.07.2023 23:00;0,311
06.07.2023 00:00;0,335
06.07.2023 01:00;0,367
06.07.2023 02:00;0,377
06.07.2023 03:00;0,287
06.07.2023 04:00;0,123
06.07.2023 05:00;0,367
06.07.2023 06:00;0,235
06.07.2023 07:00;0,126
06.07.2023 08:00;0,12
06.07.2023 09:00;0,129
06.07.2023 10:00;0,133
06.07.2023 11:00;0,16
06.07.2023 12:00;0,162
06.07.2023 13:00;0,124
06.07.2023 14:00;0,1
06.07.2023 15:00;0,171
06.07.2023 16:00;0,194
06.07.2023 17:00;0,277
06.07.2023 18:00;1,113
06.07.2023 19:00;0,36
06.07.2023 20:00;0,33
06.07.2023 21:00;0,47
06.07.2023 22:00;0,402
06.07.2023 23:00;0,379
07.07.2023 00:00;0,509
07.07.2023 01:00;0,344
07.07.2023 02:00;0,247
07.07.2023 03:00;2,48
07.07.2023 04:00;2,349
07.07.2023 05:00;0,154
07.07.2023 06:00;0,8
07.07.2023 07:00;0,97
07.07.2023 08:00;0,109
07.07.2023 09:00;0,114
07.07.2023 10:00;0,148
07.07.2023 11:00;0,145
07.07.2023 12:00;0,174
07.07.2023 13:00;0,189
07.07.2023 14:00;0,175
07.07.2023 15:00;0,173
07.07.2023 16:00;0,149
07.07.2023 17:00;0,464
07.07.2023 18:00;0,304
07.07.2023 19:00;0,252
07.07.2023 20:00;0,599
07.07.2023 21:00;0,273
07.07.2023 22:00;0,279
07.07.2023 23:00;0,26
08.07.2023 00:00;0,243
08.07.2023 01:00;0,179
08.07.2023 02:00;0,18
08.07.2023 03:00;0,202
08.07.2023 04:00;0,614
08.07.2023 05:00;0,176
08.07.2023 06:00;0,9
08.07.2023 07:00;0,195
08.07.2023 08:00;0,58
08.07.2023 09:00;0,59
08.07.2023 10:00;0,63
08.07.2023 11:00;0,94
08.07.2023 12:00;0,109
08.07.2023 13:00;0,108
08.07.2023 14:00;0,98
08.07.2023 15:00;0,119
08.07.2023 16:00;0,184
08.07.2023 17:00;0,17
08.07.2023 18:00;0,179
08.07.2023 19:00;0,173
08.07.2023 20:00;0,174
08.07.2023 21:00;0,171
08.07.2023 22:00;0,195
08.07.2023 23:00;0,288
09.07.2023 00:00;0,328
09.07.2023 01:00;0,339
09.07.2023 02:00;0,338
09.07.2023 03:00;0,355
09.07.2023 04:00;0,288
09.07.2023 05:00;0,252
09.07.2023 06:00;0,191
09.07.2023 07:00;0,18
09.07.2023 08:00;0,178
09.07.2023 09:00;0,171
09.07.2023 10:00;0,178
09.07.2023 11:00;0,182
09.07.2023 12:00;0,113
09.07.2023 13:00;0,98
09.07.2023 14:00;0,1
09.07.2023 15:00;0,564
09.07.2023 16:00;0,422
09.07.2023 17:00;0,244
09.07.2023 18:00;2,743
09.07.2023 19:00;5,797
09.07.2023 20:00;4,57
09.07.2023 21:00;1,662
09.07.2023 22:00;0,501
09.07.2023 23:00;0,392
10.07.2023 00:00;0,443
10.07.2023 01:00;0,46
10.07.2023 02:00;0,425
10.07.2023 03:00;2,682
10.07.2023 04:00;0,985
10.07.2023 05:00;0,103
10.07.2023 06:00;0,97
10.07.2023 07:00;0,108
10.07.2023 08:00;0,1
10.07.2023 09:00;0,56
10.07.2023 10:00;0,59
10.07.2023 11:00;0,59
10.07.2023 12:00;0,8
10.07.2023 13:00;0,11
10.07.2023 14:00;0,117
10.07.2023 15:00;0,105
10.07.2023 16:00;0,107
10.07.2023 17:00;0,121
10.07.2023 18:00;0,869
10.07.2023 19:00;0,442
10.07.2023 20:00;0,332
10.07.2023 21:00;0,315
10.07.2023 22:00;0,315
10.07.2023 23:00;0,325
11.07.2023 00:00;0,331
11.07.2023 01:00;0,307
11.07.2023 02:00;0,3
11.07.2023 03:00;0,867
11.07.2023 04:00;0,317
11.07.2023 05:00;0,269
11.07.2023 06:00;0,171
11.07.2023 07:00;0,188
11.07.2023 08:00;0,149
11.07.2023 09:00;0,222
11.07.2023 10:00;0,236
11.07.2023 11:00;0,23
11.07.2023 12:00;0,221
11.07.2023 13:00;0,231
11.07.2023 14:00;0,26
11.07.2023 15:00;0,406
11.07.2023 16:00;0,234
11.07.2023 17:00;0,674
11.07.2023 18:00;1,646
11.07.2023 19:00;0,243
11.07.2023 20:00;0,191
11.07.2023 21:00;0,191
11.07.2023 22:00;0,221
11.07.2023 23:00;0,264
12.07.2023 00:00;0,259
12.07.2023 01:00;0,254
12.07.2023 02:00;0,209
12.07.2023 03:00;0,2
12.07.2023 04:00;0,248
12.07.2023 05:00;0,234
12.07.2023 06:00;0,205
12.07.2023 07:00;0,231
12.07.2023 08:00;0,147
12.07.2023 09:00;0,172
12.07.2023 10:00;0,169
12.07.2023 11:00;0,14
12.07.2023 12:00;0,178
12.07.2023 13:00;0,187
12.07.2023 14:00;0,247
12.07.2023 15:00;0,311
12.07.2023 16:00;0,308
12.07.2023 17:00;0,476
12.07.2023 18:00;0,213
12.07.2023 19:00;0,94
12.07.2023 20:00;0,162
12.07.2023 21:00;0,232
12.07.2023 22:00;0,239
12.07.2023 23:00;0,264
13.07.2023 00:00;0,223
13.07.2023 01:00;0,22
13.07.2023 02:00;0,203
13.07.2023 03:00;0,351
13.07.2023 04:00;0,7
13.07.2023 05:00;0,274
13.07.2023 06:00;0,196
13.07.2023 07:00;0,155
13.07.2023 08:00;0,137
13.07.2023 09:00;0,145
13.07.2023 10:00;0,163
13.07.2023 11:00;0,165
13.07.2023 12:00;0,218
13.07.2023 13:00;0,174
13.07.2023 14:00;0,107
13.07.2023 15:00;0,126
13.07.2023 16:00;0,187
13.07.2023 17:00;0,254
13.07.2023 18:00;1,824
13.07.2023 19:00;0,253
13.07.2023 20:00;0,639
13.07.2023 21:00;0,405
13.07.2023 22:00;0,174
13.07.2023 23:00;0,233
14.07.2023 00:00;0,205
14.07.2023 01:00;0,198
14.07.2023 02:00;0,164
14.07.2023 03:00;0,179
14.07.2023 04:00;0,104
14.07.2023 05:00;0,214
14.07.2023 06:00;0,253
14.07.2023 07:00;0,331
14.07.2023 08:00;0,138
14.07.2023 09:00;0,145
14.07.2023 10:00;0,168
14.07.2023 11:00;0,143
14.07.2023 12:00;0,166
14.07.2023 13:00;0,165
14.07.2023 14:00;0,158
14.07.2023 15:00;0,153
14.07.2023 16:00;0,155
14.07.2023 17:00;0,36
14.07.2023 18:00;0,559
14.07.2023 19:00;0,161
14.07.2023 20:00;0,278
14.07.2023 21:00;0,224
14.07.2023 22:00;0,116
14.07.2023 23:00;0,202
15.07.2023 00:00;0,22
15.07.2023 01:00;0,218
15.07.2023 02:00;0,168
15.07.2023 03:00;0,75
15.07.2023 04:00;0,164
15.07.2023 05:00;0,134
15.07.2023 06:00;0,69
15.07.2023 07:00;0,68
15.07.2023 08:00;0,56
15.07.2023 09:00;0,87
15.07.2023 10:00;0,139
15.07.2023 11:00;0,118
15.07.2023 12:00;0,192
15.07.2023 13:00;0,129
15.07.2023 14:00;0,159
15.07.2023 15:00;0,583
15.07.2023 16:00;0,607
15.07.2023 17:00;1,66
15.07.2023 18:00;0,251
15.07.2023 19:00;0,2
15.07.2023 20:00;0,541
15.07.2023 21:00;0,391
15.07.2023 22:00;0,17
15.07.2023 23:00;0,355
16.07.2023 00:00;0,361
16.07.2023 01:00;0,274
16.07.2023 02:00;0,273
16.07.2023 03:00;0,213
16.07.2023 04:00;2,38
16.07.2023 05:00;0,102
16.07.2023 06:00;0,252
16.07.2023 07:00;0,166
16.07.2023 08:00;0,239
16.07.2023 09:00;1,462
16.07.2023 10:00;0,117
16.07.2023 11:00;0,181
16.07.2023 12:00;0,219
16.07.2023 13:00;0,237
16.07.2023 14:00;0,266
16.07.2023 15:00;1,349
16.07.2023 16:00;1,997
16.07.2023 17:00;1,182
16.07.2023 18:00;5,73
16.07.2023 19:00;3,514
16.07.2023 20:00;1,871
16.07.2023 21:00;0,363
16.07.2023 22:00;0,363
16.07.2023 23:00;0,292
17.07.2023 00:00;0,252
17.07.2023 01:00;0,239
17.07.2023 02:00;0,2
17.07.2023 03:00;0,177
17.07.2023 04:00;0,102
17.07.2023 05:00;0,106
17.07.2023 06:00;0,167
17.07.2023 07:00;0,198
17.07.2023 08:00;0,62
17.07.2023 09:00;0,148
17.07.2023 10:00;0,161
17.07.2023 11:00;0,21
17.07.2023 12:00;0,199
17.07.2023 13:00;0,204
17.07.2023 14:00;0,329
17.07.2023 15:00;0,348
17.07.2023 16:00;0,328
17.07.2023 17:00;0,395
17.07.2023 18:00;1,169
17.07.2023 19:00;0,25
17.07.2023 20:00;0,347
17.07.2023 21:00;0,341
17.07.2023 22:00;0,304
17.07.2023 23:00;0,372
18.07.2023 00:00;0,212
18.07.2023 01:00;0,213
18.07.2023 02:00;0,206
18.07.2023 03:00;0,174
18.07.2023 04:00;0,136
18.07.2023 05:00;0,123
18.07.2023 06:00;0,162
18.07.2023 07:00;0,406
18.07.2023 08:00;0,58
18.07.2023 09:00;0,102
18.07.2023 10:00;0,106
18.07.2023 11:00;0,256
18.07.2023 12:00;0,141
18.07.2023 13:00;0,111
18.07.2023 14:00;0,22
18.07.2023 15:00;0,224
18.07.2023 16:00;0,184
18.07.2023 17:00;0,202
18.07.2023 18:00;0,9
18.07.2023 19:00;0,235
18.07.2023 20:00;0,248
18.07.2023 21:00;0,242
18.07.2023 22:00;0,254
18.07.2023 23:00;0,293
19.07.2023 00:00;2,49
19.07.2023 01:00;0,208
19.07.2023 02:00;0,189
19.07.2023 03:00;0,208
19.07.2023 04:00;0,11
19.07.2023 05:00;0,104
19.07.2023 06:00;0,287
19.07.2023 07:00;0,112
19.07.2023 08:00;0,182
19.07.2023 09:00;0,256
19.07.2023 10:00;0,194
19.07.2023 11:00;0,224
19.07.2023 12:00;0,24
19.07.2023 13:00;0,279
19.07.2023 14:00;0,289
19.07.2023 15:00;0,28
19.07.2023 16:00;0,317
19.07.2023 17:00;0,589
19.07.2023 18:00;0,977
19.07.2023 19:00;0,293
19.07.2023 20:00;0,277
19.07.2023 21:00;0,333
19.07.2023 22:00;0,243
19.07.2023 23:00;0,315
20.07.2023 00:00;0,265
20.07.2023 01:00;0,257
20.07.2023 02:00;0,312
20.07.2023 03:00;0,316
20.07.2023 04:00;0,43
20.07.2023 05:00;0,37
20.07.2023 06:00;0,55
20.07.2023 07:00;0,175
20.07.2023 08:00;0,57
20.07.2023 09:00;0,115
20.07.2023 10:00;0,175
20.07.2023 11:00;0,21
20.07.2023 12:00;0,31
20.07.2023 13:00;0,317
20.07.2023 14:00;0,27
20.07.2023 15:00;0,257
20.07.2023 16:00;0,247
20.07.2023 17:00;0,579
20.07.2023 18:00;1,223
20.07.2023 19:00;0,97
20.07.2023 20:00;0,382
20.07.2023 21:00;0,363
20.07.2023 22:00;0,357
20.07.2023 23:00;0,44
21.07.2023 00:00;0,292
21.07.2023 01:00;0,219
21.07.2023 02:00;0,182
21.07.2023 03:00;0,206
21.07.2023 04:00;0,87
21.07.2023 05:00;0,42
21.07.2023 06:00;0,57
21.07.2023 07:00;0,101
21.07.2023 08:00;0,97
21.07.2023 09:00;0,216
21.07.2023 10:00;0,271
21.07.2023 11:00;0,278
21.07.2023 12:00;0,692
21.07.2023 13:00;0,364
21.07.2023 14:00;0,347
21.07.2023 15:00;0,38
21.07.2023 16:00;0,325
21.07.2023 17:00;0,24
21.07.2023 18:00;1,531
21.07.2023 19:00;0,591
21.07.2023 20:00;0,394
21.07.2023 21:00;0,366
21.07.2023 22:00;0,369
21.07.2023 23:00;0,315
22.07.2023 00:00;0,25
22.07.2023 01:00;0,227
22.07.2023 02:00;0,186
22.07.2023 03:00;0,227
22.07.2023 04:00;0,97
22.07.2023 05:00;0,35
22.07.2023 06:00;0,54
22.07.2023 07:00;0,139
22.07.2023 08:00;0,46
22.07.2023 09:00;0,36
22.07.2023 10:00;0,53
22.07.2023 11:00;0,13
22.07.2023 12:00;0,137
22.07.2023 13:00;0,119
22.07.2023 14:00;0,142
22.07.2023 15:00;0,247
22.07.2023 16:00;0,268
22.07.2023 17:00;0,238
22.07.2023 18:00;0,258
22.07.2023 19:00;0,288
22.07.2023 20:00;0,373
22.07.2023 21:00;0,362
22.07.2023 22:00;0,374
22.07.2023 23:00;0,465
23.07.2023 00:00;0,335
23.07.2023 01:00;0,184
23.07.2023 02:00;0,183
23.07.2023 03:00;2,426
23.07.2023 04:00;1,494
23.07.2023 05:00;0,45
23.07.2023 06:00;0,54
23.07.2023 07:00;0,44
23.07.2023 08:00;0,646
23.07.2023 09:00;0,78
23.07.2023 10:00;0,225
23.07.2023 11:00;0,366
23.07.2023 12:00;0,363
23.07.2023 13:00;1,402
23.07.2023 14:00;0,769
23.07.2023 15:00;0,285
23.07.2023 16:00;0,287
23.07.2023 17:00;1,477
23.07.2023 18:00;4,812
23.07.2023 19:00;3,941
23.07.2023 20:00;2,214
23.07.2023 21:00;0,432
23.07.2023 22:00;0,323
23.07.2023 23:00;0,366
24.07.2023 00:00;0,384
24.07.2023 01:00;0,225
24.07.2023 02:00;0,203
24.07.2023 03:00;0,711
24.07.2023 04:00;0,165
24.07.2023 05:00;0,64
24.07.2023 06:00;0,7
24.07.2023 07:00;0,68
24.07.2023 08:00;0,65
24.07.2023 09:00;0,238
24.07.2023 10:00;1,654
24.07.2023 11:00;0,463
24.07.2023 12:00;0,182
24.07.2023 13:00;0,351
24.07.2023 14:00;0,439
24.07.2023 15:00;0,185
24.07.2023 16:00;0,48
24.07.2023 17:00;0,37
24.07.2023 18:00;0,37
24.07.2023 19:00;0,36
24.07.2023 20:00;0,88
24.07.2023 21:00;1,158
24.07.2023 22:00;2,417
24.07.2023 23:00;0,709
25.07.2023 00:00;0,422
25.07.2023 01:00;0,348
25.07.2023 02:00;0,273
25.07.2023 03:00;1,795
25.07.2023 04:00;0,119
25.07.2023 05:00;0,57
25.07.2023 06:00;0,81
25.07.2023 07:00;0,87
25.07.2023 08:00;0,55
25.07.2023 09:00;0,133
25.07.2023 10:00;0,295
25.07.2023 11:00;0,166
25.07.2023 12:00;0,144
25.07.2023 13:00;0,196
25.07.2023 14:00;1,714
25.07.2023 15:00;0,715
25.07.2023 16:00;0,317
25.07.2023 17:00;0,379
25.07.2023 18:00;0,331
25.07.2023 19:00;0,331
25.07.2023 20:00;0,331
25.07.2023 21:00;0,529
25.07.2023 22:00;0,618
25.07.2023 23:00;0,525
26.07.2023 00:00;0,45
26.07.2023 01:00;0,306
26.07.2023 02:00;0,252
26.07.2023 03:00;3,414
26.07.2023 04:00;0,641
26.07.2023 05:00;0,6
26.07.2023 06:00;0,73
26.07.2023 07:00;0,69
26.07.2023 08:00;0,182
26.07.2023 09:00;0,82
26.07.2023 10:00;0,63
26.07.2023 11:00;0,59
26.07.2023 12:00;0,59
26.07.2023 13:00;0,59
26.07.2023 14:00;0,6
26.07.2023 15:00;0,6
26.07.2023 16:00;0,6
26.07.2023 17:00;0,6
26.07.2023 18:00;0,59
26.07.2023 19:00;0,59
26.07.2023 20:00;0,59
26.07.2023 21:00;0,407
26.07.2023 22:00;0,424
26.07.2023 23:00;1,547
27.07.2023 00:00;0,516
27.07.2023 01:00;0,436
27.07.2023 02:00;0,311
27.07.2023 03:00;1,867
27.07.2023 04:00;0,134
27.07.2023 05:00;0,61
27.07.2023 06:00;0,9
27.07.2023 07:00;0,76
27.07.2023 08:00;0,79
27.07.2023 09:00;0,69
27.07.2023 10:00;0,137
27.07.2023 11:00;0,153
27.07.2023 12:00;0,155
27.07.2023 13:00;0,32
27.07.2023 14:00;0,173
27.07.2023 15:00;0,121
27.07.2023 16:00;0,365
27.07.2023 17:00;1,509
27.07.2023 18:00;0,32
27.07.2023 19:00;0,164
27.07.2023 20:00;0,236
27.07.2023 21:00;0,208
27.07.2023 22:00;0,252
27.07.2023 23:00;0,268
28.07.2023 00:00;0,318
28.07.2023 01:00;0,251
28.07.2023 02:00;0,24
28.07.2023 03:00;1,331
28.07.2023 04:00;0,178
28.07.2023 05:00;0,63
28.07.2023 06:00;0,88
28.07.2023 07:00;0,79
28.07.2023 08:00;0,59
28.07.2023 09:00;0,6
28.07.2023 10:00;0,78
28.07.2023 11:00;0,76
28.07.2023 12:00;0,104
28.07.2023 13:00;0,135
28.07.2023 14:00;0,113
28.07.2023 15:00;0,95
28.07.2023 16:00;0,666
28.07.2023 17:00;0,177
28.07.2023 18:00;0,116
28.07.2023 19:00;0,187
28.07.2023 20:00;0,191
28.07.2023 21:00;0,869
28.07.2023 22:00;0,252
28.07.2023 23:00;0,264
29.07.2023 00:00;0,219
29.07.2023 01:00;0,218
29.07.2023 02:00;0,183
29.07.2023 03:00;0,235
29.07.2023 04:00;0,154
29.07.2023 05:00;0,59
29.07.2023 06:00;0,73
29.07.2023 07:00;0,65
29.07.2023 08:00;0,84
29.07.2023 09:00;0,108
29.07.2023 10:00;0,65
29.07.2023 11:00;0,66
29.07.2023 12:00;0,125
29.07.2023 13:00;0,439
29.07.2023 14:00;1,525
29.07.2023 15:00;1,249
29.07.2023 16:00;0,241
29.07.2023 17:00;0,127
29.07.2023 18:00;0,167
29.07.2023 19:00;0,686
29.07.2023 20:00;2,465
29.07.2023 21:00;1,664
29.07.2023 22:00;0,351
29.07.2023 23:00;0,328
30.07.2023 00:00;0,327
30.07.2023 01:00;0,307
30.07.2023 02:00;0,341
30.07.2023 03:00;0,29
30.07.2023 04:00;1,638
30.07.2023 05:00;0,128
30.07.2023 06:00;0,76
30.07.2023 07:00;0,81
30.07.2023 08:00;0,808
30.07.2023 09:00;0,949
30.07.2023 10:00;0,178
30.07.2023 11:00;0,183
30.07.2023 12:00;0,162
30.07.2023 13:00;0,139
30.07.2023 14:00;0,12
30.07.2023 15:00;0,46
30.07.2023 16:00;0,612
30.07.2023 17:00;0,86
30.07.2023 18:00;2,37
30.07.2023 19:00;4,345
30.07.2023 20:00;1,802
30.07.2023 21:00;0,373
30.07.2023 22:00;0,415
30.07.2023 23:00;0,422
31.07.2023 00:00;0,469
31.07.2023 01:00;0,412
31.07.2023 02:00;0,348
31.07.2023 03:00;2,25
31.07.2023 04:00;3,404
31.07.2023 05:00;0,166
31.07.2023 06:00;0,71
31.07.2023 07:00;0,69
31.07.2023 08:00;0,13
31.07.2023 09:00;0,92
31.07.2023 10:00;0,126
31.07.2023 11:00;1,457
31.07.2023 12:00;0,261
31.07.2023 13:00;1,559
31.07.2023 14:00;0,474
31.07.2023 15:00;0,303
31.07.2023 16:00;0,834
31.07.2023 17:00;0,295
31.07.2023 18:00;0,363
31.07.2023 19:00;0,435
31.07.2023 20:00;0,683
31.07.2023 21:00;0,883
31.07.2023 22:00;0,61
31.07.2023 23:00;0,518
01.08.2023 00:00;0,451
01.08.2023 01:00;0,431
01.08.2023 02:00;0,306
01.08.2023 03:00;0,247
01.08.2023 04:00;0,15
01.08.2023 05:00;2,425
01.08.2023 06:00;0,443
01.08.2023 07:00;0,37
01.08.2023 08:00;0,5
01.08.2023 09:00;0,104
01.08.2023 10:00;0,171
01.08.2023 11:00;0,124
01.08.2023 12:00;0,117
01.08.2023 13:00;0,196
01.08.2023 14:00;0,306
01.08.2023 15:00;0,212
01.08.2023 16:00;0,525
01.08.2023 17:00;1,537
01.08.2023 18:00;0,929
01.08.2023 19:00;0,258
01.08.2023 20:00;0,318
01.08.2023 21:00;0,295
01.08.2023 22:00;0,534
01.08.2023 23:00;1,661
02.08.2023 00:00;0,471
02.08.2023 01:00;0,443
02.08.2023 02:00;2,541
02.08.2023 03:00;1,6
02.08.2023 04:00;0,382
02.08.2023 05:00;0,124
02.08.2023 06:00;0,349
02.08.2023 07:00;0,219
02.08.2023 08:00;0,452
02.08.2023 09:00;0,85
02.08.2023 10:00;0,53
02.08.2023 11:00;0,62
02.08.2023 12:00;2,239
02.08.2023 13:00;0,377
02.08.2023 14:00;0,92
02.08.2023 15:00;0,189
02.08.2023 16:00;0,604
02.08.2023 17:00;1,558
02.08.2023 18:00;0,587
02.08.2023 19:00;0,998
02.08.2023 20:00;0,397
02.08.2023 21:00;0,979
02.08.2023 22:00;1,16
02.08.2023 23:00;0,592
03.08.2023 00:00;0,487
03.08.2023 01:00;0,509
03.08.2023 02:00;0,431
03.08.2023 03:00;2,728
03.08.2023 04:00;2,684
03.08.2023 05:00;1,339
03.08.2023 06:00;0,254
03.08.2023 07:00;0,247
03.08.2023 08:00;0,332
03.08.2023 09:00;0,24
03.08.2023 10:00;0,236
03.08.2023 11:00;0,273
03.08.2023 12:00;0,329
03.08.2023 13:00;0,449
03.08.2023 14:00;0,731
03.08.2023 15:00;0,324
03.08.2023 16:00;0,313
03.08.2023 17:00;0,307
03.08.2023 18:00;1,198
03.08.2023 19:00;0,316
03.08.2023 20:00;0,21
03.08.2023 21:00;0,277
03.08.2023 22:00;0,307
03.08.2023 23:00;0,279
04.08.2023 00:00;0,248
04.08.2023 01:00;0,271
04.08.2023 02:00;0,364
04.08.2023 03:00;2,676
04.08.2023 04:00;2,13
04.08.2023 05:00;0,223
04.08.2023 06:00;0,186
04.08.2023 07:00;0,185
04.08.2023 08:00;0,327
04.08.2023 09:00;0,126
04.08.2023 10:00;0,119
04.08.2023 11:00;0,107
04.08.2023 12:00;0,242
04.08.2023 13:00;0,187
04.08.2023 14:00;0,177
04.08.2023 15:00;0,199
04.08.2023 16:00;0,199
04.08.2023 17:00;3,19
04.08.2023 18:00;2,513
04.08.2023 19:00;0,452
04.08.2023 20:00;0,416
04.08.2023 21:00;0,543
04.08.2023 22:00;1,72
04.08.2023 23:00;1,175
05.08.2023 00:00;0,31
05.08.2023 01:00;0,272
05.08.2023 02:00;1,119
05.08.2023 03:00;3,297
05.08.2023 04:00;2,563
05.08.2023 05:00;0,31
05.08.2023 06:00;0,54
05.08.2023 07:00;0,37
05.08.2023 08:00;0,36
05.08.2023 09:00;0,63
05.08.2023 10:00;0,4
05.08.2023 11:00;0,97
05.08.2023 12:00;0,129
05.08.2023 13:00;0,286
05.08.2023 14:00;0,32
05.08.2023 15:00;0,208
05.08.2023 16:00;0,118
05.08.2023 17:00;0,122
05.08.2023 18:00;0,184
05.08.2023 19:00;0,267
05.08.2023 20:00;0,343
05.08.2023 21:00;0,437
05.08.2023 22:00;0,558
05.08.2023 23:00;0,539
06.08.2023 00:00;0,38
06.08.2023 01:00;0,382
06.08.2023 02:00;0,385
06.08.2023 03:00;0,461
06.08.2023 04:00;0,368
06.08.2023 05:00;0,255
06.08.2023 06:00;0,172
06.08.2023 07:00;0,43
06.08.2023 08:00;0,45
06.08.2023 09:00;0,67
06.08.2023 10:00;0,92
06.08.2023 11:00;0,135
06.08.2023 12:00;0,124
06.08.2023 13:00;0,143
06.08.2023 14:00;0,296
06.08.2023 15:00;0,398
06.08.2023 16:00;0,305
06.08.2023 17:00;0,337
06.08.2023 18:00;0,16
06.08.2023 19:00;0,193
06.08.2023 20:00;0,556
06.08.2023 21:00;1,63
06.08.2023 22:00;1,587
06.08.2023 23:00;0,357
07.08.2023 00:00;0,492
07.08.2023 01:00;0,455
07.08.2023 02:00;0,488
07.08.2023 03:00;3,188
07.08.2023 04:00;2,863
07.08.2023 05:00;0,396
07.08.2023 06:00;0,9
07.08.2023 07:00;0,62
07.08.2023 08:00;0,96
07.08.2023 09:00;0,85
07.08.2023 10:00;0,119
07.08.2023 11:00;0,134
07.08.2023 12:00;0,214
07.08.2023 13:00;0,203
07.08.2023 14:00;0,324
07.08.2023 15:00;0,511
07.08.2023 16:00;0,252
07.08.2023 17:00;0,406
07.08.2023 18:00;1,18
07.08.2023 19:00;0,227
07.08.2023 20:00;0,385
07.08.2023 21:00;0,455
07.08.2023 22:00;0,46
07.08.2023 23:00;0,384
08.08.2023 00:00;0,323
08.08.2023 01:00;0,237
08.08.2023 02:00;0,898
08.08.2023 03:00;2,694
08.08.2023 04:00;2,344
08.08.2023 05:00;0,497
08.08.2023 06:00;0,77
08.08.2023 07:00;0,328
08.08.2023 08:00;0,63
08.08.2023 09:00;0,81
08.08.2023 10:00;0,91
08.08.2023 11:00;0,15
08.08.2023 12:00;0,155
08.08.2023 13:00;0,108
08.08.2023 14:00;0,98
08.08.2023 15:00;0,149
08.08.2023 16:00;0,344
08.08.2023 17:00;0,389
08.08.2023 18:00;0,187
08.08.2023 19:00;0,185
08.08.2023 20:00;0,195
08.08.2023 21:00;0,314
08.08.2023 22:00;0,374
08.08.2023 23:00;0,544
09.08.2023 00:00;0,412
09.08.2023 01:00;0,363
09.08.2023 02:00;0,369
09.08.2023 03:00;2,654
09.08.2023 04:00;3,57
09.08.2023 05:00;0,196
09.08.2023 06:00;0,74
09.08.2023 07:00;0,94
09.08.2023 08:00;0,5
09.08.2023 09:00;0,62
09.08.2023 10:00;0,45
09.08.2023 11:00;0,87
09.08.2023 12:00;0,115
09.08.2023 13:00;0,93
09.08.2023 14:00;0,125
09.08.2023 15:00;0,136
09.08.2023 16:00;0,164
09.08.2023 17:00;0,484
09.08.2023 18:00;1,642
09.08.2023 19:00;3,665
09.08.2023 20:00;0,445
09.08.2023 21:00;0,719
09.08.2023 22:00;1,313
09.08.2023 23:00;0,364
10.08.2023 00:00;0,301
10.08.2023 01:00;0,303
10.08.2023 02:00;0,322
10.08.2023 03:00;3,239
10.08.2023 04:00;1,159
10.08.2023 05:00;0,177
10.08.2023 06:00;0,67
10.08.2023 07:00;0,582
10.08.2023 08:00;0,525
10.08.2023 09:00;0,117
10.08.2023 10:00;0,173
10.08.2023 11:00;0,122
10.08.2023 12:00;0,196
10.08.2023 13:00;0,61
10.08.2023 14:00;0,12
10.08.2023 15:00;0,61
10.08.2023 16:00;0,61
10.08.2023 17:00;0,383
10.08.2023 18:00;0,875
10.08.2023 19:00;0,184
10.08.2023 20:00;0,363
10.08.2023 21:00;0,555
10.08.2023 22:00;0,429
10.08.2023 23:00;0,234
11.08.2023 00:00;0,199
11.08.2023 01:00;0,189
11.08.2023 02:00;0,192
11.08.2023 03:00;1,379
11.08.2023 04:00;0,27
11.08.2023 05:00;0,97
11.08.2023 06:00;0,172
11.08.2023 07:00;0,451
11.08.2023 08:00;0,224
11.08.2023 09:00;0,224
11.08.2023 10:00;0,66
11.08.2023 11:00;0,69
11.08.2023 12:00;0,81
11.08.2023 13:00;0,85
11.08.2023 14:00;0,81
11.08.2023 15:00;0,84
11.08.2023 16:00;0,181
11.08.2023 17:00;0,602
11.08.2023 18:00;0,433
11.08.2023 19:00;0,149
11.08.2023 20:00;0,257
11.08.2023 21:00;1,574
11.08.2023 22:00;0,548
11.08.2023 23:00;0,506
12.08.2023 00:00;0,522
12.08.2023 01:00;0,553
12.08.2023 02:00;0,537
12.08.2023 03:00;1,435
12.08.2023 04:00;0,468
12.08.2023 05:00;0,134
12.08.2023 06:00;0,176
12.08.2023 07:00;0,83
12.08.2023 08:00;0,13
12.08.2023 09:00;0,149
12.08.2023 10:00;0,662
12.08.2023 11:00;0,166
12.08.2023 12:00;0,183
12.08.2023 13:00;2,74
12.08.2023 14:00;1,932
12.08.2023 15:00;0,824
12.08.2023 16:00;1,55
12.08.2023 17:00;0,218
12.08.2023 18:00;0,214
12.08.2023 19:00;0,235
12.08.2023 20:00;0,452
12.08.2023 21:00;0,512
12.08.2023 22:00;0,6
12.08.2023 23:00;0,507
13.08.2023 00:00;0,44
13.08.2023 01:00;0,381
13.08.2023 02:00;0,542
13.08.2023 03:00;0,374
13.08.2023 04:00;2,549
13.08.2023 05:00;3,101
13.08.2023 06:00;0,667
13.08.2023 07:00;0,92
13.08.2023 08:00;0,165
13.08.2023 09:00;1,563
13.08.2023 10:00;0,622
13.08.2023 11:00;0,87
13.08.2023 12:00;0,91
13.08.2023 13:00;0,89
13.08.2023 14:00;0,193
13.08.2023 15:00;0,119
13.08.2023 16:00;0,287
13.08.2023 17:00;0,121
13.08.2023 18:00;0,124
13.08.2023 19:00;4,97
13.08.2023 20:00;3,625
13.08.2023 21:00;2,86
13.08.2023 22:00;2,364
13.08.2023 23:00;0,323
14.08.2023 00:00;0,211
14.08.2023 01:00;0,2
14.08.2023 02:00;0,205
14.08.2023 03:00;0,206
14.08.2023 04:00;2,867
14.08.2023 05:00;3,342
14.08.2023 06:00;0,65
14.08.2023 07:00;0,171
14.08.2023 08:00;0,172
14.08.2023 09:00;0,8
14.08.2023 10:00;0,77
14.08.2023 11:00;0,78
14.08.2023 12:00;0,115
14.08.2023 13:00;0,122
14.08.2023 14:00;0,18
14.08.2023 15:00;0,351
14.08.2023 16:00;0,259
14.08.2023 17:00;0,227
14.08.2023 18:00;0,375
14.08.2023 19:00;0,935
14.08.2023 20:00;0,444
14.08.2023 21:00;0,197
14.08.2023 22:00;0,235
14.08.2023 23:00;0,22
15.08.2023 00:00;0,224
15.08.2023 01:00;2,648
15.08.2023 02:00;1,232
15.08.2023 03:00;0,798
15.08.2023 04:00;0,333
15.08.2023 05:00;0,169
15.08.2023 06:00;2,22
15.08.2023 07:00;0,425
15.08.2023 08:00;0,331
15.08.2023 09:00;0,204
15.08.2023 10:00;0,1
15.08.2023 11:00;0,76
15.08.2023 12:00;0,327
15.08.2023 13:00;0,284
15.08.2023 14:00;0,507
15.08.2023 15:00;0,15
15.08.2023 16:00;0,249
15.08.2023 17:00;0,775
15.08.2023 18:00;0,2
15.08.2023 19:00;0,148
15.08.2023 20:00;0,347
15.08.2023 21:00;0,412
15.08.2023 22:00;0,307
15.08.2023 23:00;0,236
16.08.2023 00:00;0,478
16.08.2023 01:00;3,525
16.08.2023 02:00;0,278
16.08.2023 03:00;0,847
16.08.2023 04:00;0,218
16.08.2023 05:00;0,116
16.08.2023 06:00;0,22
16.08.2023 07:00;0,276
16.08.2023 08:00;0,198
16.08.2023 09:00;0,83
16.08.2023 10:00;0,83
16.08.2023 11:00;0,173
16.08.2023 12:00;0,131
16.08.2023 13:00;0,233
16.08.2023 14:00;0,319
16.08.2023 15:00;0,148
16.08.2023 16:00;0,114
16.08.2023 17:00;0,721
16.08.2023 18:00;0,366
16.08.2023 19:00;0,194
16.08.2023 20:00;0,218
16.08.2023 21:00;0,266
16.08.2023 22:00;1,28
16.08.2023 23:00;0,722
17.08.2023 00:00;0,478
17.08.2023 01:00;2,91
17.08.2023 02:00;0,392
17.08.2023 03:00;0,359
17.08.2023 04:00;0,209
17.08.2023 05:00;0,122
17.08.2023 06:00;0,202
17.08.2023 07:00;0,85
17.08.2023 08:00;0,195
17.08.2023 09:00;0,146
17.08.2023 10:00;0,75
17.08.2023 11:00;0,246
17.08.2023 12:00;0,111
17.08.2023 13:00;0,86
17.08.2023 14:00;0,269
17.08.2023 15:00;0,179
17.08.2023 16:00;0,154
17.08.2023 17:00;0,751
17.08.2023 18:00;0,308
17.08.2023 19:00;0,173
17.08.2023 20:00;0,237
17.08.2023 21:00;0,22
17.08.2023 22:00;0,248
17.08.2023 23:00;0,328
18.08.2023 00:00;0,218
18.08.2023 01:00;0,936
18.08.2023 02:00;0,365
18.08.2023 03:00;0,381
18.08.2023 04:00;0,19
18.08.2023 05:00;0,73
18.08.2023 06:00;0,157
18.08.2023 07:00;0,103
18.08.2023 08:00;0,233
18.08.2023 09:00;0,112
18.08.2023 10:00;0,84
18.08.2023 11:00;0,305
18.08.2023 12:00;0,85
18.08.2023 13:00;0,228
18.08.2023 14:00;0,137
18.08.2023 15:00;0,142
18.08.2023 16:00;0,113
18.08.2023 17:00;0,48
18.08.2023 18:00;1,769
18.08.2023 19:00;0,426
18.08.2023 20:00;0,392
18.08.2023 21:00;0,55
18.08.2023 22:00;0,633
18.08.2023 23:00;3,575
19.08.2023 00:00;3,452
19.08.2023 01:00;1,664
19.08.2023 02:00;0,21
19.08.2023 03:00;0,18
19.08.2023 04:00;0,179
19.08.2023 05:00;0,129
19.08.2023 06:00;0,61
19.08.2023 07:00;0,147
19.08.2023 08:00;0,63
19.08.2023 09:00;0,205
19.08.2023 10:00;0,83
19.08.2023 11:00;0,141
19.08.2023 12:00;0,104
19.08.2023 13:00;0,199
19.08.2023 14:00;0,84
19.08.2023 15:00;0,95
19.08.2023 16:00;0,117
19.08.2023 17:00;0,193
19.08.2023 18:00;0,278
19.08.2023 19:00;0,382
19.08.2023 20:00;0,432
19.08.2023 21:00;0,517
19.08.2023 22:00;0,56
19.08.2023 23:00;0,553
20.08.2023 00:00;0,501
20.08.2023 01:00;2,467
20.08.2023 02:00;4,2
20.08.2023 03:00;0,372
20.08.2023 04:00;0,197
20.08.2023 05:00;0,154
20.08.2023 06:00;0,187
20.08.2023 07:00;0,86
20.08.2023 08:00;1,291
20.08.2023 09:00;0,63
20.08.2023 10:00;0,168
20.08.2023 11:00;0,91
20.08.2023 12:00;0,154
20.08.2023 13:00;0,83
20.08.2023 14:00;0,81
20.08.2023 15:00;2,94
20.08.2023 16:00;2,587
20.08.2023 17:00;3,372
20.08.2023 18:00;3,454
20.08.2023 19:00;2,908
20.08.2023 20:00;0,318
20.08.2023 21:00;0,241
20.08.2023 22:00;0,26
20.08.2023 23:00;0,224
21.08.2023 00:00;0,261
21.08.2023 01:00;3,289
21.08.2023 02:00;0,294
21.08.2023 03:00;0,261
21.08.2023 04:00;0,788
21.08.2023 05:00;0,266
21.08.2023 06:00;0,239
21.08.2023 07:00;0,448
21.08.2023 08:00;0,285
21.08.2023 09:00;0,263
21.08.2023 10:00;0,108
21.08.2023 11:00;0,74
21.08.2023 12:00;0,179
21.08.2023 13:00;0,232
21.08.2023 14:00;0,105
21.08.2023 15:00;0,213
21.08.2023 16:00;0,226
21.08.2023 17:00;1,5
21.08.2023 18:00;0,379
21.08.2023 19:00;0,351
21.08.2023 20:00;0,323
21.08.2023 21:00;0,507
21.08.2023 22:00;0,597
21.08.2023 23:00;0,539
22.08.2023 00:00;2,226
22.08.2023 01:00;0,491
22.08.2023 02:00;2,392
22.08.2023 03:00;3,876
22.08.2023 04:00;0,357
22.08.2023 05:00;0,138
22.08.2023 06:00;0,198
22.08.2023 07:00;0,122
22.08.2023 08:00;0,194
22.08.2023 09:00;0,72
22.08.2023 10:00;0,67
22.08.2023 11:00;0,74
22.08.2023 12:00;0,145
22.08.2023 13:00;0,71
22.08.2023 14:00;0,7
22.08.2023 15:00;0,188
22.08.2023 16:00;0,223
22.08.2023 17:00;0,57
22.08.2023 18:00;0,541
22.08.2023 19:00;0,184
22.08.2023 20:00;0,183
22.08.2023 21:00;0,285
22.08.2023 22:00;0,343
22.08.2023 23:00;0,308
23.08.2023 00:00;1,364
23.08.2023 01:00;0,521
23.08.2023 02:00;3,503
23.08.2023 03:00;1,373
23.08.2023 04:00;0,275
23.08.2023 05:00;0,146
23.08.2023 06:00;0,206
23.08.2023 07:00;0,231
23.08.2023 08:00;0,148
23.08.2023 09:00;0,72
23.08.2023 10:00;0,13
23.08.2023 11:00;0,75
23.08.2023 12:00;0,74
23.08.2023 13:00;0,142
23.08.2023 14:00;0,221
23.08.2023 15:00;0,244
23.08.2023 16:00;0,108
23.08.2023 17:00;0,197
23.08.2023 18:00;0,844
23.08.2023 19:00;0,261
23.08.2023 20:00;0,613
23.08.2023 21:00;0,643
23.08.2023 22:00;0,691
23.08.2023 23:00;0,631
24.08.2023 00:00;0,895
24.08.2023 01:00;2,226
24.08.2023 02:00;3,289
24.08.2023 03:00;1,275
24.08.2023 04:00;0,213
24.08.2023 05:00;0,167
24.08.2023 06:00;0,171
24.08.2023 07:00;0,334
24.08.2023 08:00;0,157
24.08.2023 09:00;0,7
24.08.2023 10:00;0,67
24.08.2023 11:00;0,68
24.08.2023 12:00;0,125
24.08.2023 13:00;0,64
24.08.2023 14:00;0,115
24.08.2023 15:00;0,224
24.08.2023 16:00;0,328
24.08.2023 17:00;0,18
24.08.2023 18:00;0,141
24.08.2023 19:00;0,818
24.08.2023 20:00;0,16
24.08.2023 21:00;0,293
24.08.2023 22:00;0,312
24.08.2023 23:00;0,281
25.08.2023 00:00;0,268
25.08.2023 01:00;0,283
25.08.2023 02:00;2,121
25.08.2023 03:00;0,392
25.08.2023 04:00;0,211
25.08.2023 05:00;0,147
25.08.2023 06:00;0,169
25.08.2023 07:00;0,197
25.08.2023 08:00;0,64
25.08.2023 09:00;0,176
25.08.2023 10:00;0,67
25.08.2023 11:00;0,59
25.08.2023 12:00;0,62
25.08.2023 13:00;0,159
25.08.2023 14:00;0,492
25.08.2023 15:00;0,165
25.08.2023 16:00;0,132
25.08.2023 17:00;0,574
25.08.2023 18:00;0,261
25.08.2023 19:00;0,109
25.08.2023 20:00;0,279
25.08.2023 21:00;0,369
25.08.2023 22:00;1,65
25.08.2023 23:00;0,931
26.08.2023 00:00;3,391
26.08.2023 01:00;0,483
26.08.2023 02:00;0,279
26.08.2023 03:00;0,272
26.08.2023 04:00;0,245
26.08.2023 05:00;0,176
26.08.2023 06:00;0,322
26.08.2023 07:00;0,167
26.08.2023 08:00;0,199
26.08.2023 09:00;0,355
26.08.2023 10:00;0,122
26.08.2023 11:00;0,11
26.08.2023 12:00;0,59
26.08.2023 13:00;0,11
26.08.2023 14:00;0,63
26.08.2023 15:00;0,296
26.08.2023 16:00;0,403
26.08.2023 17:00;0,497
26.08.2023 18:00;1,287
26.08.2023 19:00;0,477
26.08.2023 20:00;0,446
26.08.2023 21:00;0,638
26.08.2023 22:00;0,545
26.08.2023 23:00;0,474
27.08.2023 00:00;0,454
27.08.2023 01:00;0,422
27.08.2023 02:00;0,455
27.08.2023 03:00;3,42
27.08.2023 04:00;0,354
27.08.2023 05:00;0,151
27.08.2023 06:00;0,63
27.08.2023 07:00;0,173
27.08.2023 08:00;0,391
27.08.2023 09:00;1,666
27.08.2023 10:00;0,14
27.08.2023 11:00;0,842
27.08.2023 12:00;1,335
27.08.2023 13:00;0,331
27.08.2023 14:00;0,458
27.08.2023 15:00;0,357
27.08.2023 16:00;1,92
27.08.2023 17:00;2,316
27.08.2023 18:00;4,862
27.08.2023 19:00;3,274
27.08.2023 20:00;2,424
27.08.2023 21:00;1,956
27.08.2023 22:00;1,423
27.08.2023 23:00;1,529
28.08.2023 00:00;0,434
28.08.2023 01:00;0,365
28.08.2023 02:00;0,4
28.08.2023 03:00;3,315
28.08.2023 04:00;3,363
28.08.2023 05:00;0,159
28.08.2023 06:00;0,33
28.08.2023 07:00;0,156
28.08.2023 08:00;0,55
28.08.2023 09:00;0,64
28.08.2023 10:00;0,126
28.08.2023 11:00;0,123
28.08.2023 12:00;0,264
28.08.2023 13:00;0,2
28.08.2023 14:00;0,17
28.08.2023 15:00;0,239
28.08.2023 16:00;0,241
28.08.2023 17:00;0,552
28.08.2023 18:00;0,494
28.08.2023 19:00;0,342
28.08.2023 20:00;0,564
28.08.2023 21:00;0,592
28.08.2023 22:00;0,633
28.08.2023 23:00;0,524
29.08.2023 00:00;4,174
29.08.2023 01:00;1,146
29.08.2023 02:00;2,416
29.08.2023 03:00;1,503
29.08.2023 04:00;0,999
29.08.2023 05:00;0,335
29.08.2023 06:00;0,203
29.08.2023 07:00;0,301
29.08.2023 08:00;0,125
29.08.2023 09:00;0,14
29.08.2023 10:00;0,143
29.08.2023 11:00;0,201
29.08.2023 12:00;0,369
29.08.2023 13:00;0,102
29.08.2023 14:00;0,128
29.08.2023 15:00;0,148
29.08.2023 16:00;0,189
29.08.2023 17:00;0,565
29.08.2023 18:00;0,204
29.08.2023 19:00;0,288
29.08.2023 20:00;0,282
29.08.2023 21:00;0,359
29.08.2023 22:00;0,603
29.08.2023 23:00;3,683
30.08.2023 00:00;2,711
30.08.2023 01:00;0,444
30.08.2023 02:00;0,326
30.08.2023 03:00;0,184
30.08.2023 04:00;0,186
30.08.2023 05:00;0,134
30.08.2023 06:00;0,62
30.08.2023 07:00;0,168
30.08.2023 08:00;0,11
30.08.2023 09:00;0,202
30.08.2023 10:00;0,75
30.08.2023 11:00;0,129
30.08.2023 12:00;0,209
30.08.2023 13:00;0,434
30.08.2023 14:00;0,318
30.08.2023 15:00;0,304
30.08.2023 16:00;0,156
30.08.2023 17:00;0,161
30.08.2023 18:00;0,862
30.08.2023 19:00;0,309
30.08.2023 20:00;0,359
30.08.2023 21:00;0,554
30.08.2023 22:00;0,518
30.08.2023 23:00;0,478
31.08.2023 00:00;0,471
31.08.2023 01:00;0,413
31.08.2023 02:00;0,544
31.08.2023 03:00;3,817
31.08.2023 04:00;1,711
31.08.2023 05:00;0,159
31.08.2023 06:00;0,149
31.08.2023 07:00;0,61
31.08.2023 08:00;0,131
31.08.2023 09:00;0,339
31.08.2023 10:00;0,117
31.08.2023 11:00;0,312
31.08.2023 12:00;0,185
31.08.2023 13:00;0,412
31.08.2023 14:00;0,224
31.08.2023 15:00;0,313
31.08.2023 16:00;0,756
31.08.2023 17:00;0,421
31.08.2023 18:00;1,728
31.08.2023 19:00;0,371
31.08.2023 20:00;0,551
31.08.2023 21:00;0,579
31.08.2023 22:00;0,473
31.08.2023 23:00;2,114
01.09.2023 00:00;1,6
01.09.2023 01:00;2,528
01.09.2023 02:00;2,315
01.09.2023 03:00;2,969
01.09.2023 04:00;2,616
01.09.2023 05:00;1,368
01.09.2023 06:00;0,308
01.09.2023 07:00;0,196
01.09.2023 08:00;0,207
01.09.2023 09:00;0,75
01.09.2023 10:00;0,122
01.09.2023 11:00;0,22
01.09.2023 12:00;0,201
01.09.2023 13:00;0,98
01.09.2023 14:00;0,276
01.09.2023 15:00;0,335
01.09.2023 16:00;0,229
01.09.2023 17:00;0,181
01.09.2023 18:00;0,782
01.09.2023 19:00;0,324
01.09.2023 20:00;0,153
01.09.2023 21:00;0,264
01.09.2023 22:00;0,279
01.09.2023 23:00;0,325
02.09.2023 00:00;0,302
02.09.2023 01:00;0,239
02.09.2023 02:00;0,193
02.09.2023 03:00;1,196
02.09.2023 04:00;1,172
02.09.2023 05:00;1,857
02.09.2023 06:00;0,419
02.09.2023 07:00;0,77
02.09.2023 08:00;0,251
02.09.2023 09:00;0,421
02.09.2023 10:00;0,71
02.09.2023 11:00;0,69
02.09.2023 12:00;0,7
02.09.2023 13:00;0,68
02.09.2023 14:00;0,138
02.09.2023 15:00;0,439
02.09.2023 16:00;3,269
02.09.2023 17:00;0,927
02.09.2023 18:00;0,397
02.09.2023 19:00;0,662
02.09.2023 20:00;1,481
02.09.2023 21:00;2,424
02.09.2023 22:00;0,656
02.09.2023 23:00;0,552
03.09.2023 00:00;0,41
03.09.2023 01:00;0,381
03.09.2023 02:00;2,87
03.09.2023 03:00;2,11
03.09.2023 04:00;0,381
03.09.2023 05:00;0,246
03.09.2023 06:00;0,185
03.09.2023 07:00;0,124
03.09.2023 08:00;0,909
03.09.2023 09:00;0,915
03.09.2023 10:00;0,131
03.09.2023 11:00;0,165
03.09.2023 12:00;0,86
03.09.2023 13:00;0,84
03.09.2023 14:00;0,73
03.09.2023 15:00;0,71
03.09.2023 16:00;0,72
03.09.2023 17:00;0,244
03.09.2023 18:00;2,333
03.09.2023 19:00;3,839
03.09.2023 20:00;3,703
03.09.2023 21:00;2,3
03.09.2023 22:00;0,332
03.09.2023 23:00;0,571
04.09.2023 00:00;0,468
04.09.2023 01:00;2,661
04.09.2023 02:00;3,861
04.09.2023 03:00;2,471
04.09.2023 04:00;1,426
04.09.2023 05:00;0,341
04.09.2023 06:00;0,232
04.09.2023 07:00;0,247
04.09.2023 08:00;0,209
04.09.2023 09:00;0,69
04.09.2023 10:00;0,68
04.09.2023 11:00;0,68
04.09.2023 12:00;0,64
04.09.2023 13:00;0,229
04.09.2023 14:00;0,7
04.09.2023 15:00;0,167
04.09.2023 16:00;0,984
04.09.2023 17:00;0,5
04.09.2023 18:00;0,184
04.09.2023 19:00;0,94
04.09.2023 20:00;0,273
04.09.2023 21:00;2,1
04.09.2023 22:00;1,291
04.09.2023 23:00;0,489
05.09.2023 00:00;0,488
05.09.2023 01:00;3,204
05.09.2023 02:00;1,603
05.09.2023 03:00;1,982
05.09.2023 04:00;0,406
05.09.2023 05:00;0,244
05.09.2023 06:00;0,183
05.09.2023 07:00;0,181
05.09.2023 08:00;0,131
05.09.2023 09:00;0,117
05.09.2023 10:00;0,48
05.09.2023 11:00;0,141
05.09.2023 12:00;0,195
05.09.2023 13:00;0,298
05.09.2023 14:00;0,438
05.09.2023 15:00;1,847
05.09.2023 16:00;2,284
05.09.2023 17:00;3,311
05.09.2023 18:00;0,293
05.09.2023 19:00;0,602
05.09.2023 20:00;0,554
05.09.2023 21:00;0,842
05.09.2023 22:00;0,542
05.09.2023 23:00;0,428
06.09.2023 00:00;0,376
06.09.2023 01:00;0,288
06.09.2023 02:00;2,282
06.09.2023 03:00;1,175
06.09.2023 04:00;0,205
06.09.2023 05:00;0,175
06.09.2023 06:00;0,165
06.09.2023 07:00;0,502
06.09.2023 08:00;0,112
06.09.2023 09:00;0,191
06.09.2023 10:00;0,119
06.09.2023 11:00;0,83
06.09.2023 12:00;0,141
06.09.2023 13:00;0,978
06.09.2023 14:00;0,393
06.09.2023 15:00;0,72
06.09.2023 16:00;0,72
06.09.2023 17:00;0,265
06.09.2023 18:00;0,713
06.09.2023 19:00;0,254
06.09.2023 20:00;0,24
06.09.2023 21:00;0,51
06.09.2023 22:00;0,318
06.09.2023 23:00;0,263
07.09.2023 00:00;0,234
07.09.2023 01:00;0,231
07.09.2023 02:00;0,202
07.09.2023 03:00;0,209
07.09.2023 04:00;0,195
07.09.2023 05:00;0,173
07.09.2023 06:00;0,167
07.09.2023 07:00;0,308
07.09.2023 08:00;0,166
07.09.2023 09:00;0,151
07.09.2023 10:00;0,145
07.09.2023 11:00;0,313
07.09.2023 12:00;0,154
07.09.2023 13:00;0,75
07.09.2023 14:00;1,105
07.09.2023 15:00;2,911
07.09.2023 16:00;1,907
07.09.2023 17:00;0,702
07.09.2023 18:00;0,123
07.09.2023 19:00;0,22
07.09.2023 20:00;0,305
07.09.2023 21:00;0,406
07.09.2023 22:00;0,342
07.09.2023 23:00;0,316
08.09.2023 00:00;0,311
08.09.2023 01:00;0,276
08.09.2023 02:00;1,719
08.09.2023 03:00;0,321
08.09.2023 04:00;0,195
08.09.2023 05:00;0,194
08.09.2023 06:00;0,248
08.09.2023 07:00;0,27
08.09.2023 08:00;0,76
08.09.2023 09:00;0,198
08.09.2023 10:00;0,74
08.09.2023 11:00;0,7
08.09.2023 12:00;0,179
08.09.2023 13:00;0,79
08.09.2023 14:00;2,188
08.09.2023 15:00;2,706
08.09.2023 16:00;0,895
08.09.2023 17:00;1,175
08.09.2023 18:00;0,223
08.09.2023 19:00;0,282
08.09.2023 20:00;0,439
08.09.2023 21:00;0,31
08.09.2023 22:00;0,408
08.09.2023 23:00;0,304
09.09.2023 00:00;0,284
09.09.2023 01:00;0,269
09.09.2023 02:00;2,65
09.09.2023 03:00;0,334
09.09.2023 04:00;0,242
09.09.2023 05:00;0,184
09.09.2023 06:00;0,58
09.09.2023 07:00;0,128
09.09.2023 08:00;0,189
09.09.2023 09:00;0,7
09.09.2023 10:00;0,7
09.09.2023 11:00;0,189
09.09.2023 12:00;0,171
09.09.2023 13:00;0,247
09.09.2023 14:00;2,9
09.09.2023 15:00;3,203
09.09.2023 16:00;0,615
09.09.2023 17:00;0,269
09.09.2023 18:00;0,31
09.09.2023 19:00;0,499
09.09.2023 20:00;0,593
09.09.2023 21:00;0,635
09.09.2023 22:00;0,575
09.09.2023 23:00;0,452
10.09.2023 00:00;0,402
10.09.2023 01:00;0,64
10.09.2023 02:00;3,652
10.09.2023 03:00;1,83
10.09.2023 04:00;0,196
10.09.2023 05:00;0,193
10.09.2023 06:00;0,205
10.09.2023 07:00;0,26
10.09.2023 08:00;0,127
10.09.2023 09:00;0,113
10.09.2023 10:00;0,72
10.09.2023 11:00;0,9
10.09.2023 12:00;0,263
10.09.2023 13:00;0,196
10.09.2023 14:00;3,415
10.09.2023 15:00;1,166
10.09.2023 16:00;1,287
10.09.2023 17:00;0,208
10.09.2023 18:00;2,77
10.09.2023 19:00;2,895
10.09.2023 20:00;2,557
10.09.2023 21:00;0,464
10.09.2023 22:00;0,367
10.09.2023 23:00;0,31
11.09.2023 00:00;0,228
11.09.2023 01:00;0,194
11.09.2023 02:00;3,566
11.09.2023 03:00;0,949
11.09.2023 04:00;0,197
11.09.2023 05:00;0,19
11.09.2023 06:00;0,188
11.09.2023 07:00;0,199
11.09.2023 08:00;0,357
11.09.2023 09:00;0,28
11.09.2023 10:00;0,765
11.09.2023 11:00;0,403
11.09.2023 12:00;0,161
11.09.2023 13:00;0,13
11.09.2023 14:00;1,492
11.09.2023 15:00;1,351
11.09.2023 16:00;3,53
11.09.2023 17:00;3,136
11.09.2023 18:00;0,158
11.09.2023 19:00;0,117
11.09.2023 20:00;0,332
11.09.2023 21:00;0,574
11.09.2023 22:00;0,666
11.09.2023 23:00;1,698
12.09.2023 00:00;0,94
12.09.2023 01:00;0,47
12.09.2023 02:00;3,661
12.09.2023 03:00;1,129
12.09.2023 04:00;0,222
12.09.2023 05:00;0,218
12.09.2023 06:00;0,199
12.09.2023 07:00;0,222
12.09.2023 08:00;0,359
12.09.2023 09:00;0,255
12.09.2023 10:00;0,193
12.09.2023 11:00;0,226
12.09.2023 12:00;0,238
12.09.2023 13:00;0,168
12.09.2023 14:00;0,152
12.09.2023 15:00;0,145
12.09.2023 16:00;1,443
12.09.2023 17:00;0,78
12.09.2023 18:00;0,2
12.09.2023 19:00;0,202
12.09.2023 20:00;0,294
12.09.2023 21:00;0,343
12.09.2023 22:00;0,217
12.09.2023 23:00;0,299
13.09.2023 00:00;0,252
13.09.2023 01:00;0,198
13.09.2023 02:00;1,347
13.09.2023 03:00;0,268
13.09.2023 04:00;0,21
13.09.2023 05:00;0,202
13.09.2023 06:00;0,142
13.09.2023 07:00;0,255
13.09.2023 08:00;0,478
13.09.2023 09:00;0,169
13.09.2023 10:00;0,167
13.09.2023 11:00;0,137
13.09.2023 12:00;0,136
13.09.2023 13:00;0,407
13.09.2023 14:00;0,748
13.09.2023 15:00;2,516
13.09.2023 16:00;5,257
13.09.2023 17:00;2,569
13.09.2023 18:00;0,384
13.09.2023 19:00;0,249
13.09.2023 20:00;0,377
13.09.2023 21:00;0,365
13.09.2023 22:00;0,324
13.09.2023 23:00;0,305
14.09.2023 00:00;3,408
14.09.2023 01:00;0,497
14.09.2023 02:00;0,199
14.09.2023 03:00;0,205
14.09.2023 04:00;0,195
14.09.2023 05:00;0,187
14.09.2023 06:00;0,224
14.09.2023 07:00;0,203
14.09.2023 08:00;0,73
14.09.2023 09:00;0,71
14.09.2023 10:00;0,214
14.09.2023 11:00;0,159
14.09.2023 12:00;0,77
14.09.2023 13:00;0,508
14.09.2023 14:00;0,102
14.09.2023 15:00;3,784
14.09.2023 16:00;4,851
14.09.2023 17:00;0,261
14.09.2023 18:00;0,22
14.09.2023 19:00;0,236
14.09.2023 20:00;0,399
14.09.2023 21:00;0,358
14.09.2023 22:00;0,318
14.09.2023 23:00;0,366
15.09.2023 00:00;3,448
15.09.2023 01:00;2,78
15.09.2023 02:00;0,19
15.09.2023 03:00;0,19
15.09.2023 04:00;0,193
15.09.2023 05:00;0,191
15.09.2023 06:00;0,233
15.09.2023 07:00;0,283
15.09.2023 08:00;0,103
15.09.2023 09:00;0,515
15.09.2023 10:00;0,101
15.09.2023 11:00;0,127
15.09.2023 12:00;0,168
15.09.2023 13:00;0,576
15.09.2023 14:00;0,61
15.09.2023 15:00;1,186
15.09.2023 16:00;0,109
15.09.2023 17:00;0,58
15.09.2023 18:00;0,58
15.09.2023 19:00;0,2
15.09.2023 20:00;0,231
15.09.2023 21:00;0,401
15.09.2023 22:00;0,333
15.09.2023 23:00;0,327
16.09.2023 00:00;0,321
16.09.2023 01:00;0,453
16.09.2023 02:00;3,479
16.09.2023 03:00;2,309
16.09.2023 04:00;0,222
16.09.2023 05:00;0,269
16.09.2023 06:00;0,234
16.09.2023 07:00;0,9
16.09.2023 08:00;0,184
16.09.2023 09:00;0,177
16.09.2023 10:00;0,115
16.09.2023 11:00;0,1
16.09.2023 12:00;0,364
16.09.2023 13:00;0,125
16.09.2023 14:00;2,972
16.09.2023 15:00;2,814
16.09.2023 16:00;0,794
16.09.2023 17:00;0,106
16.09.2023 18:00;0,254
16.09.2023 19:00;1,689
16.09.2023 20:00;0,692
16.09.2023 21:00;0,712
16.09.2023 22:00;0,611
16.09.2023 23:00;1,801
17.09.2023 00:00;0,544
17.09.2023 01:00;0,395
17.09.2023 02:00;3,247
17.09.2023 03:00;2,615
17.09.2023 04:00;0,207
17.09.2023 05:00;0,2
17.09.2023 06:00;0,208
17.09.2023 07:00;0,67
17.09.2023 08:00;1,71
17.09.2023 09:00;0,193
17.09.2023 10:00;0,63
17.09.2023 11:00;0,66
17.09.2023 12:00;0,75
17.09.2023 13:00;0,16
17.09.2023 14:00;1,907
17.09.2023 15:00;0,16
17.09.2023 16:00;1,257
17.09.2023 17:00;2,363
17.09.2023 18:00;2,629
17.09.2023 19:00;5,117
17.09.2023 20:00;3,963
17.09.2023 21:00;3,788
17.09.2023 22:00;0,327
17.09.2023 23:00;0,397
18.09.2023 00:00;0,277
18.09.2023 01:00;0,195
18.09.2023 02:00;3,378
18.09.2023 03:00;1,82
18.09.2023 04:00;0,194
18.09.2023 05:00;0,204
18.09.2023 06:00;0,217
18.09.2023 07:00;0,198
18.09.2023 08:00;0,76
18.09.2023 09:00;0,247
18.09.2023 10:00;0,89
18.09.2023 11:00;0,69
18.09.2023 12:00;0,77
18.09.2023 13:00;0,157
18.09.2023 14:00;0,187
18.09.2023 15:00;0,75
18.09.2023 16:00;0,508
18.09.2023 17:00;0,525
18.09.2023 18:00;0,305
18.09.2023 19:00;0,23
18.09.2023 20:00;0,386
18.09.2023 21:00;0,343
18.09.2023 22:00;0,409
18.09.2023 23:00;0,31
19.09.2023 00:00;0,27
19.09.2023 01:00;0,195
19.09.2023 02:00;5,42
19.09.2023 03:00;3,337
19.09.2023 04:00;0,241
19.09.2023 05:00;0,213
19.09.2023 06:00;1,925
19.09.2023 07:00;0,255
19.09.2023 08:00;0,89
19.09.2023 09:00;0,146
19.09.2023 10:00;0,74
19.09.2023 11:00;0,76
19.09.2023 12:00;0,227
19.09.2023 13:00;0,83
19.09.2023 14:00;3,19
19.09.2023 15:00;3,3
19.09.2023 16:00;0,103
19.09.2023 17:00;0,541
19.09.2023 18:00;0,456
19.09.2023 19:00;0,187
19.09.2023 20:00;0,372
19.09.2023 21:00;0,349
19.09.2023 22:00;0,341
19.09.2023 23:00;0,306
20.09.2023 00:00;0,306
20.09.2023 01:00;1,407
20.09.2023 02:00;2,109
20.09.2023 03:00;3,709
20.09.2023 04:00;3,859
20.09.2023 05:00;0,212
20.09.2023 06:00;0,285
20.09.2023 07:00;0,371
20.09.2023 08:00;0,63
20.09.2023 09:00;0,53
20.09.2023 10:00;0,52
20.09.2023 11:00;0,168
20.09.2023 12:00;0,51
20.09.2023 13:00;0,57
20.09.2023 14:00;2,961
20.09.2023 15:00;0,426
20.09.2023 16:00;0,205
20.09.2023 17:00;0,116
20.09.2023 18:00;0,335
20.09.2023 19:00;0,681
20.09.2023 20:00;0,539
20.09.2023 21:00;0,489
20.09.2023 22:00;0,332
20.09.2023 23:00;0,308
21.09.2023 00:00;0,311
21.09.2023 01:00;3,515
21.09.2023 02:00;0,316
21.09.2023 03:00;3,292
21.09.2023 04:00;0,188
21.09.2023 05:00;0,194
21.09.2023 06:00;0,241
21.09.2023 07:00;0,426
21.09.2023 08:00;0,14
21.09.2023 09:00;0,89
21.09.2023 10:00;0,139
21.09.2023 11:00;0,144
21.09.2023 12:00;0,74
21.09.2023 13:00;0,71
21.09.2023 14:00;1,801
21.09.2023 15:00;0,271
21.09.2023 16:00;0,65
21.09.2023 17:00;0,16
21.09.2023 18:00;1,314
21.09.2023 19:00;0,416
21.09.2023 20:00;0,362
21.09.2023 21:00;0,364
21.09.2023 22:00;0,53
21.09.2023 23:00;0,584
22.09.2023 00:00;0,549
22.09.2023 01:00;1,458
22.09.2023 02:00;0,592
22.09.2023 03:00;3,313
22.09.2023 04:00;1,154
22.09.2023 05:00;0,2
22.09.2023 06:00;0,279
22.09.2023 07:00;0,179
22.09.2023 08:00;0,164
22.09.2023 09:00;0,87
22.09.2023 10:00;0,137
22.09.2023 11:00;0,69
22.09.2023 12:00;0,72
22.09.2023 13:00;0,196
22.09.2023 14:00;0,77
22.09.2023 15:00;2,528
22.09.2023 16:00;0,72
22.09.2023 17:00;0,559
22.09.2023 18:00;0,846
22.09.2023 19:00;0,169
22.09.2023 20:00;0,259
22.09.2023 21:00;0,494
22.09.2023 22:00;0,421
22.09.2023 23:00;0,311
23.09.2023 00:00;0,339
23.09.2023 01:00;0,308
23.09.2023 02:00;0,336
23.09.2023 03:00;0,522
23.09.2023 04:00;1,85
23.09.2023 05:00;3,341
23.09.2023 06:00;3,355
23.09.2023 07:00;0,217
23.09.2023 08:00;0,134
23.09.2023 09:00;0,206
23.09.2023 10:00;0,154
23.09.2023 11:00;0,587
23.09.2023 12:00;3,526
23.09.2023 13:00;0,736
23.09.2023 14:00;0,519
23.09.2023 15:00;0,885
23.09.2023 16:00;3,173
23.09.2023 17:00;0,165
23.09.2023 18:00;0,167
23.09.2023 19:00;0,451
23.09.2023 20:00;1,246
23.09.2023 21:00;2,539
23.09.2023 22:00;0,767
23.09.2023 23:00;0,354
24.09.2023 00:00;0,384
24.09.2023 01:00;0,308
24.09.2023 02:00;0,442
24.09.2023 03:00;0,398
24.09.2023 04:00;3,26
24.09.2023 05:00;3,292
24.09.2023 06:00;0,256
24.09.2023 07:00;0,57
24.09.2023 08:00;0,428
24.09.2023 09:00;1,299
24.09.2023 10:00;0,157
24.09.2023 11:00;0,929
24.09.2023 12:00;1,767
24.09.2023 13:00;0,16
24.09.2023 14:00;1,183
24.09.2023 15:00;0,7
24.09.2023 16:00;3,212
24.09.2023 17:00;3,452
24.09.2023 18:00;4,356
24.09.2023 19:00;3,64
24.09.2023 20:00;2,311
24.09.2023 21:00;0,326
24.09.2023 22:00;0,215
24.09.2023 23:00;0,193
25.09.2023 00:00;0,296
25.09.2023 01:00;0,429
25.09.2023 02:00;0,468
25.09.2023 03:00;0,323
25.09.2023 04:00;3,395
25.09.2023 05:00;3,393
25.09.2023 06:00;0,377
25.09.2023 07:00;0,293
25.09.2023 08:00;0,11
25.09.2023 09:00;0,193
25.09.2023 10:00;0,115
25.09.2023 11:00;0,168
25.09.2023 12:00;0,225
25.09.2023 13:00;0,211
25.09.2023 14:00;0,261
25.09.2023 15:00;0,187
25.09.2023 16:00;1,798
25.09.2023 17:00;0,46
25.09.2023 18:00;0,232
25.09.2023 19:00;0,611
25.09.2023 20:00;0,359
25.09.2023 21:00;0,271
25.09.2023 22:00;0,192
25.09.2023 23:00;0,207
26.09.2023 00:00;2,5
26.09.2023 01:00;0,57
26.09.2023 02:00;0,835
26.09.2023 03:00;3,343
26.09.2023 04:00;4,7
26.09.2023 05:00;0,22
26.09.2023 06:00;0,229
26.09.2023 07:00;0,297
26.09.2023 08:00;0,64
26.09.2023 09:00;0,181
26.09.2023 10:00;0,141
26.09.2023 11:00;0,133
26.09.2023 12:00;0,8
26.09.2023 13:00;0,132
26.09.2023 14:00;0,261
26.09.2023 15:00;0,74
26.09.2023 16:00;2,695
26.09.2023 17:00;0,437
26.09.2023 18:00;0,727
26.09.2023 19:00;0,226
26.09.2023 20:00;0,327
26.09.2023 21:00;0,294
26.09.2023 22:00;0,26
26.09.2023 23:00;0,195
27.09.2023 00:00;0,178
27.09.2023 01:00;0,171
27.09.2023 02:00;0,171
27.09.2023 03:00;3,457
27.09.2023 04:00;0,402
27.09.2023 05:00;0,384
27.09.2023 06:00;0,356
27.09.2023 07:00;0,54
27.09.2023 08:00;0,251
27.09.2023 09:00;0,341
27.09.2023 10:00;0,57
27.09.2023 11:00;0,8
27.09.2023 12:00;0,69
27.09.2023 13:00;0,14
27.09.2023 14:00;0,63
27.09.2023 15:00;0,64
27.09.2023 16:00;3,17
27.09.2023 17:00;1,66
27.09.2023 18:00;0,601
27.09.2023 19:00;0,41
27.09.2023 20:00;0,292
27.09.2023 21:00;0,276
27.09.2023 22:00;0,251
27.09.2023 23:00;0,179
28.09.2023 00:00;0,73
28.09.2023 01:00;0,377
28.09.2023 02:00;3,336
28.09.2023 03:00;3,839
28.09.2023 04:00;0,179
28.09.2023 05:00;0,175
28.09.2023 06:00;0,251
28.09.2023 07:00;0,283
28.09.2023 08:00;0,85
28.09.2023 09:00;0,214
28.09.2023 10:00;0,138
28.09.2023 11:00;0,49
28.09.2023 12:00;0,136
28.09.2023 13:00;0,142
28.09.2023 14:00;1,242
28.09.2023 15:00;0,117
28.09.2023 16:00;0,254
28.09.2023 17:00;0,135
28.09.2023 18:00;0,743
28.09.2023 19:00;1,92
28.09.2023 20:00;0,329
28.09.2023 21:00;0,374
28.09.2023 22:00;0,256
28.09.2023 23:00;0,263
29.09.2023 00:00;0,192
29.09.2023 01:00;0,193
29.09.2023 02:00;3,333
29.09.2023 03:00;0,299
29.09.2023 04:00;0,275
29.09.2023 05:00;0,276
29.09.2023 06:00;0,366
29.09.2023 07:00;0,42
29.09.2023 08:00;0,324
29.09.2023 09:00;0,124
29.09.2023 10:00;0,108
29.09.2023 11:00;0,108
29.09.2023 12:00;0,76
29.09.2023 13:00;0,76
29.09.2023 14:00;0,121
29.09.2023 15:00;0,69
29.09.2023 16:00;0,85
29.09.2023 17:00;0,83
29.09.2023 18:00;0,193
29.09.2023 19:00;0,246
29.09.2023 20:00;0,746
29.09.2023 21:00;0,508
29.09.2023 22:00;0,562
29.09.2023 23:00;0,512
30.09.2023 00:00;0,47
30.09.2023 01:00;0,366
30.09.2023 02:00;0,326
30.09.2023 03:00;0,327
30.09.2023 04:00;3,61
30.09.2023 05:00;0,551
30.09.2023 06:00;0,226
30.09.2023 07:00;0,341
30.09.2023 08:00;0,331
30.09.2023 09:00;0,513
30.09.2023 10:00;1,741
30.09.2023 11:00;0,314
30.09.2023 12:00;0,69
30.09.2023 13:00;4,587
30.09.2023 14:00;3,628
30.09.2023 15:00;3,631
30.09.2023 16:00;0,812
30.09.2023 17:00;0,37
30.09.2023 18:00;0,713
30.09.2023 19:00;0,251
30.09.2023 20:00;0,31
30.09.2023 21:00;0,366
30.09.2023 22:00;0,237
30.09.2023 23:00;0,456
01.10.2023 00:00;2,221
01.10.2023 01:00;2,213
01.10.2023 02:00;2,226
01.10.2023 03:00;2,195
01.10.2023 04:00;1,673
01.10.2023 05:00;0,31
01.10.2023 06:00;0,299
01.10.2023 07:00;0,238
01.10.2023 08:00;1,5
01.10.2023 09:00;0,767
01.10.2023 10:00;0,413
01.10.2023 11:00;0,84
01.10.2023 12:00;0,98
01.10.2023 13:00;0,13
01.10.2023 14:00;0,488
01.10.2023 15:00;2,834
01.10.2023 16:00;3,832
01.10.2023 17:00;6,4
01.10.2023 18:00;4,138
01.10.2023 19:00;1,741
01.10.2023 20:00;1,747
01.10.2023 21:00;0,614
01.10.2023 22:00;0,221
01.10.2023 23:00;0,26
02.10.2023 00:00;0,226
02.10.2023 01:00;0,184
02.10.2023 02:00;0,185
02.10.2023 03:00;0,182
02.10.2023 04:00;1,568
02.10.2023 05:00;0,206
02.10.2023 06:00;1,73
02.10.2023 07:00;0,46
02.10.2023 08:00;0,15
02.10.2023 09:00;0,81
02.10.2023 10:00;0,137
02.10.2023 11:00;0,162
02.10.2023 12:00;0,217
02.10.2023 13:00;0,145
02.10.2023 14:00;0,201
02.10.2023 15:00;0,129
02.10.2023 16:00;0,789
02.10.2023 17:00;0,84
02.10.2023 18:00;0,107
02.10.2023 19:00;0,332
02.10.2023 20:00;0,507
02.10.2023 21:00;0,926
02.10.2023 22:00;0,525
02.10.2023 23:00;0,344
03.10.2023 00:00;2,561
03.10.2023 01:00;1,792
03.10.2023 02:00;0,614
03.10.2023 03:00;0,317
03.10.2023 04:00;3,801
03.10.2023 05:00;0,195
03.10.2023 06:00;0,397
03.10.2023 07:00;0,267
03.10.2023 08:00;0,151
03.10.2023 09:00;0,744
03.10.2023 10:00;0,192
03.10.2023 11:00;0,96
03.10.2023 12:00;0,252
03.10.2023 13:00;0,11
03.10.2023 14:00;0,319
03.10.2023 15:00;0,302
03.10.2023 16:00;2,938
03.10.2023 17:00;0,568
03.10.2023 18:00;0,757
03.10.2023 19:00;0,337
03.10.2023 20:00;0,341
03.10.2023 21:00;0,39
03.10.2023 22:00;0,765
03.10.2023 23:00;1,465
04.10.2023 00:00;1,443
04.10.2023 01:00;1,389
04.10.2023 02:00;1,392
04.10.2023 03:00;1,381
04.10.2023 04:00;1,373
04.10.2023 05:00;0,54
04.10.2023 06:00;0,415
04.10.2023 07:00;0,161
04.10.2023 08:00;0,181
04.10.2023 09:00;0,108
04.10.2023 10:00;0,14
04.10.2023 11:00;0,64
04.10.2023 12:00;0,195
04.10.2023 13:00;0,213
04.10.2023 14:00;2,829
04.10.2023 15:00;0,748
04.10.2023 16:00;0,249
04.10.2023 17:00;0,378
04.10.2023 18:00;0,151
04.10.2023 19:00;0,509
04.10.2023 20:00;0,804
04.10.2023 21:00;0,469
04.10.2023 22:00;0,294
04.10.2023 23:00;0,399
05.10.2023 00:00;1,75
05.10.2023 01:00;1,713
05.10.2023 02:00;0,813
05.10.2023 03:00;0,419
05.10.2023 04:00;0,963
05.10.2023 05:00;0,35
05.10.2023 06:00;1,513
05.10.2023 07:00;1,429
05.10.2023 08:00;0,15
05.10.2023 09:00;0,69
05.10.2023 10:00;0,294
05.10.2023 11:00;0,63
05.10.2023 12:00;0,212
05.10.2023 13:00;0,175
05.10.2023 14:00;0,71
05.10.2023 15:00;0,572
05.10.2023 16:00;0,151
05.10.2023 17:00;0,146
05.10.2023 18:00;1,18
05.10.2023 19:00;0,49
05.10.2023 20:00;0,404
05.10.2023 21:00;0,384
05.10.2023 22:00;0,5
05.10.2023 23:00;1,623
06.10.2023 00:00;3,415
06.10.2023 01:00;2,625
06.10.2023 02:00;0,378
06.10.2023 03:00;0,344
06.10.2023 04:00;0,874
06.10.2023 05:00;0,359
06.10.2023 06:00;0,469
06.10.2023 07:00;0,381
06.10.2023 08:00;0,8
06.10.2023 09:00;0,144
06.10.2023 10:00;0,67
06.10.2023 11:00;0,65
06.10.2023 12:00;0,61
06.10.2023 13:00;0,84
06.10.2023 14:00;0,66
06.10.2023 15:00;0,259
06.10.2023 16:00;0,176
06.10.2023 17:00;0,44
06.10.2023 18:00;0,61
06.10.2023 19:00;0,454
06.10.2023 20:00;0,409
06.10.2023 21:00;0,286
06.10.2023 22:00;0,242
06.10.2023 23:00;2,17
07.10.2023 00:00;2,992
07.10.2023 01:00;2,983
07.10.2023 02:00;0,859
07.10.2023 03:00;0,857
07.10.2023 04:00;0,755
07.10.2023 05:00;1,176
07.10.2023 06:00;1,19
07.10.2023 07:00;0,677
07.10.2023 08:00;0,741
07.10.2023 09:00;1,34
07.10.2023 10:00;2,114
07.10.2023 11:00;2,692
07.10.2023 12:00;3,38
07.10.2023 13:00;2,383
07.10.2023 14:00;1,571
07.10.2023 15:00;1,35
07.10.2023 16:00;1,768
07.10.2023 17:00;1,993
07.10.2023 18:00;0,849
07.10.2023 19:00;0,419
07.10.2023 20:00;0,365
07.10.2023 21:00;0,525
07.10.2023 22:00;0,459
07.10.2023 23:00;2,133
08.10.2023 00:00;2,726
08.10.2023 01:00;2,726
08.10.2023 02:00;2,71
08.10.2023 03:00;2,688
08.10.2023 04:00;2,689
08.10.2023 05:00;2,186
08.10.2023 06:00;1,483
08.10.2023 07:00;1,317
08.10.2023 08:00;1,354
08.10.2023 09:00;2,821
08.10.2023 10:00;1,147
08.10.2023 11:00;1,361
08.10.2023 12:00;1,36
08.10.2023 13:00;0,46
08.10.2023 14:00;0,527
08.10.2023 15:00;0,983
08.10.2023 16:00;4,212
08.10.2023 17:00;5,881
08.10.2023 18:00;3,9
08.10.2023 19:00;3,5
08.10.2023 20:00;0,761
08.10.2023 21:00;0,785
08.10.2023 22:00;1,495
08.10.2023 23:00;1,77
09.10.2023 00:00;1,716
09.10.2023 01:00;1,721
09.10.2023 02:00;1,686
09.10.2023 03:00;1,585
09.10.2023 04:00;0,384
09.10.2023 05:00;0,351
09.10.2023 06:00;0,458
09.10.2023 07:00;1,774
09.10.2023 08:00;0,19
09.10.2023 09:00;0,87
09.10.2023 10:00;0,83
09.10.2023 11:00;0,96
09.10.2023 12:00;0,501
09.10.2023 13:00;1,291
09.10.2023 14:00;1,38
09.10.2023 15:00;1,104
09.10.2023 16:00;1,396
09.10.2023 17:00;2,963
09.10.2023 18:00;0,125
09.10.2023 19:00;0,405
09.10.2023 20:00;0,391
09.10.2023 21:00;0,587
09.10.2023 22:00;2,658
09.10.2023 23:00;3,24
10.10.2023 00:00;2,768
10.10.2023 01:00;2,895
10.10.2023 02:00;2,698
10.10.2023 03:00;2,683
10.10.2023 04:00;2,688
10.10.2023 05:00;2,689
10.10.2023 06:00;2,873
10.10.2023 07:00;0,558
10.10.2023 08:00;0,89
10.10.2023 09:00;0,88
10.10.2023 10:00;0,94
10.10.2023 11:00;0,63
10.10.2023 12:00;0,56
10.10.2023 13:00;0,201
10.10.2023 14:00;0,107
10.10.2023 15:00;0,9
10.10.2023 16:00;0,111
10.10.2023 17:00;0,432
10.10.2023 18:00;0,845
10.10.2023 19:00;0,343
10.10.2023 20:00;4,809
10.10.2023 21:00;3,509
10.10.2023 22:00;2,883
10.10.2023 23:00;3,257
11.10.2023 00:00;3,27
11.10.2023 01:00;3,239
11.10.2023 02:00;1,648
11.10.2023 03:00;0,985
11.10.2023 04:00;0,472
11.10.2023 05:00;0,372
11.10.2023 06:00;0,466
11.10.2023 07:00;0,338
11.10.2023 08:00;0,152
11.10.2023 09:00;0,71
11.10.2023 10:00;0,186
11.10.2023 11:00;0,71
11.10.2023 12:00;0,218
11.10.2023 13:00;0,319
11.10.2023 14:00;0,131
11.10.2023 15:00;0,166
11.10.2023 16:00;0,92
11.10.2023 17:00;0,96
11.10.2023 18:00;2,246
11.10.2023 19:00;0,814
11.10.2023 20:00;0,642
11.10.2023 21:00;0,623
11.10.2023 22:00;2,699
11.10.2023 23:00;2,761
12.10.2023 00:00;2,751
12.10.2023 01:00;2,75
12.10.2023 02:00;2,419
12.10.2023 03:00;1,314
12.10.2023 04:00;1,613
12.10.2023 05:00;1,451
12.10.2023 06:00;1,295
12.10.2023 07:00;0,877
12.10.2023 08:00;0,93
12.10.2023 09:00;0,54
12.10.2023 10:00;0,5
12.10.2023 11:00;0,174
12.10.2023 12:00;0,5
12.10.2023 13:00;0,136
12.10.2023 14:00;0,69
12.10.2023 15:00;0,123
12.10.2023 16:00;0,94
12.10.2023 17:00;0,433
12.10.2023 18:00;0,504
12.10.2023 19:00;0,523
12.10.2023 20:00;0,551
12.10.2023 21:00;0,918
12.10.2023 22:00;0,81
12.10.2023 23:00;2,798
13.10.2023 00:00;2,756
13.10.2023 01:00;2,782
13.10.2023 02:00;2,744
13.10.2023 03:00;2,699
13.10.2023 04:00;2,299
13.10.2023 05:00;1,238
13.10.2023 06:00;1,485
13.10.2023 07:00;0,923
13.10.2023 08:00;0,156
13.10.2023 09:00;0,147
13.10.2023 10:00;0,71
13.10.2023 11:00;0,219
13.10.2023 12:00;0,114
13.10.2023 13:00;0,246
13.10.2023 14:00;0,123
13.10.2023 15:00;0,242
13.10.2023 16:00;0,182
13.10.2023 17:00;0,421
13.10.2023 18:00;0,26
13.10.2023 19:00;0,434
13.10.2023 20:00;0,401
13.10.2023 21:00;0,392
13.10.2023 22:00;0,946
13.10.2023 23:00;3,5
14.10.2023 00:00;2,738
14.10.2023 01:00;2,766
14.10.2023 02:00;2,786
14.10.2023 03:00;1,354
14.10.2023 04:00;1,691
14.10.2023 05:00;0,889
14.10.2023 06:00;0,972
14.10.2023 07:00;0,899
14.10.2023 08:00;0,718
14.10.2023 09:00;1,44
14.10.2023 10:00;0,836
14.10.2023 11:00;0,852
14.10.2023 12:00;2,689
14.10.2023 13:00;2,621
14.10.2023 14:00;2,25
14.10.2023 15:00;0,748
14.10.2023 16:00;0,228
14.10.2023 17:00;1,513
14.10.2023 18:00;0,81
14.10.2023 19:00;0,335
14.10.2023 20:00;0,465
14.10.2023 21:00;0,561
14.10.2023 22:00;1,193
14.10.2023 23:00;1,506
15.10.2023 00:00;1,345
15.10.2023 01:00;1,132
15.10.2023 02:00;1,154
15.10.2023 03:00;1,24
15.10.2023 04:00;2,6
15.10.2023 05:00;1,51
15.10.2023 06:00;1,52
15.10.2023 07:00;2,315
15.10.2023 08:00;1,709
15.10.2023 09:00;0,874
15.10.2023 10:00;0,851
15.10.2023 11:00;0,81
15.10.2023 12:00;2,968
15.10.2023 13:00;1,732
15.10.2023 14:00;5,235
15.10.2023 15:00;4,59
15.10.2023 16:00;1,707
15.10.2023 17:00;5,672
15.10.2023 18:00;5,1
15.10.2023 19:00;4,722
15.10.2023 20:00;3,952
15.10.2023 21:00;1,348
15.10.2023 22:00;1,55
15.10.2023 23:00;1,527
16.10.2023 00:00;0,942
16.10.2023 01:00;1,56
16.10.2023 02:00;1,207
16.10.2023 03:00;1,631
16.10.2023 04:00;1,286
16.10.2023 05:00;1,148
16.10.2023 06:00;1,229
16.10.2023 07:00;0,785
16.10.2023 08:00;0,129
16.10.2023 09:00;0,129
16.10.2023 10:00;0,343
16.10.2023 11:00;0,133
16.10.2023 12:00;0,121
16.10.2023 13:00;0,232
16.10.2023 14:00;0,157
16.10.2023 15:00;0,215
16.10.2023 16:00;0,458
16.10.2023 17:00;1,414
16.10.2023 18:00;0,144
16.10.2023 19:00;0,488
16.10.2023 20:00;0,832
16.10.2023 21:00;0,716
16.10.2023 22:00;0,513
16.10.2023 23:00;0,397
17.10.2023 00:00;0,401
17.10.2023 01:00;0,391
17.10.2023 02:00;0,407
17.10.2023 03:00;2,713
17.10.2023 04:00;2,421
17.10.2023 05:00;1,111
17.10.2023 06:00;3,7
17.10.2023 07:00;3,781
17.10.2023 08:00;0,169
17.10.2023 09:00;0,177
17.10.2023 10:00;0,136
17.10.2023 11:00;0,266
17.10.2023 12:00;0,132
17.10.2023 13:00;0,219
17.10.2023 14:00;0,135
17.10.2023 15:00;0,14
17.10.2023 16:00;0,146
17.10.2023 17:00;0,296
17.10.2023 18:00;1,101
17.10.2023 19:00;0,498
17.10.2023 20:00;0,639
17.10.2023 21:00;0,694
17.10.2023 22:00;0,545
17.10.2023 23:00;3,587
18.10.2023 00:00;3,835
18.10.2023 01:00;3,808
18.10.2023 02:00;3,793
18.10.2023 03:00;3,47
18.10.2023 04:00;1,695
18.10.2023 05:00;1,613
18.10.2023 06:00;1,658
18.10.2023 07:00;0,984
18.10.2023 08:00;0,221
18.10.2023 09:00;0,77
18.10.2023 10:00;0,7
18.10.2023 11:00;0,303
18.10.2023 12:00;0,76
18.10.2023 13:00;0,101
18.10.2023 14:00;0,416
18.10.2023 15:00;1,285
18.10.2023 16:00;0,761
18.10.2023 17:00;0,205
18.10.2023 18:00;1,407
18.10.2023 19:00;1,473
18.10.2023 20:00;2,168
18.10.2023 21:00;1,55
18.10.2023 22:00;1,39
18.10.2023 23:00;3,65
19.10.2023 00:00;3,244
19.10.2023 01:00;3,315
19.10.2023 02:00;3,302
19.10.2023 03:00;3,25
19.10.2023 04:00;3,181
19.10.2023 05:00;1,882
19.10.2023 06:00;1,549
19.10.2023 07:00;1,782
19.10.2023 08:00;1,436
19.10.2023 09:00;0,105
19.10.2023 10:00;0,137
19.10.2023 11:00;0,278
19.10.2023 12:00;0,272
19.10.2023 13:00;0,312
19.10.2023 14:00;3,513
19.10.2023 15:00;3,624
19.10.2023 16:00;0,88
19.10.2023 17:00;0,118
19.10.2023 18:00;1,438
19.10.2023 19:00;1,711
19.10.2023 20:00;3,98
19.10.2023 21:00;2,616
19.10.2023 22:00;2,108
19.10.2023 23:00;2,867
20.10.2023 00:00;2,867
20.10.2023 01:00;2,85
20.10.2023 02:00;2,837
20.10.2023 03:00;2,851
20.10.2023 04:00;2,807
20.10.2023 05:00;2,464
20.10.2023 06:00;1,643
20.10.2023 07:00;1,414
20.10.2023 08:00;0,8
20.10.2023 09:00;0,232
20.10.2023 10:00;0,77
20.10.2023 11:00;0,15
20.10.2023 12:00;0,143
20.10.2023 13:00;1,724
20.10.2023 14:00;2,38
20.10.2023 15:00;0,75
20.10.2023 16:00;0,15
20.10.2023 17:00;0,129
20.10.2023 18:00;0,768
20.10.2023 19:00;1,4
20.10.2023 20:00;0,539
20.10.2023 21:00;0,394
20.10.2023 22:00;0,837
20.10.2023 23:00;3,11
21.10.2023 00:00;2,993
21.10.2023 01:00;2,957
21.10.2023 02:00;2,951
21.10.2023 03:00;2,954
21.10.2023 04:00;2,695
21.10.2023 05:00;0,489
21.10.2023 06:00;0,533
21.10.2023 07:00;0,274
21.10.2023 08:00;0,327
21.10.2023 09:00;0,124
21.10.2023 10:00;0,232
21.10.2023 11:00;0,791
21.10.2023 12:00;0,93
21.10.2023 13:00;0,96
21.10.2023 14:00;0,183
21.10.2023 15:00;0,153
21.10.2023 16:00;0,103
21.10.2023 17:00;0,234
21.10.2023 18:00;0,228
21.10.2023 19:00;0,453
21.10.2023 20:00;0,685
21.10.2023 21:00;0,857
21.10.2023 22:00;1,35
21.10.2023 23:00;2,198
22.10.2023 00:00;2,205
22.10.2023 01:00;2,268
22.10.2023 02:00;0,78
22.10.2023 03:00;0,479
22.10.2023 04:00;0,475
22.10.2023 05:00;0,474
22.10.2023 06:00;0,58
22.10.2023 07:00;0,434
22.10.2023 08:00;0,731
22.10.2023 09:00;1,447
22.10.2023 10:00;0,947
22.10.2023 11:00;3,63
22.10.2023 12:00;3,945
22.10.2023 13:00;3,737
22.10.2023 14:00;3,664
22.10.2023 15:00;3,852
22.10.2023 16:00;4,346
22.10.2023 17:00;3,822
22.10.2023 18:00;4,186
22.10.2023 19:00;5,891
22.10.2023 20:00;4,364
22.10.2023 21:00;4,582
22.10.2023 22:00;2,676
22.10.2023 23:00;0,706
23.10.2023 00:00;0,59
23.10.2023 01:00;0,53
23.10.2023 02:00;0,466
23.10.2023 03:00;0,562
23.10.2023 04:00;1,76
23.10.2023 05:00;0,668
23.10.2023 06:00;0,569
23.10.2023 07:00;0,6
23.10.2023 08:00;0,185
23.10.2023 09:00;0,129
23.10.2023 10:00;0,318
23.10.2023 11:00;0,135
23.10.2023 12:00;0,249
23.10.2023 13:00;0,12
23.10.2023 14:00;0,133
23.10.2023 15:00;0,163
23.10.2023 16:00;0,139
23.10.2023 17:00;1,634
23.10.2023 18:00;0,881
23.10.2023 19:00;0,822
23.10.2023 20:00;0,772
23.10.2023 21:00;0,804
23.10.2023 22:00;1,533
23.10.2023 23:00;3,831
24.10.2023 00:00;3,718
24.10.2023 01:00;3,724
24.10.2023 02:00;2,221
24.10.2023 03:00;3,645
24.10.2023 04:00;3,235
24.10.2023 05:00;1,54
24.10.2023 06:00;1,409
24.10.2023 07:00;1,248
24.10.2023 08:00;0,231
24.10.2023 09:00;0,225
24.10.2023 10:00;0,214
24.10.2023 11:00;0,259
24.10.2023 12:00;0,322
24.10.2023 13:00;0,217
24.10.2023 14:00;0,217
24.10.2023 15:00;0,654
24.10.2023 16:00;0,372
24.10.2023 17:00;0,27
24.10.2023 18:00;0,394
24.10.2023 19:00;0,461
24.10.2023 20:00;0,589
24.10.2023 21:00;0,492
24.10.2023 22:00;0,415
24.10.2023 23:00;0,405
25.10.2023 00:00;0,533
25.10.2023 01:00;0,532
25.10.2023 02:00;0,497
25.10.2023 03:00;2,539
25.10.2023 04:00;2,57
25.10.2023 05:00;0,844
25.10.2023 06:00;0,578
25.10.2023 07:00;0,631
25.10.2023 08:00;2,724
25.10.2023 09:00;2,395
25.10.2023 10:00;2,302
25.10.2023 11:00;1,362
25.10.2023 12:00;1,79
25.10.2023 13:00;1,439
25.10.2023 14:00;3,631
25.10.2023 15:00;3,43
25.10.2023 16:00;2,65
25.10.2023 17:00;1,697
25.10.2023 18:00;1,203
25.10.2023 19:00;1,539
25.10.2023 20:00;1,947
25.10.2023 21:00;1,976
25.10.2023 22:00;2,34
25.10.2023 23:00;3,62
26.10.2023 00:00;3,247
26.10.2023 01:00;3,21
26.10.2023 02:00;3,268
26.10.2023 03:00;3,203
26.10.2023 04:00;3,186
26.10.2023 05:00;3,186
26.10.2023 06:00;2,947
26.10.2023 07:00;1,665
26.10.2023 08:00;1,371
26.10.2023 09:00;0,567
26.10.2023 10:00;0,477
26.10.2023 11:00;0,291
26.10.2023 12:00;0,357
26.10.2023 13:00;2,765
26.10.2023 14:00;2,54
26.10.2023 15:00;0,172
26.10.2023 16:00;0,92
26.10.2023 17:00;0,228
26.10.2023 18:00;1,376
26.10.2023 19:00;1,658
26.10.2023 20:00;1,174
26.10.2023 21:00;1,455
26.10.2023 22:00;1,184
26.10.2023 23:00;1,99
27.10.2023 00:00;3,97
27.10.2023 01:00;3,834
27.10.2023 02:00;3,826
27.10.2023 03:00;3,847
27.10.2023 04:00;3,835
27.10.2023 05:00;2,458
27.10.2023 06:00;1,81
27.10.2023 07:00;1,745
27.10.2023 08:00;0,222
27.10.2023 09:00;0,197
27.10.2023 10:00;0,297
27.10.2023 11:00;0,309
27.10.2023 12:00;0,2
27.10.2023 13:00;0,242
27.10.2023 14:00;0,433
27.10.2023 15:00;1,8
27.10.2023 16:00;0,822
27.10.2023 17:00;1,139
27.10.2023 18:00;1,762
27.10.2023 19:00;2,569
27.10.2023 20:00;3,76
27.10.2023 21:00;0,7
27.10.2023 22:00;0,657
27.10.2023 23:00;0,532
28.10.2023 00:00;0,546
28.10.2023 01:00;0,607
28.10.2023 02:00;0,558
28.10.2023 03:00;0,468
28.10.2023 04:00;0,445
28.10.2023 05:00;0,396
28.10.2023 06:00;0,498
28.10.2023 07:00;0,501
28.10.2023 08:00;3,985
28.10.2023 09:00;3,122
28.10.2023 10:00;0,641
28.10.2023 11:00;2,822
28.10.2023 12:00;2,376
28.10.2023 13:00;3,18
28.10.2023 14:00;2,903
28.10.2023 15:00;1,823
28.10.2023 16:00;3,669
28.10.2023 17:00;4,136
28.10.2023 18:00;1,762
28.10.2023 19:00;1,857
28.10.2023 20:00;2,248
28.10.2023 21:00;1,785
28.10.2023 22:00;1,71
28.10.2023 23:00;1,762
29.10.2023 00:00;1,41
29.10.2023 01:00;3,436
29.10.2023 02:00;4,82
29.10.2023 03:00;3,985
29.10.2023 03:00;1,586
29.10.2023 04:00;1,382
29.10.2023 05:00;1,579
29.10.2023 06:00;1,515
29.10.2023 07:00;2,904
29.10.2023 08:00;2,28
29.10.2023 09:00;2,961
29.10.2023 10:00;2,236
29.10.2023 11:00;2,116
29.10.2023 12:00;2,25
29.10.2023 13:00;2,251
29.10.2023 14:00;2,194
29.10.2023 15:00;3,2
29.10.2023 16:00;2,98
29.10.2023 17:00;2,213
29.10.2023 18:00;5,344
29.10.2023 19:00;4,432
29.10.2023 20:00;2,297
29.10.2023 21:00;2,263
29.10.2023 22:00;2,266
29.10.2023 23:00;1,743
30.10.2023 00:00;1,696
30.10.2023 01:00;1,857
30.10.2023 02:00;1,797
30.10.2023 03:00;1,868
30.10.2023 04:00;1,506
30.10.2023 05:00;1,65
30.10.2023 06:00;1,794
30.10.2023 07:00;1,409
30.10.2023 08:00;1,264
30.10.2023 09:00;0,127
30.10.2023 10:00;0,101
30.10.2023 11:00;0,1
30.10.2023 12:00;0,999
30.10.2023 13:00;1,17
30.10.2023 14:00;1,94
30.10.2023 15:00;3,281
30.10.2023 16:00;4,17
30.10.2023 17:00;0,473
30.10.2023 18:00;0,352
30.10.2023 19:00;1,145
30.10.2023 20:00;1,866
30.10.2023 21:00;1,891
30.10.2023 22:00;1,499
30.10.2023 23:00;3,827
31.10.2023 00:00;3,666
31.10.2023 01:00;3,686
31.10.2023 02:00;1,678
31.10.2023 03:00;3,526
31.10.2023 04:00;3,182
31.10.2023 05:00;3,388
31.10.2023 06:00;1,459
31.10.2023 07:00;1,489
31.10.2023 08:00;0,567
31.10.2023 09:00;0,494
31.10.2023 10:00;0,493
31.10.2023 11:00;0,487
31.10.2023 12:00;0,72
31.10.2023 13:00;0,494
31.10.2023 14:00;0,492
31.10.2023 15:00;0,49
31.10.2023 16:00;0,571
31.10.2023 17:00;0,476
31.10.2023 18:00;1,553
31.10.2023 19:00;1,65
31.10.2023 20:00;1,248
31.10.2023 21:00;1,445
31.10.2023 22:00;2,748
31.10.2023 23:00;1,769
01.11.2023 00:00;2,765
01.11.2023 01:00;2,803
01.11.2023 02:00;2,729
01.11.2023 03:00;1,22
01.11.2023 04:00;0,847
01.11.2023 05:00;1,151
01.11.2023 06:00;1,199
01.11.2023 07:00;2,68
01.11.2023 08:00;1,613
01.11.2023 09:00;0,235
01.11.2023 10:00;0,212
01.11.2023 11:00;0,248
01.11.2023 12:00;0,283
01.11.2023 13:00;2,828
01.11.2023 14:00;0,172
01.11.2023 15:00;0,107
01.11.2023 16:00;0,222
01.11.2023 17:00;0,304
01.11.2023 18:00;1,424
01.11.2023 19:00;1,985
01.11.2023 20:00;1,541
01.11.2023 21:00;1,606
01.11.2023 22:00;2,782
01.11.2023 23:00;3,27
02.11.2023 00:00;3,366
02.11.2023 01:00;3,328
02.11.2023 02:00;3,28
02.11.2023 03:00;3,217
02.11.2023 04:00;2,982
02.11.2023 05:00;1,858
02.11.2023 06:00;1,507
02.11.2023 07:00;0,584
02.11.2023 08:00;0,168
02.11.2023 09:00;0,102
02.11.2023 10:00;0,182
02.11.2023 11:00;0,215
02.11.2023 12:00;0,141
02.11.2023 13:00;2,43
02.11.2023 14:00;4,59
02.11.2023 15:00;4,48
02.11.2023 16:00;1,354
02.11.2023 17:00;1,234
02.11.2023 18:00;0,661
02.11.2023 19:00;0,543
02.11.2023 20:00;0,593
02.11.2023 21:00;0,735
02.11.2023 22:00;0,7
02.11.2023 23:00;0,567
03.11.2023 00:00;2,222
03.11.2023 01:00;3,962
03.11.2023 02:00;3,909
03.11.2023 03:00;4,177
03.11.2023 04:00;3,581
03.11.2023 05:00;1,832
03.11.2023 06:00;1,393
03.11.2023 07:00;1,58
03.11.2023 08:00;0,271
03.11.2023 09:00;0,336
03.11.2023 10:00;0,175
03.11.2023 11:00;0,219
03.11.2023 12:00;0,629
03.11.2023 13:00;3,475
03.11.2023 14:00;3,604
03.11.2023 15:00;2,996
03.11.2023 16:00;0,643
03.11.2023 17:00;0,329
03.11.2023 18:00;0,439
03.11.2023 19:00;0,424
03.11.2023 20:00;0,44
03.11.2023 21:00;0,527
03.11.2023 22:00;1,247
03.11.2023 23:00;1,202
04.11.2023 00:00;3,175
04.11.2023 01:00;3,179
04.11.2023 02:00;3,18
04.11.2023 03:00;3,18
04.11.2023 04:00;3,2
04.11.2023 05:00;2,298
04.11.2023 06:00;1,274
04.11.2023 07:00;1,82
04.11.2023 08:00;1,427
04.11.2023 09:00;2,389
04.11.2023 10:00;1,238
04.11.2023 11:00;0,847
04.11.2023 12:00;1,79
04.11.2023 13:00;1,24
04.11.2023 14:00;1,257
04.11.2023 15:00;1,436
04.11.2023 16:00;1,59
04.11.2023 17:00;1,874
04.11.2023 18:00;0,713
04.11.2023 19:00;0,377
04.11.2023 20:00;0,44
04.11.2023 21:00;0,364
04.11.2023 22:00;0,314
04.11.2023 23:00;1,158
05.11.2023 00:00;2,39
05.11.2023 01:00;3,737
05.11.2023 02:00;3,748
05.11.2023 03:00;3,777
05.11.2023 04:00;3,635
05.11.2023 05:00;2,496
05.11.2023 06:00;1,198
05.11.2023 07:00;1,203
05.11.2023 08:00;2,146
05.11.2023 09:00;0,677
05.11.2023 10:00;0,24
05.11.2023 11:00;0,336
05.11.2023 12:00;0,377
05.11.2023 13:00;0,495
05.11.2023 14:00;1,675
05.11.2023 15:00;4,682
05.11.2023 16:00;7,11
05.11.2023 17:00;5,57
05.11.2023 18:00;3,54
05.11.2023 19:00;0,332
05.11.2023 20:00;0,332
05.11.2023 21:00;0,241
05.11.2023 22:00;0,215
05.11.2023 23:00;2,53
06.11.2023 00:00;0,907
06.11.2023 01:00;0,512
06.11.2023 02:00;0,437
06.11.2023 03:00;2,623
06.11.2023 04:00;2,668
06.11.2023 05:00;1,308
06.11.2023 06:00;0,669
06.11.2023 07:00;1,86
06.11.2023 08:00;1,526
06.11.2023 09:00;0,286
06.11.2023 10:00;0,294
06.11.2023 11:00;1,424
06.11.2023 12:00;0,894
06.11.2023 13:00;0,909
06.11.2023 14:00;0,965
06.11.2023 15:00;0,87
06.11.2023 16:00;2,868
06.11.2023 17:00;3,712
06.11.2023 18:00;0,285
06.11.2023 19:00;0,272
06.11.2023 20:00;1,427
06.11.2023 21:00;1,191
06.11.2023 22:00;1,252
06.11.2023 23:00;1,91
07.11.2023 00:00;0,881
07.11.2023 01:00;3,514
07.11.2023 02:00;3,511
07.11.2023 03:00;3,41
07.11.2023 04:00;1,972
07.11.2023 05:00;1,29
07.11.2023 06:00;0,615
07.11.2023 07:00;0,644
07.11.2023 08:00;0,393
07.11.2023 09:00;0,21
07.11.2023 10:00;0,437
07.11.2023 11:00;0,157
07.11.2023 12:00;0,145
07.11.2023 13:00;0,132
07.11.2023 14:00;0,235
07.11.2023 15:00;0,413
07.11.2023 16:00;0,201
07.11.2023 17:00;0,486
07.11.2023 18:00;1,355
07.11.2023 19:00;1,182
07.11.2023 20:00;1,119
07.11.2023 21:00;2,612
07.11.2023 22:00;2,323
07.11.2023 23:00;3,102
08.11.2023 00:00;3,185
08.11.2023 01:00;3,183
08.11.2023 02:00;1,855
08.11.2023 03:00;3,181
08.11.2023 04:00;3,177
08.11.2023 05:00;1,832
08.11.2023 06:00;1,319
08.11.2023 07:00;1,132
08.11.2023 08:00;0,11
08.11.2023 09:00;0,11
08.11.2023 10:00;0,99
08.11.2023 11:00;0,235
08.11.2023 12:00;0,317
08.11.2023 13:00;0,179
08.11.2023 14:00;0,154
08.11.2023 15:00;0,163
08.11.2023 16:00;0,282
08.11.2023 17:00;0,433
08.11.2023 18:00;2,142
08.11.2023 19:00;1,644
08.11.2023 20:00;0,749
08.11.2023 21:00;0,729
08.11.2023 22:00;0,711
08.11.2023 23:00;0,639
09.11.2023 00:00;0,997
09.11.2023 01:00;3,75
09.11.2023 02:00;3,719
09.11.2023 03:00;3,675
09.11.2023 04:00;3,138
09.11.2023 05:00;1,341
09.11.2023 06:00;1,657
09.11.2023 07:00;1,525
09.11.2023 08:00;0,468
09.11.2023 09:00;0,323
09.11.2023 10:00;0,392
09.11.2023 11:00;0,185
09.11.2023 12:00;0,273
09.11.2023 13:00;0,188
09.11.2023 14:00;0,239
09.11.2023 15:00;0,186
09.11.2023 16:00;0,855
09.11.2023 17:00;3,141
09.11.2023 18:00;1,478
09.11.2023 19:00;0,416
09.11.2023 20:00;1,661
09.11.2023 21:00;2,795
09.11.2023 22:00;0,689
09.11.2023 23:00;2,463
10.11.2023 00:00;3,688
10.11.2023 01:00;3,647
10.11.2023 02:00;1,352
10.11.2023 03:00;1,114
10.11.2023 04:00;1,165
10.11.2023 05:00;1,345
10.11.2023 06:00;1,163
10.11.2023 07:00;0,993
10.11.2023 08:00;0,116
10.11.2023 09:00;0,194
10.11.2023 10:00;0,195
10.11.2023 11:00;0,196
10.11.2023 12:00;0,27
10.11.2023 13:00;0,166
10.11.2023 14:00;0,285
10.11.2023 15:00;0,186
10.11.2023 16:00;0,297
10.11.2023 17:00;0,415
10.11.2023 18:00;0,643
10.11.2023 19:00;1,695
10.11.2023 20:00;2,895
10.11.2023 21:00;0,506
10.11.2023 22:00;0,701
10.11.2023 23:00;0,772
11.11.2023 00:00;3,768
11.11.2023 01:00;3,736
11.11.2023 02:00;3,772
11.11.2023 03:00;2,519
11.11.2023 04:00;1,287
11.11.2023 05:00;1,966
11.11.2023 06:00;1,383
11.11.2023 07:00;1,483
11.11.2023 08:00;1,438
11.11.2023 09:00;0,966
11.11.2023 10:00;0,156
11.11.2023 11:00;0,153
11.11.2023 12:00;0,292
11.11.2023 13:00;0,275
11.11.2023 14:00;2,688
11.11.2023 15:00;0,227
11.11.2023 16:00;0,313
11.11.2023 17:00;0,413
11.11.2023 18:00;2,19
11.11.2023 19:00;3,695
11.11.2023 20:00;0,697
11.11.2023 21:00;1,974
11.11.2023 22:00;3,894
11.11.2023 23:00;3,722
12.11.2023 00:00;3,748
12.11.2023 01:00;2,599
12.11.2023 02:00;1,121
12.11.2023 03:00;3,18
12.11.2023 04:00;2,215
12.11.2023 05:00;1,85
12.11.2023 06:00;1,341
12.11.2023 07:00;1,194
12.11.2023 08:00;0,908
12.11.2023 09:00;0,183
12.11.2023 10:00;1,745
12.11.2023 11:00;0,63
12.11.2023 12:00;0,255
12.11.2023 13:00;0,195
12.11.2023 14:00;2,259
12.11.2023 15:00;1,814
12.11.2023 16:00;4,451
12.11.2023 17:00;3,94
12.11.2023 18:00;5,489
12.11.2023 19:00;4,587
12.11.2023 20:00;4,251
12.11.2023 21:00;0,703
12.11.2023 22:00;0,859
12.11.2023 23:00;3,275
13.11.2023 00:00;3,688
13.11.2023 01:00;3,782
13.11.2023 02:00;2,145
13.11.2023 03:00;1,347
13.11.2023 04:00;1,934
13.11.2023 05:00;1,301
13.11.2023 06:00;1,184
13.11.2023 07:00;0,737
13.11.2023 08:00;0,118
13.11.2023 09:00;0,223
13.11.2023 10:00;0,121
13.11.2023 11:00;0,121
13.11.2023 12:00;0,121
13.11.2023 13:00;0,255
13.11.2023 14:00;0,226
13.11.2023 15:00;0,31
13.11.2023 16:00;0,833
13.11.2023 17:00;0,507
13.11.2023 18:00;2,615
13.11.2023 19:00;2,285
13.11.2023 20:00;3,333
13.11.2023 21:00;1,992
13.11.2023 22:00;2,137
13.11.2023 23:00;1,881
14.11.2023 00:00;1,697
14.11.2023 01:00;2,77
14.11.2023 02:00;0,359
14.11.2023 03:00;0,346
14.11.2023 04:00;0,325
14.11.2023 05:00;0,884
14.11.2023 06:00;0,429
14.11.2023 07:00;2,983
14.11.2023 08:00;3,184
14.11.2023 09:00;2,28
14.11.2023 10:00;2,141
14.11.2023 11:00;1,89
14.11.2023 12:00;1,371
14.11.2023 13:00;1,341
14.11.2023 14:00;1,565
14.11.2023 15:00;1,3
14.11.2023 16:00;3,46
14.11.2023 17:00;2,853
14.11.2023 18:00;2,372
14.11.2023 19:00;2,512
14.11.2023 20:00;1,638
14.11.2023 21:00;1,456
14.11.2023 22:00;1,366
14.11.2023 23:00;2,968
15.11.2023 00:00;3,279
15.11.2023 01:00;3,55
15.11.2023 02:00;0,552
15.11.2023 03:00;1,321
15.11.2023 04:00;0,815
15.11.2023 05:00;0,746
15.11.2023 06:00;0,757
15.11.2023 07:00;0,595
15.11.2023 08:00;0,411
15.11.2023 09:00;0,259
15.11.2023 10:00;0,285
15.11.2023 11:00;0,861
15.11.2023 12:00;1,644
15.11.2023 13:00;1,302
15.11.2023 14:00;1,515
15.11.2023 15:00;3,452
15.11.2023 16:00;4,113
15.11.2023 17:00;3,496
15.11.2023 18:00;1,605
15.11.2023 19:00;0,895
15.11.2023 20:00;0,585
15.11.2023 21:00;0,421
15.11.2023 22:00;2,76
15.11.2023 23:00;2,493
16.11.2023 00:00;3,449
16.11.2023 01:00;4,94
16.11.2023 02:00;4,224
16.11.2023 03:00;2,684
16.11.2023 04:00;1,793
16.11.2023 05:00;1,48
16.11.2023 06:00;1,974
16.11.2023 07:00;1,966
16.11.2023 08:00;0,508
16.11.2023 09:00;0,322
16.11.2023 10:00;0,223
16.11.2023 11:00;0,161
16.11.2023 12:00;0,989
16.11.2023 13:00;1,359
16.11.2023 14:00;3,591
16.11.2023 15:00;1,514
16.11.2023 16:00;0,932
16.11.2023 17:00;2,894
16.11.2023 18:00;1,986
16.11.2023 19:00;3,52
16.11.2023 20:00;1,871
16.11.2023 21:00;1,585
16.11.2023 22:00;1,406
16.11.2023 23:00;1,463
17.11.2023 00:00;3,32
17.11.2023 01:00;3,548
17.11.2023 02:00;1,473
17.11.2023 03:00;2,131
17.11.2023 04:00;1,785
17.11.2023 05:00;0,698
17.11.2023 06:00;0,7
17.11.2023 07:00;0,517
17.11.2023 08:00;1,6
17.11.2023 09:00;0,843
17.11.2023 10:00;1,404
17.11.2023 11:00;3,171
17.11.2023 12:00;0,569
17.11.2023 13:00;2,948
17.11.2023 14:00;3,833
17.11.2023 15:00;3,44
17.11.2023 16:00;0,365
17.11.2023 17:00;0,502
17.11.2023 18:00;1,334
17.11.2023 19:00;0,587
17.11.2023 20:00;1,13
17.11.2023 21:00;3,392
17.11.2023 22:00;2,51
17.11.2023 23:00;2,325
18.11.2023 00:00;3,358
18.11.2023 01:00;3,873
18.11.2023 02:00;4,8
18.11.2023 03:00;4,547
18.11.2023 04:00;4,
18.11.2023 05:00;3,7
18.11.2023 06:00;3,244
18.11.2023 07:00;2,64
18.11.2023 08:00;2,266
18.11.2023 09:00;1,42
18.11.2023 10:00;0,886
18.11.2023 11:00;0,937
18.11.2023 12:00;0,761
18.11.2023 13:00;1,284
18.11.2023 14:00;2,152
18.11.2023 15:00;2,91
18.11.2023 16:00;0,774
18.11.2023 17:00;0,348
18.11.2023 18:00;1,56
18.11.2023 19:00;2,915
18.11.2023 20:00;2,16
18.11.2023 21:00;1,972
18.11.2023 22:00;2,98
18.11.2023 23:00;1,786
19.11.2023 00:00;3,247
19.11.2023 01:00;3,938
19.11.2023 02:00;3,652
19.11.2023 03:00;2,4
19.11.2023 04:00;3,258
19.11.2023 05:00;3,34
19.11.2023 06:00;2,89
19.11.2023 07:00;1,841
19.11.2023 08:00;1,329
19.11.2023 09:00;3,611
19.11.2023 10:00;3,103
19.11.2023 11:00;2,445
19.11.2023 12:00;1,347
19.11.2023 13:00;1,416
19.11.2023 14:00;0,392
19.11.2023 15:00;0,413
19.11.2023 16:00;1,239
19.11.2023 17:00;5,621
19.11.2023 18:00;4,384
19.11.2023 19:00;4,692
19.11.2023 20:00;1,323
19.11.2023 21:00;1,192
19.11.2023 22:00;1,812
19.11.2023 23:00;2,358
20.11.2023 00:00;3,25
20.11.2023 01:00;3,405
20.11.2023 02:00;3,261
20.11.2023 03:00;2,971
20.11.2023 04:00;3,252
20.11.2023 05:00;3,22
20.11.2023 06:00;2,55
20.11.2023 07:00;2,492
20.11.2023 08:00;0,809
20.11.2023 09:00;0,358
20.11.2023 10:00;0,347
20.11.2023 11:00;0,294
20.11.2023 12:00;1,562
20.11.2023 13:00;0,779
20.11.2023 14:00;1,354
20.11.2023 15:00;1,382
20.11.2023 16:00;2,54
20.11.2023 17:00;1,841
20.11.2023 18:00;1,736
20.11.2023 19:00;2,37
20.11.2023 20:00;1,993
20.11.2023 21:00;1,886
20.11.2023 22:00;3,593
20.11.2023 23:00;4,56
21.11.2023 00:00;4,146
21.11.2023 01:00;4,72
21.11.2023 02:00;1,98
21.11.2023 03:00;1,797
21.11.2023 04:00;3,19
21.11.2023 05:00;2,353
21.11.2023 06:00;2,49
21.11.2023 07:00;1,273
21.11.2023 08:00;0,176
21.11.2023 09:00;0,1
21.11.2023 10:00;0,313
21.11.2023 11:00;0,106
21.11.2023 12:00;0,96
21.11.2023 13:00;0,95
21.11.2023 14:00;0,35
21.11.2023 15:00;0,221
21.11.2023 16:00;0,405
21.11.2023 17:00;0,56
21.11.2023 18:00;2,538
21.11.2023 19:00;1,617
21.11.2023 20:00;1,483
21.11.2023 21:00;3,9
21.11.2023 22:00;3,806
21.11.2023 23:00;3,966
22.11.2023 00:00;4,36
22.11.2023 01:00;4,151
22.11.2023 02:00;3,894
22.11.2023 03:00;3,936
22.11.2023 04:00;4,148
22.11.2023 05:00;3,913
22.11.2023 06:00;2,677
22.11.2023 07:00;2,294
22.11.2023 08:00;0,132
22.11.2023 09:00;0,159
22.11.2023 10:00;0,134
22.11.2023 11:00;0,922
22.11.2023 12:00;1,156
22.11.2023 13:00;1,136
22.11.2023 14:00;1,112
22.11.2023 15:00;1,562
22.11.2023 16:00;2,895
22.11.2023 17:00;3,29
22.11.2023 18:00;3,85
22.11.2023 19:00;2,121
22.11.2023 20:00;2,38
22.11.2023 21:00;1,964
22.11.2023 22:00;1,889
22.11.2023 23:00;1,836
23.11.2023 00:00;3,737
23.11.2023 01:00;3,948
23.11.2023 02:00;3,757
23.11.2023 03:00;1,905
23.11.2023 04:00;1,638
23.11.2023 05:00;1,467
23.11.2023 06:00;2,433
23.11.2023 07:00;2,773
23.11.2023 08:00;2,281
23.11.2023 09:00;1,183
23.11.2023 10:00;1,417
23.11.2023 11:00;0,433
23.11.2023 12:00;0,133
23.11.2023 13:00;0,293
23.11.2023 14:00;0,195
23.11.2023 15:00;0,143
23.11.2023 16:00;2,885
23.11.2023 17:00;4,448
23.11.2023 18:00;2,51
23.11.2023 19:00;1,474
23.11.2023 20:00;1,348
23.11.2023 21:00;2,2
23.11.2023 22:00;3,29
23.11.2023 23:00;2,353
24.11.2023 00:00;3,261
24.11.2023 01:00;3,247
24.11.2023 02:00;3,239
24.11.2023 03:00;1,437
24.11.2023 04:00;1,988
24.11.2023 05:00;1,605
24.11.2023 06:00;1,556
24.11.2023 07:00;1,927
24.11.2023 08:00;1,373
24.11.2023 09:00;1,264
24.11.2023 10:00;0,804
24.11.2023 11:00;0,261
24.11.2023 12:00;0,231
24.11.2023 13:00;0,227
24.11.2023 14:00;0,244
24.11.2023 15:00;1,6
24.11.2023 16:00;2,251
24.11.2023 17:00;2,37
24.11.2023 18:00;3,12
24.11.2023 19:00;4,396
24.11.2023 20:00;3,206
24.11.2023 21:00;2,386
24.11.2023 22:00;1,797
24.11.2023 23:00;1,963
25.11.2023 00:00;3,305
25.11.2023 01:00;3,252
25.11.2023 02:00;3,327
25.11.2023 03:00;3,251
25.11.2023 04:00;2,863
25.11.2023 05:00;1,868
25.11.2023 06:00;1,645
25.11.2023 07:00;1,982
25.11.2023 08:00;1,783
25.11.2023 09:00;1,712
25.11.2023 10:00;1,735
25.11.2023 11:00;2,68
25.11.2023 12:00;2,263
25.11.2023 13:00;1,725
25.11.2023 14:00;2,956
25.11.2023 15:00;2,505
25.11.2023 16:00;1,823
25.11.2023 17:00;2,592
25.11.2023 18:00;0,946
25.11.2023 19:00;0,461
25.11.2023 20:00;0,611
25.11.2023 21:00;0,743
25.11.2023 22:00;1,995
25.11.2023 23:00;3,234
26.11.2023 00:00;3,847
26.11.2023 01:00;3,692
26.11.2023 02:00;2,74
26.11.2023 03:00;1,945
26.11.2023 04:00;3,794
26.11.2023 05:00;4,216
26.11.2023 06:00;3,97
26.11.2023 07:00;3,125
26.11.2023 08:00;4,31
26.11.2023 09:00;2,18
26.11.2023 10:00;1,3
26.11.2023 11:00;1,817
26.11.2023 12:00;2,807
26.11.2023 13:00;2,787
26.11.2023 14:00;4,133
26.11.2023 15:00;4,403
26.11.2023 16:00;5,221
26.11.2023 17:00;4,566
26.11.2023 18:00;5,374
26.11.2023 19:00;4,919
26.11.2023 20:00;3,504
26.11.2023 21:00;2,514
26.11.2023 22:00;1,834
26.11.2023 23:00;2,918
27.11.2023 00:00;3,179
27.11.2023 01:00;3,165
27.11.2023 02:00;3,184
27.11.2023 03:00;3,184
27.11.2023 04:00;3,245
27.11.2023 05:00;3,64
27.11.2023 06:00;1,687
27.11.2023 07:00;2,53
27.11.2023 08:00;0,363
27.11.2023 09:00;0,193
27.11.2023 10:00;0,124
27.11.2023 11:00;0,276
27.11.2023 12:00;0,702
27.11.2023 13:00;1,499
27.11.2023 14:00;1,471
27.11.2023 15:00;1,695
27.11.2023 16:00;1,975
27.11.2023 17:00;1,936
27.11.2023 18:00;2,286
27.11.2023 19:00;4,224
27.11.2023 20:00;3,356
27.11.2023 21:00;2,778
27.11.2023 22:00;2,33
27.11.2023 23:00;3,55
28.11.2023 00:00;3,823
28.11.2023 01:00;4,2
28.11.2023 02:00;3,546
28.11.2023 03:00;1,804
28.11.2023 04:00;1,623
28.11.2023 05:00;1,47
28.11.2023 06:00;1,902
28.11.2023 07:00;1,759
28.11.2023 08:00;0,24
28.11.2023 09:00;0,176
28.11.2023 10:00;0,254
28.11.2023 11:00;2,469
28.11.2023 12:00;2,843
28.11.2023 13:00;2,664
28.11.2023 14:00;2,66
28.11.2023 15:00;3,3
28.11.2023 16:00;2,971
28.11.2023 17:00;1,93
28.11.2023 18:00;0,773
28.11.2023 19:00;0,656
28.11.2023 20:00;0,587
28.11.2023 21:00;0,692
28.11.2023 22:00;1,994
28.11.2023 23:00;3,428
29.11.2023 00:00;3,782
29.11.2023 01:00;4,31
29.11.2023 02:00;3,166
29.11.2023 03:00;1,903
29.11.2023 04:00;2,16
29.11.2023 05:00;2,18
29.11.2023 06:00;2,182
29.11.2023 07:00;2,131
29.11.2023 08:00;0,448
29.11.2023 09:00;0,536
29.11.2023 10:00;1,79
29.11.2023 11:00;2,654
29.11.2023 12:00;3,435
29.11.2023 13:00;3,942
29.11.2023 14:00;4,132
29.11.2023 15:00;1,883
29.11.2023 16:00;1,3
29.11.2023 17:00;0,872
29.11.2023 18:00;0,568
29.11.2023 19:00;1,13
29.11.2023 20:00;2,194
29.11.2023 21:00;2,139
29.11.2023 22:00;2,298
29.11.2023 23:00;2,633
30.11.2023 00:00;4,27
30.11.2023 01:00;4,49
30.11.2023 02:00;4,49
30.11.2023 03:00;4,89
30.11.2023 04:00;4,284
30.11.2023 05:00;4,252
30.11.2023 06:00;3,699
30.11.2023 07:00;3,497
30.11.2023 08:00;0,443
30.11.2023 09:00;0,358
30.11.2023 10:00;0,6
30.11.2023 11:00;0,579
30.11.2023 12:00;0,506
30.11.2023 13:00;0,227
30.11.2023 14:00;0,792
30.11.2023 15:00;1,411
30.11.2023 16:00;3,449
30.11.2023 17:00;2,46
30.11.2023 18:00;1,463
30.11.2023 19:00;2,262
30.11.2023 20:00;1,589
30.11.2023 21:00;1,239
30.11.2023 22:00;1,836
30.11.2023 23:00;2,726
01.12.2023 00:00;4,259
01.12.2023 01:00;4,243
01.12.2023 02:00;4,33
01.12.2023 03:00;4,531
01.12.2023 04:00;4,297
01.12.2023 05:00;4,171
01.12.2023 06:00;2,87
01.12.2023 07:00;1,646
01.12.2023 08:00;1,547
01.12.2023 09:00;0,725
01.12.2023 10:00;0,151
01.12.2023 11:00;0,291
01.12.2023 12:00;0,237
01.12.2023 13:00;0,171
01.12.2023 14:00;0,265
01.12.2023 15:00;0,172
01.12.2023 16:00;0,401
01.12.2023 17:00;1,27
01.12.2023 18:00;0,951
01.12.2023 19:00;1,255
01.12.2023 20:00;2,245
01.12.2023 21:00;2,409
01.12.2023 22:00;1,168
01.12.2023 23:00;2,497
02.12.2023 00:00;3,884
02.12.2023 01:00;3,85
02.12.2023 02:00;4,191
02.12.2023 03:00;3,834
02.12.2023 04:00;4,37
02.12.2023 05:00;3,783
02.12.2023 06:00;3,871
02.12.2023 07:00;2,547
02.12.2023 08:00;1,767
02.12.2023 09:00;0,544
02.12.2023 10:00;0,421
02.12.2023 11:00;0,212
02.12.2023 12:00;0,496
02.12.2023 13:00;0,196
02.12.2023 14:00;2,497
02.12.2023 15:00;3,776
02.12.2023 16:00;2,933
02.12.2023 17:00;1,121
02.12.2023 18:00;1,196
02.12.2023 19:00;1,367
02.12.2023 20:00;1,454
02.12.2023 21:00;1,637
02.12.2023 22:00;1,577
02.12.2023 23:00;2,562
03.12.2023 00:00;3,23
03.12.2023 01:00;3,242
03.12.2023 02:00;3,32
03.12.2023 03:00;3,268
03.12.2023 04:00;3,243
03.12.2023 05:00;3,227
03.12.2023 06:00;3,276
03.12.2023 07:00;3,265
03.12.2023 08:00;3,204
03.12.2023 09:00;4,259
03.12.2023 10:00;0,424
03.12.2023 11:00;0,182
03.12.2023 12:00;3,713
03.12.2023 13:00;2,391
03.12.2023 14:00;0,62
03.12.2023 15:00;0,275
03.12.2023 16:00;0,762
03.12.2023 17:00;1,37
03.12.2023 18:00;3,524
03.12.2023 19:00;5,721
03.12.2023 20:00;4,673
03.12.2023 21:00;2,69
03.12.2023 22:00;2,7
03.12.2023 23:00;3,893
04.12.2023 00:00;4,5
04.12.2023 01:00;4,171
04.12.2023 02:00;3,984
04.12.2023 03:00;3,983
04.12.2023 04:00;3,993
04.12.2023 05:00;3,525
04.12.2023 06:00;1,889
04.12.2023 07:00;1,921
04.12.2023 08:00;0,217
04.12.2023 09:00;0,48
04.12.2023 10:00;0,772
04.12.2023 11:00;0,264
04.12.2023 12:00;2,537
04.12.2023 13:00;2,62
04.12.2023 14:00;2,549
04.12.2023 15:00;0,522
04.12.2023 16:00;0,395
04.12.2023 17:00;0,501
04.12.2023 18:00;1,477
04.12.2023 19:00;1,629
04.12.2023 20:00;2,71
04.12.2023 21:00;3,84
04.12.2023 22:00;2,688
04.12.2023 23:00;4,206
05.12.2023 00:00;4,265
05.12.2023 01:00;4,295
05.12.2023 02:00;4,182
05.12.2023 03:00;3,43
05.12.2023 04:00;1,914
05.12.2023 05:00;2,368
05.12.2023 06:00;2,692
05.12.2023 07:00;2,505
05.12.2023 08:00;0,991
05.12.2023 09:00;0,343
05.12.2023 10:00;0,376
05.12.2023 11:00;0,525
05.12.2023 12:00;0,539
05.12.2023 13:00;0,239
05.12.2023 14:00;3,243
05.12.2023 15:00;1,67
05.12.2023 16:00;0,915
05.12.2023 17:00;2,93
05.12.2023 18:00;3,274
05.12.2023 19:00;2,874
05.12.2023 20:00;2,12
05.12.2023 21:00;3,572
05.12.2023 22:00;3,634
05.12.2023 23:00;4,601
06.12.2023 00:00;4,368
06.12.2023 01:00;4,363
06.12.2023 02:00;4,502
06.12.2023 03:00;4,123
06.12.2023 04:00;4,13
06.12.2023 05:00;4,259
06.12.2023 06:00;4,894
06.12.2023 07:00;5,31
06.12.2023 08:00;0,892
06.12.2023 09:00;0,776
06.12.2023 10:00;1,228
06.12.2023 11:00;3,201
06.12.2023 12:00;2,69
06.12.2023 13:00;2,969
06.12.2023 14:00;4,798
06.12.2023 15:00;5,59
06.12.2023 16:00;4,941
06.12.2023 17:00;1,407
06.12.2023 18:00;1,209
06.12.2023 19:00;1,665
06.12.2023 20:00;2,767
06.12.2023 21:00;2,596
06.12.2023 22:00;2,662
06.12.2023 23:00;4,463
07.12.2023 00:00;4,545
07.12.2023 01:00;4,544
07.12.2023 02:00;4,516
07.12.2023 03:00;4,497
07.12.2023 04:00;4,426
07.12.2023 05:00;2,921
07.12.2023 06:00;3,69
07.12.2023 07:00;3,66
07.12.2023 08:00;0,507
07.12.2023 09:00;1,55
07.12.2023 10:00;0,546
07.12.2023 11:00;0,462
07.12.2023 12:00;3,631
07.12.2023 13:00;4,282
07.12.2023 14:00;4,724
07.12.2023 15:00;4,514
07.12.2023 16:00;0,922
07.12.2023 17:00;1,745
07.12.2023 18:00;3,657
07.12.2023 19:00;2,682
07.12.2023 20:00;2,178
07.12.2023 21:00;2,393
07.12.2023 22:00;2,595
07.12.2023 23:00;1,979
08.12.2023 00:00;5,25
08.12.2023 01:00;5,248
08.12.2023 02:00;4,954
08.12.2023 03:00;5,133
08.12.2023 04:00;3,894
08.12.2023 05:00;2,424
08.12.2023 06:00;2,369
08.12.2023 07:00;0,339
08.12.2023 08:00;0,329
08.12.2023 09:00;0,345
08.12.2023 10:00;0,31
08.12.2023 11:00;4,85
08.12.2023 12:00;1,101
08.12.2023 13:00;0,439
08.12.2023 14:00;1,664
08.12.2023 15:00;2,781
08.12.2023 16:00;4,991
08.12.2023 17:00;4,474
08.12.2023 18:00;3,3
08.12.2023 19:00;2,654
08.12.2023 20:00;3,31
08.12.2023 21:00;3,33
08.12.2023 22:00;3,251
08.12.2023 23:00;3,112
09.12.2023 00:00;2,932
09.12.2023 01:00;3,324
09.12.2023 02:00;3,676
09.12.2023 03:00;2,702
09.12.2023 04:00;3,72
09.12.2023 05:00;3,58
09.12.2023 06:00;3,527
09.12.2023 07:00;3,725
09.12.2023 08:00;2,458
09.12.2023 09:00;4,84
09.12.2023 10:00;5,91
09.12.2023 11:00;4,852
09.12.2023 12:00;3,69
09.12.2023 13:00;4,703
09.12.2023 14:00;2,754
09.12.2023 15:00;2,368
09.12.2023 16:00;1,977
09.12.2023 17:00;3,547
09.12.2023 18:00;2,493
09.12.2023 19:00;2,562
09.12.2023 20:00;2,824
09.12.2023 21:00;3,314
09.12.2023 22:00;4,951
09.12.2023 23:00;5,34
10.12.2023 00:00;5,169
10.12.2023 01:00;4,947
10.12.2023 02:00;5,115
10.12.2023 03:00;5,95
10.12.2023 04:00;3,801
10.12.2023 05:00;3,112
10.12.2023 06:00;2,97
10.12.2023 07:00;2,967
10.12.2023 08:00;2,879
10.12.2023 09:00;3,446
10.12.2023 10:00;1,283
10.12.2023 11:00;1,309
10.12.2023 12:00;2,258
10.12.2023 13:00;2,299
10.12.2023 14:00;1,402
10.12.2023 15:00;1,848
10.12.2023 16:00;5,568
10.12.2023 17:00;6,786
10.12.2023 18:00;5,173
10.12.2023 19:00;4,693
10.12.2023 20:00;3,177
10.12.2023 21:00;2,524
10.12.2023 22:00;2,705
10.12.2023 23:00;4,812
11.12.2023 00:00;4,845
11.12.2023 01:00;4,899
11.12.2023 02:00;5,38
11.12.2023 03:00;1,987
11.12.2023 04:00;1,767
11.12.2023 05:00;2,219
11.12.2023 06:00;2,276
11.12.2023 07:00;0,674
11.12.2023 08:00;0,401
11.12.2023 09:00;0,237
11.12.2023 10:00;0,613
11.12.2023 11:00;0,497
11.12.2023 12:00;0,249
11.12.2023 13:00;4,475
11.12.2023 14:00;1,33
11.12.2023 15:00;0,65
11.12.2023 16:00;1,
11.12.2023 17:00;2,537
11.12.2023 18:00;4,295
11.12.2023 19:00;2,33
11.12.2023 20:00;2,369
11.12.2023 21:00;2,155
11.12.2023 22:00;2,657
11.12.2023 23:00;4,862
12.12.2023 00:00;4,941
12.12.2023 01:00;4,864
12.12.2023 02:00;4,385
12.12.2023 03:00;2,81
12.12.2023 04:00;2,516
12.12.2023 05:00;2,42
12.12.2023 06:00;2,234
12.12.2023 07:00;1,164
12.12.2023 08:00;1,238
12.12.2023 09:00;1,398
12.12.2023 10:00;1,299
12.12.2023 11:00;0,623
12.12.2023 12:00;0,548
12.12.2023 13:00;0,613
12.12.2023 14:00;0,653
12.12.2023 15:00;1,197
12.12.2023 16:00;1,991
12.12.2023 17:00;2,162
12.12.2023 18:00;2,77
12.12.2023 19:00;1,926
12.12.2023 20:00;1,982
12.12.2023 21:00;2,448
12.12.2023 22:00;1,921
12.12.2023 23:00;3,255
13.12.2023 00:00;3,59
13.12.2023 01:00;3,591
13.12.2023 02:00;3,596
13.12.2023 03:00;3,941
13.12.2023 04:00;4,244
13.12.2023 05:00;3,536
13.12.2023 06:00;2,934
13.12.2023 07:00;3,18
13.12.2023 08:00;2,421
13.12.2023 09:00;0,496
13.12.2023 10:00;0,447
13.12.2023 11:00;0,356
13.12.2023 12:00;0,339
13.12.2023 13:00;0,298
13.12.2023 14:00;0,254
13.12.2023 15:00;0,37
13.12.2023 16:00;1,538
13.12.2023 17:00;1,433
13.12.2023 18:00;2,64
13.12.2023 19:00;2,143
13.12.2023 20:00;1,969
13.12.2023 21:00;2,294
13.12.2023 22:00;3,391
13.12.2023 23:00;2,512
14.12.2023 00:00;2,9
14.12.2023 01:00;4,85
14.12.2023 02:00;4,982
14.12.2023 03:00;4,988
14.12.2023 04:00;4,988
14.12.2023 05:00;4,936
14.12.2023 06:00;2,391
14.12.2023 07:00;0,586
14.12.2023 08:00;0,47
14.12.2023 09:00;0,378
14.12.2023 10:00;0,216
14.12.2023 11:00;0,244
14.12.2023 12:00;0,282
14.12.2023 13:00;0,672
14.12.2023 14:00;4,911
14.12.2023 15:00;4,88
14.12.2023 16:00;0,791
14.12.2023 17:00;0,47
14.12.2023 18:00;1,146
14.12.2023 19:00;0,841
14.12.2023 20:00;1,916
14.12.2023 21:00;2,652
14.12.2023 22:00;3,87
14.12.2023 23:00;4,988
15.12.2023 00:00;5,169
15.12.2023 01:00;5,13
15.12.2023 02:00;4,914
15.12.2023 03:00;3,264
15.12.2023 04:00;2,458
15.12.2023 05:00;3,12
15.12.2023 06:00;2,258
15.12.2023 07:00;0,845
15.12.2023 08:00;0,584
15.12.2023 09:00;0,677
15.12.2023 10:00;0,926
15.12.2023 11:00;0,279
15.12.2023 12:00;0,91
15.12.2023 13:00;0,402
15.12.2023 14:00;0,316
15.12.2023 15:00;1,79
15.12.2023 16:00;2,437
15.12.2023 17:00;2,137
15.12.2023 18:00;1,383
15.12.2023 19:00;1,892
15.12.2023 20:00;2,744
15.12.2023 21:00;2,695
15.12.2023 22:00;2,857
15.12.2023 23:00;2,708
16.12.2023 00:00;2,89
16.12.2023 01:00;4,9
16.12.2023 02:00;5,21
16.12.2023 03:00;4,871
16.12.2023 04:00;5,96
16.12.2023 05:00;3,354
16.12.2023 06:00;1,857
16.12.2023 07:00;2,132
16.12.2023 08:00;1,688
16.12.2023 09:00;1,441
16.12.2023 10:00;0,905
16.12.2023 11:00;0,696
16.12.2023 12:00;0,29
16.12.2023 13:00;0,22
16.12.2023 14:00;0,218
16.12.2023 15:00;0,247
16.12.2023 16:00;0,918
16.12.2023 17:00;0,947
16.12.2023 18:00;2,43
16.12.2023 19:00;1,249
16.12.2023 20:00;1,289
16.12.2023 21:00;1,461
16.12.2023 22:00;1,642
16.12.2023 23:00;1,89
17.12.2023 00:00;2,113
17.12.2023 01:00;4,388
17.12.2023 02:00;4,388
17.12.2023 03:00;4,388
17.12.2023 04:00;4,386
17.12.2023 05:00;3,655
17.12.2023 06:00;1,966
17.12.2023 07:00;2,39
17.12.2023 08:00;1,78
17.12.2023 09:00;0,234
17.12.2023 10:00;0,282
17.12.2023 11:00;0,298
17.12.2023 12:00;0,189
17.12.2023 13:00;1,89
17.12.2023 14:00;2,454
17.12.2023 15:00;1,817
17.12.2023 16:00;0,53
17.12.2023 17:00;1,938
17.12.2023 18:00;5,484
17.12.2023 19:00;4,864
17.12.2023 20:00;3,283
17.12.2023 21:00;1,342
17.12.2023 22:00;1,49
17.12.2023 23:00;3,653
18.12.2023 00:00;5,1
18.12.2023 01:00;4,915
18.12.2023 02:00;4,759
18.12.2023 03:00;2,937
18.12.2023 04:00;1,335
18.12.2023 05:00;1,166
18.12.2023 06:00;1,474
18.12.2023 07:00;1,317
18.12.2023 08:00;0,339
18.12.2023 09:00;0,327
18.12.2023 10:00;0,32
18.12.2023 11:00;0,232
18.12.2023 12:00;0,305
18.12.2023 13:00;0,341
18.12.2023 14:00;0,215
18.12.2023 15:00;0,205
18.12.2023 16:00;0,713
18.12.2023 17:00;1,83
18.12.2023 18:00;0,65
18.12.2023 19:00;1,781
18.12.2023 20:00;1,25
18.12.2023 21:00;2,12
18.12.2023 22:00;1,75
18.12.2023 23:00;5,16
19.12.2023 00:00;5,69
19.12.2023 01:00;4,791
19.12.2023 02:00;4,797
19.12.2023 03:00;1,717
19.12.2023 04:00;0,951
19.12.2023 05:00;1,283
19.12.2023 06:00;1,311
19.12.2023 07:00;1,294
19.12.2023 08:00;1,241
19.12.2023 09:00;0,272
19.12.2023 10:00;0,234
19.12.2023 11:00;0,297
19.12.2023 12:00;0,316
19.12.2023 13:00;0,308
19.12.2023 14:00;0,187
19.12.2023 15:00;0,192
19.12.2023 16:00;0,329
19.12.2023 17:00;0,375
19.12.2023 18:00;0,423
19.12.2023 19:00;0,871
19.12.2023 20:00;0,676
19.12.2023 21:00;1,465
19.12.2023 22:00;3,173
19.12.2023 23:00;4,991
20.12.2023 00:00;4,973
20.12.2023 01:00;5,2
20.12.2023 02:00;2,793
20.12.2023 03:00;2,68
20.12.2023 04:00;2,682
20.12.2023 05:00;2,683
20.12.2023 06:00;2,344
20.12.2023 07:00;1,439
20.12.2023 08:00;1,365
20.12.2023 09:00;0,136
20.12.2023 10:00;0,255
20.12.2023 11:00;0,269
20.12.2023 12:00;0,361
20.12.2023 13:00;0,187
20.12.2023 14:00;0,221
20.12.2023 15:00;0,291
20.12.2023 16:00;0,764
20.12.2023 17:00;1,469
20.12.2023 18:00;2,516
20.12.2023 19:00;1,558
20.12.2023 20:00;1,755
20.12.2023 21:00;1,96
20.12.2023 22:00;1,376
20.12.2023 23:00;1,229
21.12.2023 00:00;1,56
21.12.2023 01:00;4,446
21.12.2023 02:00;4,869
21.12.2023 03:00;4,851
21.12.2023 04:00;4,796
21.12.2023 05:00;4,78
21.12.2023 06:00;2,246
21.12.2023 07:00;0,753
21.12.2023 08:00;0,366
21.12.2023 09:00;0,234
21.12.2023 10:00;0,516
21.12.2023 11:00;0,402
21.12.2023 12:00;0,528
21.12.2023 13:00;2,371
21.12.2023 14:00;1,85
21.12.2023 15:00;0,987
21.12.2023 16:00;1,425
21.12.2023 17:00;1,911
21.12.2023 18:00;2,61
21.12.2023 19:00;2,597
21.12.2023 20:00;2,983
21.12.2023 21:00;2,322
21.12.2023 22:00;1,64
21.12.2023 23:00;2,204
22.12.2023 00:00;5,34
22.12.2023 01:00;5,29
22.12.2023 02:00;4,852
22.12.2023 03:00;5,31
22.12.2023 04:00;4,71
22.12.2023 05:00;2,316
22.12.2023 06:00;2,243
22.12.2023 07:00;1,538
22.12.2023 08:00;1,342
22.12.2023 09:00;1,359
22.12.2023 10:00;0,34
22.12.2023 11:00;0,235
22.12.2023 12:00;0,187
22.12.2023 13:00;0,271
22.12.2023 14:00;0,243
22.12.2023 15:00;0,265
22.12.2023 16:00;0,287
22.12.2023 17:00;0,851
22.12.2023 18:00;1,657
22.12.2023 19:00;1,311
22.12.2023 20:00;1,937
22.12.2023 21:00;1,979
22.12.2023 22:00;1,576
22.12.2023 23:00;1,609
23.12.2023 00:00;3,547
23.12.2023 01:00;3,846
23.12.2023 02:00;3,867
23.12.2023 03:00;3,835
23.12.2023 04:00;3,921
23.12.2023 05:00;2,749
23.12.2023 06:00;2,45
23.12.2023 07:00;2,633
23.12.2023 08:00;2,527
23.12.2023 09:00;2,9
23.12.2023 10:00;0,799
23.12.2023 11:00;0,301
23.12.2023 12:00;0,319
23.12.2023 13:00;0,321
23.12.2023 14:00;0,21
23.12.2023 15:00;0,985
23.12.2023 16:00;2,306
23.12.2023 17:00;1,38
23.12.2023 18:00;0,596
23.12.2023 19:00;0,677
23.12.2023 20:00;0,729
23.12.2023 21:00;0,755
23.12.2023 22:00;1,359
23.12.2023 23:00;3,668
24.12.2023 00:00;3,524
24.12.2023 01:00;3,68
24.12.2023 02:00;5,179
24.12.2023 03:00;5,412
24.12.2023 04:00;5,1
24.12.2023 05:00;4,971
24.12.2023 06:00;5,551
24.12.2023 07:00;3,431
24.12.2023 08:00;1,814
24.12.2023 09:00;0,645
24.12.2023 10:00;0,286
24.12.2023 11:00;0,341
24.12.2023 12:00;3,808
24.12.2023 13:00;2,456
24.12.2023 14:00;0,224
24.12.2023 15:00;0,364
24.12.2023 16:00;0,797
24.12.2023 17:00;0,881
24.12.2023 18:00;2,598
24.12.2023 19:00;3,856
24.12.2023 20:00;3,298
24.12.2023 21:00;3,946
24.12.2023 22:00;3,7
24.12.2023 23:00;2,962
25.12.2023 00:00;5,314
25.12.2023 01:00;5,215
25.12.2023 02:00;3,307
25.12.2023 03:00;4,714
25.12.2023 04:00;4,329
25.12.2023 05:00;3,733
25.12.2023 06:00;2,289
25.12.2023 07:00;2,571
25.12.2023 08:00;2,311
25.12.2023 09:00;1,782
25.12.2023 10:00;0,833
25.12.2023 11:00;0,274
25.12.2023 12:00;0,643
25.12.2023 13:00;0,267
25.12.2023 14:00;0,29
25.12.2023 15:00;1,312
25.12.2023 16:00;0,511
25.12.2023 17:00;0,382
25.12.2023 18:00;0,491
25.12.2023 19:00;1,29
25.12.2023 20:00;3,263
25.12.2023 21:00;2,529
25.12.2023 22:00;2,238
25.12.2023 23:00;3,202
26.12.2023 00:00;4,214
26.12.2023 01:00;4,207
26.12.2023 02:00;4,205
26.12.2023 03:00;4,208
26.12.2023 04:00;4,201
26.12.2023 05:00;4,73
26.12.2023 06:00;1,916
26.12.2023 07:00;1,845
26.12.2023 08:00;1,62
26.12.2023 09:00;1,636
26.12.2023 10:00;1,67
26.12.2023 11:00;1,702
26.12.2023 12:00;0,513
26.12.2023 13:00;0,535
26.12.2023 14:00;0,419
26.12.2023 15:00;0,23
26.12.2023 16:00;0,451
26.12.2023 17:00;2,16
26.12.2023 18:00;0,676
26.12.2023 19:00;0,868
26.12.2023 20:00;2,493
26.12.2023 21:00;2,866
26.12.2023 22:00;2,826
26.12.2023 23:00;2,32
27.12.2023 00:00;1,823
27.12.2023 01:00;1,789
27.12.2023 02:00;3,96
27.12.2023 03:00;4,454
27.12.2023 04:00;4,633
27.12.2023 05:00;4,861
27.12.2023 06:00;3,632
27.12.2023 07:00;2,92
27.12.2023 08:00;1,766
27.12.2023 09:00;1,315
27.12.2023 10:00;0,443
27.12.2023 11:00;0,192
27.12.2023 12:00;0,255
27.12.2023 13:00;0,228
27.12.2023 14:00;0,283
27.12.2023 15:00;0,199
27.12.2023 16:00;0,35
27.12.2023 17:00;2,492
27.12.2023 18:00;3,139
27.12.2023 19:00;2,511
27.12.2023 20:00;1,734
27.12.2023 21:00;1,76
27.12.2023 22:00;1,768
27.12.2023 23:00;1,68
28.12.2023 00:00;4,693
28.12.2023 01:00;4,791
28.12.2023 02:00;4,69
28.12.2023 03:00;4,759
28.12.2023 04:00;3,595
28.12.2023 05:00;1,775
28.12.2023 06:00;1,999
28.12.2023 07:00;1,43
28.12.2023 08:00;0,441
28.12.2023 09:00;0,254
28.12.2023 10:00;0,506
28.12.2023 11:00;0,735
28.12.2023 12:00;2,694
28.12.2023 13:00;4,885
28.12.2023 14:00;5,39
28.12.2023 15:00;5,341
28.12.2023 16:00;1,96
28.12.2023 17:00;0,341
28.12.2023 18:00;0,813
28.12.2023 19:00;0,762
28.12.2023 20:00;0,467
28.12.2023 21:00;0,662
28.12.2023 22:00;0,766
28.12.2023 23:00;2,409
29.12.2023 00:00;4,622
29.12.2023 01:00;4,56
29.12.2023 02:00;4,204
29.12.2023 03:00;0,919
29.12.2023 04:00;0,481
29.12.2023 05:00;0,475
29.12.2023 06:00;0,603
29.12.2023 07:00;0,577
29.12.2023 08:00;0,625
29.12.2023 09:00;0,37
29.12.2023 10:00;0,505
29.12.2023 11:00;0,592
29.12.2023 12:00;0,526
29.12.2023 13:00;0,22
29.12.2023 14:00;1,381
29.12.2023 15:00;3,694
29.12.2023 16:00;3,32
29.12.2023 17:00;1,65
29.12.2023 18:00;2,186
29.12.2023 19:00;1,531
29.12.2023 20:00;1,522
29.12.2023 21:00;1,597
29.12.2023 22:00;1,448
29.12.2023 23:00;1,294
30.12.2023 00:00;2,774
30.12.2023 01:00;4,8
30.12.2023 02:00;3,276
30.12.2023 03:00;2,524
30.12.2023 04:00;1,55
30.12.2023 05:00;1,452
30.12.2023 06:00;1,343
30.12.2023 07:00;2,472
30.12.2023 08:00;2,281
30.12.2023 09:00;1,49
30.12.2023 10:00;2,512
30.12.2023 11:00;2,848
30.12.2023 12:00;1,381
30.12.2023 13:00;1,255
30.12.2023 14:00;1,287
30.12.2023 15:00;0,364
30.12.2023 16:00;1,809
30.12.2023 17:00;1,837
30.12.2023 18:00;3,627
30.12.2023 19:00;2,725
30.12.2023 20:00;2,925
30.12.2023 21:00;2,593
30.12.2023 22:00;2,206
30.12.2023 23:00;1,955
31.12.2023 00:00;1,898
31.12.2023 01:00;4,388
31.12.2023 02:00;4,473
31.12.2023 03:00;4,448
31.12.2023 04:00;4,493
31.12.2023 05:00;4,16
31.12.2023 06:00;2,33
31.12.2023 07:00;2,606
31.12.2023 08:00;2,531
31.12.2023 09:00;2,283
31.12.2023 10:00;3,271
31.12.2023 11:00;1,658
31.12.2023 12:00;2,638
31.12.2023 13:00;3,552
31.12.2023 14:00;2,302
31.12.2023 15:00;1,599
31.12.2023 16:00;1,691
31.12.2023 17:00;0,969
31.12.2023 18:00;2,269
31.12.2023 19:00;2,36
31.12.2023 20:00;5,86
31.12.2023 21:00;3,864
31.12.2023 22:00;4,453
31.12.2023 23:00;2,737
01.01.2024 00:00;2,565
01.01.2024 01:00;3,444
01.01.2024 02:00;0,416
01.01.2024 03:00;0,372
01.01.2024 04:00;0,347
01.01.2024 05:00;0,347
01.01.2024 06:00;0,423
01.01.2024 07:00;1,49
01.01.2024 08:00;0,467
01.01.2024 09:00;2,177
01.01.2024 10:00;6,514
01.01.2024 11:00;4,103
01.01.2024 12:00;3,639
01.01.2024 13:00;3,607
01.01.2024 14:00;3,442
01.01.2024 15:00;3,685
01.01.2024 16:00;4,402
01.01.2024 17:00;5,265
01.01.2024 18:00;6,751
01.01.2024 19:00;8,799
01.01.2024 20:00;8,699
01.01.2024 21:00;6,386
01.01.2024 22:00;5,633
01.01.2024 23:00;5,116
02.01.2024 00:00;5,327
02.01.2024 01:00;5,12
02.01.2024 02:00;3,911
02.01.2024 03:00;5,16
02.01.2024 04:00;5,7
02.01.2024 05:00;5,21
02.01.2024 06:00;5,471
02.01.2024 07:00;0,69
02.01.2024 08:00;0,305
02.01.2024 09:00;0,177
02.01.2024 10:00;0,168
02.01.2024 11:00;2,784
02.01.2024 12:00;3,269
02.01.2024 13:00;2,62
02.01.2024 14:00;2,608
02.01.2024 15:00;3,13
02.01.2024 16:00;4,79
02.01.2024 17:00;3,609
02.01.2024 18:00;3,813
02.01.2024 19:00;3,676
02.01.2024 20:00;3,304
02.01.2024 21:00;5,87
02.01.2024 22:00;5,551
02.01.2024 23:00;5,352
03.01.2024 00:00;5,127
03.01.2024 01:00;5,573
03.01.2024 02:00;5,108
03.01.2024 03:00;5,125
03.01.2024 04:00;5,44
03.01.2024 05:00;6,4
03.01.2024 06:00;6,519
03.01.2024 07:00;6,181
03.01.2024 08:00;5,215
03.01.2024 09:00;3,531
03.01.2024 10:00;1,263
03.01.2024 11:00;2,359
03.01.2024 12:00;1,959
03.01.2024 13:00;1,275
03.01.2024 14:00;5,393
03.01.2024 15:00;4,497
03.01.2024 16:00;0,852
03.01.2024 17:00;2,355
03.01.2024 18:00;3,48
03.01.2024 19:00;3,248
03.01.2024 20:00;4,519
03.01.2024 21:00;6,21
03.01.2024 22:00;6,102
03.01.2024 23:00;6,339
04.01.2024 00:00;6,396
04.01.2024 01:00;6,344
04.01.2024 02:00;5,482
04.01.2024 03:00;5,114
04.01.2024 04:00;5,42
04.01.2024 05:00;5,68
04.01.2024 06:00;5,374
04.01.2024 07:00;5,506
04.01.2024 08:00;1,484
04.01.2024 09:00;1,435
04.01.2024 10:00;1,724
04.01.2024 11:00;1,547
04.01.2024 12:00;1,869
04.01.2024 13:00;1,883
04.01.2024 14:00;2,714
04.01.2024 15:00;3,764
04.01.2024 16:00;3,783
04.01.2024 17:00;3,123
04.01.2024 18:00;4,726
04.01.2024 19:00;4,916
04.01.2024 20:00;4,656
04.01.2024 21:00;5,595
04.01.2024 22:00;5,418
04.01.2024 23:00;5,21
05.01.2024 00:00;5,268
05.01.2024 01:00;5,426
05.01.2024 02:00;5,174
05.01.2024 03:00;6,446
05.01.2024 04:00;5,5
05.01.2024 05:00;2,861
05.01.2024 06:00;3,253
05.01.2024 07:00;0,43
05.01.2024 08:00;0,373
05.01.2024 09:00;0,392
05.01.2024 10:00;0,308
05.01.2024 11:00;0,358
05.01.2024 12:00;4,972
05.01.2024 13:00;0,335
05.01.2024 14:00;4,949
05.01.2024 15:00;0,374
05.01.2024 16:00;0,576
05.01.2024 17:00;0,448
05.01.2024 18:00;1,329
05.01.2024 19:00;0,805
05.01.2024 20:00;0,904
05.01.2024 21:00;1,506
05.01.2024 22:00;1,509
05.01.2024 23:00;1,526
06.01.2024 00:00;1,496
06.01.2024 01:00;6,277
06.01.2024 02:00;7,97
06.01.2024 03:00;7,264
06.01.2024 04:00;6,846
06.01.2024 05:00;7,25
06.01.2024 06:00;5,516
06.01.2024 07:00;5,44
06.01.2024 08:00;5,577
06.01.2024 09:00;5,234
06.01.2024 10:00;6,401
06.01.2024 11:00;4,538
06.01.2024 12:00;2,765
06.01.2024 13:00;2,842
06.01.2024 14:00;3,69
06.01.2024 15:00;3,99
06.01.2024 16:00;6,289
06.01.2024 17:00;0,429
06.01.2024 18:00;0,348
06.01.2024 19:00;1,16
06.01.2024 20:00;2,28
06.01.2024 21:00;1,812
06.01.2024 22:00;1,975
06.01.2024 23:00;1,759
07.01.2024 00:00;5,601
07.01.2024 01:00;6,175
07.01.2024 02:00;5,771
07.01.2024 03:00;6,518
07.01.2024 04:00;2,51
07.01.2024 05:00;0,
07.01.2024 06:00;0,592
07.01.2024 07:00;6,991
07.01.2024 08:00;7,58
07.01.2024 09:00;7,284
07.01.2024 10:00;4,142
07.01.2024 11:00;3,635
07.01.2024 12:00;4,101
07.01.2024 13:00;2,855
07.01.2024 14:00;5,171
07.01.2024 15:00;7,149
07.01.2024 16:00;6,5
07.01.2024 17:00;5,467
07.01.2024 18:00;6,513
07.01.2024 19:00;9,53
07.01.2024 20:00;8,66
07.01.2024 21:00;7,792
07.01.2024 22:00;3,34
07.01.2024 23:00;2,877
08.01.2024 00:00;7,269
08.01.2024 01:00;5,593
08.01.2024 02:00;5,155
08.01.2024 03:00;5,
08.01.2024 04:00;3,446
08.01.2024 05:00;2,298
08.01.2024 06:00;3,2
08.01.2024 07:00;2,367
08.01.2024 08:00;1,811
08.01.2024 09:00;0,203
08.01.2024 10:00;0,193
08.01.2024 11:00;0,177
08.01.2024 12:00;1,18
08.01.2024 13:00;1,323
08.01.2024 14:00;2,993
08.01.2024 15:00;0,232
08.01.2024 16:00;0,487
08.01.2024 17:00;1,507
08.01.2024 18:00;1,669
08.01.2024 19:00;2,456
08.01.2024 20:00;1,883
08.01.2024 21:00;1,726
08.01.2024 22:00;1,78
08.01.2024 23:00;1,782
09.01.2024 00:00;4,915
09.01.2024 01:00;5,22
09.01.2024 02:00;5,85
09.01.2024 03:00;5,2
09.01.2024 04:00;3,395
09.01.2024 05:00;2,954
09.01.2024 06:00;2,318
09.01.2024 07:00;2,659
09.01.2024 08:00;0,538
09.01.2024 09:00;0,261
09.01.2024 10:00;0,225
09.01.2024 11:00;0,171
09.01.2024 12:00;0,303
09.01.2024 13:00;4,485
09.01.2024 14:00;4,527
09.01.2024 15:00;0,237
09.01.2024 16:00;0,274
09.01.2024 17:00;0,381
09.01.2024 18:00;1,43
09.01.2024 19:00;0,636
09.01.2024 20:00;0,376
09.01.2024 21:00;0,383
09.01.2024 22:00;2,454
09.01.2024 23:00;1,369
10.01.2024 00:00;1,627
10.01.2024 01:00;4,861
10.01.2024 02:00;4,814
10.01.2024 03:00;4,821
10.01.2024 04:00;4,418
10.01.2024 05:00;1,368
10.01.2024 06:00;1,468
10.01.2024 07:00;0,459
10.01.2024 08:00;0,356
10.01.2024 09:00;0,188
10.01.2024 10:00;0,215
10.01.2024 11:00;0,163
10.01.2024 12:00;0,164
10.01.2024 13:00;0,165
10.01.2024 14:00;1,46
10.01.2024 15:00;4,798
10.01.2024 16:00;0,391
10.01.2024 17:00;0,358
10.01.2024 18:00;1,635
10.01.2024 19:00;3,33
10.01.2024 20:00;3,285
10.01.2024 21:00;1,753
10.01.2024 22:00;1,545
10.01.2024 23:00;1,892
11.01.2024 00:00;4,846
11.01.2024 01:00;4,92
11.01.2024 02:00;4,947
11.01.2024 03:00;5,14
11.01.2024 04:00;2,601
11.01.2024 05:00;1,665
11.01.2024 06:00;1,678
11.01.2024 07:00;0,657
11.01.2024 08:00;0,383
11.01.2024 09:00;0,196
11.01.2024 10:00;0,204
11.01.2024 11:00;0,159
11.01.2024 12:00;0,217
11.01.2024 13:00;0,34
11.01.2024 14:00;1,952
11.01.2024 15:00;2,74
11.01.2024 16:00;4,92
11.01.2024 17:00;0,431
11.01.2024 18:00;0,458
11.01.2024 19:00;1,551
11.01.2024 20:00;3,262
11.01.2024 21:00;1,784
11.01.2024 22:00;1,464
11.01.2024 23:00;1,504
12.01.2024 00:00;4,887
12.01.2024 01:00;4,858
12.01.2024 02:00;4,974
12.01.2024 03:00;4,771
12.01.2024 04:00;2,143
12.01.2024 05:00;1,694
12.01.2024 06:00;2,731
12.01.2024 07:00;0,39
12.01.2024 08:00;0,419
12.01.2024 09:00;0,438
12.01.2024 10:00;1,821
12.01.2024 11:00;0,313
12.01.2024 12:00;1,868
12.01.2024 13:00;2,907
12.01.2024 14:00;2,437
12.01.2024 15:00;2,583
12.01.2024 16:00;4,22
12.01.2024 17:00;2,83
12.01.2024 18:00;3,29
12.01.2024 19:00;2,681
12.01.2024 20:00;2,691
12.01.2024 21:00;2,361
12.01.2024 22:00;2,753
12.01.2024 23:00;3,165
13.01.2024 00:00;3,338
13.01.2024 01:00;5,57
13.01.2024 02:00;5,478
13.01.2024 03:00;5,346
13.01.2024 04:00;5,355
13.01.2024 05:00;5,227
13.01.2024 06:00;5,473
13.01.2024 07:00;0,827
13.01.2024 08:00;0,391
13.01.2024 09:00;2,358
13.01.2024 10:00;4,27
13.01.2024 11:00;3,636
13.01.2024 12:00;3,303
13.01.2024 13:00;5,147
13.01.2024 14:00;5,79
13.01.2024 15:00;5,402
13.01.2024 16:00;5,685
13.01.2024 17:00;0,566
13.01.2024 18:00;2,641
13.01.2024 19:00;3,134
13.01.2024 20:00;3,409
13.01.2024 21:00;3,65
13.01.2024 22:00;3,591
13.01.2024 23:00;2,968
14.01.2024 00:00;5,455
14.01.2024 01:00;5,138
14.01.2024 02:00;5,188
14.01.2024 03:00;5,261
14.01.2024 04:00;5,275
14.01.2024 05:00;5,653
14.01.2024 06:00;4,79
14.01.2024 07:00;3,377
14.01.2024 08:00;2,674
14.01.2024 09:00;4,639
14.01.2024 10:00;2,615
14.01.2024 11:00;2,597
14.01.2024 12:00;3,141
14.01.2024 13:00;4,398
14.01.2024 14:00;4,132
14.01.2024 15:00;3,746
14.01.2024 16:00;3,553
14.01.2024 17:00;0,623
14.01.2024 18:00;1,22
14.01.2024 19:00;2,189
14.01.2024 20:00;3,724
14.01.2024 21:00;4,31
14.01.2024 22:00;2,453
14.01.2024 23:00;2,939
15.01.2024 00:00;5,674
15.01.2024 01:00;5,265
15.01.2024 02:00;5,33
15.01.2024 03:00;5,281
15.01.2024 04:00;5,272
15.01.2024 05:00;4,681
15.01.2024 06:00;2,767
15.01.2024 07:00;2,918
15.01.2024 08:00;2,149
15.01.2024 09:00;1,985
15.01.2024 10:00;2,23
15.01.2024 11:00;5,363
15.01.2024 12:00;1,246
15.01.2024 13:00;1,765
15.01.2024 14:00;1,386
15.01.2024 15:00;1,373
15.01.2024 16:00;1,339
15.01.2024 17:00;1,332
15.01.2024 18:00;1,909
15.01.2024 19:00;1,326
15.01.2024 20:00;1,698
15.01.2024 21:00;1,85
15.01.2024 22:00;1,939
15.01.2024 23:00;2,232
16.01.2024 00:00;5,58
16.01.2024 01:00;5,395
16.01.2024 02:00;5,62
16.01.2024 03:00;5,292
16.01.2024 04:00;5,479
16.01.2024 05:00;4,19
16.01.2024 06:00;3,771
16.01.2024 07:00;3,821
16.01.2024 08:00;0,51
16.01.2024 09:00;0,245
16.01.2024 10:00;0,63
16.01.2024 11:00;0,841
16.01.2024 12:00;3,576
16.01.2024 13:00;3,788
16.01.2024 14:00;5,503
16.01.2024 15:00;5,156
16.01.2024 16:00;0,602
16.01.2024 17:00;2,606
16.01.2024 18:00;4,53
16.01.2024 19:00;3,341
16.01.2024 20:00;3,85
16.01.2024 21:00;2,849
16.01.2024 22:00;4,52
16.01.2024 23:00;4,118
17.01.2024 00:00;3,468
17.01.2024 01:00;5,29
17.01.2024 02:00;5,364
17.01.2024 03:00;5,372
17.01.2024 04:00;5,32
17.01.2024 05:00;5,238
17.01.2024 06:00;1,32
17.01.2024 07:00;0,645
17.01.2024 08:00;0,504
17.01.2024 09:00;0,849
17.01.2024 10:00;4,431
17.01.2024 11:00;4,466
17.01.2024 12:00;0,54
17.01.2024 13:00;4,689
17.01.2024 14:00;0,177
17.01.2024 15:00;1,785
17.01.2024 16:00;0,408
17.01.2024 17:00;0,707
17.01.2024 18:00;0,948
17.01.2024 19:00;1,978
17.01.2024 20:00;1,857
17.01.2024 21:00;4,51
17.01.2024 22:00;3,812
17.01.2024 23:00;3,547
18.01.2024 00:00;3,446
18.01.2024 01:00;5,295
18.01.2024 02:00;5,368
18.01.2024 03:00;5,193
18.01.2024 04:00;5,205
18.01.2024 05:00;5,197
18.01.2024 06:00;3,997
18.01.2024 07:00;2,52
18.01.2024 08:00;0,32
18.01.2024 09:00;0,233
18.01.2024 10:00;0,156
18.01.2024 11:00;0,153
18.01.2024 12:00;0,373
18.01.2024 13:00;0,189
18.01.2024 14:00;0,322
18.01.2024 15:00;0,16
18.01.2024 16:00;0,333
18.01.2024 17:00;2,653
18.01.2024 18:00;3,48
18.01.2024 19:00;2,365
18.01.2024 20:00;3,44
18.01.2024 21:00;3,172
18.01.2024 22:00;3,21
18.01.2024 23:00;2,328
19.01.2024 00:00;1,531
19.01.2024 01:00;5,463
19.01.2024 02:00;5,693
19.01.2024 03:00;5,248
19.01.2024 04:00;5,242
19.01.2024 05:00;5,172
19.01.2024 06:00;5,973
19.01.2024 07:00;3,478
19.01.2024 08:00;0,338
19.01.2024 09:00;0,385
19.01.2024 10:00;0,196
19.01.2024 11:00;0,408
19.01.2024 12:00;0,255
19.01.2024 13:00;1,514
19.01.2024 14:00;4,887
19.01.2024 15:00;5,67
19.01.2024 16:00;0,315
19.01.2024 17:00;1,233
19.01.2024 18:00;2,67
19.01.2024 19:00;3,581
19.01.2024 20:00;2,749
19.01.2024 21:00;2,198
19.01.2024 22:00;2,506
19.01.2024 23:00;2,281
20.01.2024 00:00;5,457
20.01.2024 01:00;5,458
20.01.2024 02:00;5,432
20.01.2024 03:00;5,182
20.01.2024 04:00;5,488
20.01.2024 05:00;5,408
20.01.2024 06:00;5,421
20.01.2024 07:00;5,324
20.01.2024 08:00;5,734
20.01.2024 09:00;0,737
20.01.2024 10:00;0,195
20.01.2024 11:00;0,225
20.01.2024 12:00;0,267
20.01.2024 13:00;3,353
20.01.2024 14:00;2,466
20.01.2024 15:00;4,995
20.01.2024 16:00;2,18
20.01.2024 17:00;5,358
20.01.2024 18:00;3,854
20.01.2024 19:00;3,356
20.01.2024 20:00;3,886
20.01.2024 21:00;3,361
20.01.2024 22:00;4,88
20.01.2024 23:00;3,279
21.01.2024 00:00;5,276
21.01.2024 01:00;5,198
21.01.2024 02:00;5,31
21.01.2024 03:00;5,403
21.01.2024 04:00;5,229
21.01.2024 05:00;5,82
21.01.2024 06:00;3,147
21.01.2024 07:00;2,299
21.01.2024 08:00;4,422
21.01.2024 09:00;0,751
21.01.2024 10:00;0,537
21.01.2024 11:00;0,783
21.01.2024 12:00;3,434
21.01.2024 13:00;5,553
21.01.2024 14:00;5,8
21.01.2024 15:00;5,466
21.01.2024 16:00;0,423
21.01.2024 17:00;0,414
21.01.2024 18:00;3,76
21.01.2024 19:00;7,672
21.01.2024 20:00;7,836
21.01.2024 21:00;5,944
21.01.2024 22:00;1,321
21.01.2024 23:00;1,667
22.01.2024 00:00;0,381
22.01.2024 01:00;0,353
22.01.2024 02:00;0,318
22.01.2024 03:00;0,278
22.01.2024 04:00;0,851
22.01.2024 05:00;0,415
22.01.2024 06:00;5,526
22.01.2024 07:00;2,237
22.01.2024 08:00;2,953
22.01.2024 09:00;3,203
22.01.2024 10:00;0,959
22.01.2024 11:00;0,457
22.01.2024 12:00;0,633
22.01.2024 13:00;1,77
22.01.2024 14:00;1,141
22.01.2024 15:00;0,9
22.01.2024 16:00;1,9
22.01.2024 17:00;1,912
22.01.2024 18:00;1,14
22.01.2024 19:00;2,953
22.01.2024 20:00;2,887
22.01.2024 21:00;2,278
22.01.2024 22:00;2,294
22.01.2024 23:00;5,101
23.01.2024 00:00;5,124
23.01.2024 01:00;5,135
23.01.2024 02:00;3,469
23.01.2024 03:00;3,168
23.01.2024 04:00;2,267
23.01.2024 05:00;3,246
23.01.2024 06:00;1,348
23.01.2024 07:00;0,491
23.01.2024 08:00;0,28
23.01.2024 09:00;0,284
23.01.2024 10:00;0,162
23.01.2024 11:00;0,164
23.01.2024 12:00;0,166
23.01.2024 13:00;0,363
23.01.2024 14:00;0,416
23.01.2024 15:00;0,2
23.01.2024 16:00;0,302
23.01.2024 17:00;0,676
23.01.2024 18:00;1,381
23.01.2024 19:00;1,945
23.01.2024 20:00;1,356
23.01.2024 21:00;2,617
23.01.2024 22:00;2,717
23.01.2024 23:00;4,924
24.01.2024 00:00;5,82
24.01.2024 01:00;5,163
24.01.2024 02:00;2,903
24.01.2024 03:00;1,33
24.01.2024 04:00;1,252
24.01.2024 05:00;1,341
24.01.2024 06:00;1,121
24.01.2024 07:00;0,46
24.01.2024 08:00;0,26
24.01.2024 09:00;0,158
24.01.2024 10:00;0,287
24.01.2024 11:00;0,157
24.01.2024 12:00;0,2
24.01.2024 13:00;0,159
24.01.2024 14:00;0,191
24.01.2024 15:00;4,907
24.01.2024 16:00;0,435
24.01.2024 17:00;0,472
24.01.2024 18:00;0,899
24.01.2024 19:00;0,751
24.01.2024 20:00;0,722
24.01.2024 21:00;2,531
24.01.2024 22:00;1,437
24.01.2024 23:00;1,351
25.01.2024 00:00;4,919
25.01.2024 01:00;5,85
25.01.2024 02:00;5,208
25.01.2024 03:00;3,386
25.01.2024 04:00;1,308
25.01.2024 05:00;1,26
25.01.2024 06:00;1,584
25.01.2024 07:00;1,196
25.01.2024 08:00;1,139
25.01.2024 09:00;0,711
25.01.2024 10:00;0,21
25.01.2024 11:00;0,268
25.01.2024 12:00;0,232
25.01.2024 13:00;0,231
25.01.2024 14:00;0,292
25.01.2024 15:00;5,17
25.01.2024 16:00;0,279
25.01.2024 17:00;0,721
25.01.2024 18:00;1,15
25.01.2024 19:00;0,518
25.01.2024 20:00;1,839
25.01.2024 21:00;5,
25.01.2024 22:00;0,319
25.01.2024 23:00;0,338
26.01.2024 00:00;5,79
26.01.2024 01:00;4,923
26.01.2024 02:00;4,997
26.01.2024 03:00;3,94
26.01.2024 04:00;2,297
26.01.2024 05:00;1,561
26.01.2024 06:00;2,676
26.01.2024 07:00;0,759
26.01.2024 08:00;0,614
26.01.2024 09:00;0,353
26.01.2024 10:00;0,253
26.01.2024 11:00;0,156
26.01.2024 12:00;5,223
26.01.2024 13:00;5,284
26.01.2024 14:00;0,346
26.01.2024 15:00;0,268
26.01.2024 16:00;0,328
26.01.2024 17:00;0,496
26.01.2024 18:00;3,809
26.01.2024 19:00;3,55
26.01.2024 20:00;2,187
26.01.2024 21:00;5,309
26.01.2024 22:00;0,418
26.01.2024 23:00;0,813
27.01.2024 00:00;5,38
27.01.2024 01:00;5,144
27.01.2024 02:00;5,189
27.01.2024 03:00;5,169
27.01.2024 04:00;3,997
27.01.2024 05:00;2,902
27.01.2024 06:00;0,442
27.01.2024 07:00;4,263
27.01.2024 08:00;0,372
27.01.2024 09:00;0,378
27.01.2024 10:00;4,839
27.01.2024 11:00;0,267
27.01.2024 12:00;0,399
27.01.2024 13:00;0,554
27.01.2024 14:00;6,1
27.01.2024 15:00;0,768
27.01.2024 16:00;1,8
27.01.2024 17:00;1,352
27.01.2024 18:00;0,717
27.01.2024 19:00;2,806
27.01.2024 20:00;1,86
27.01.2024 21:00;5,137
27.01.2024 22:00;0,741
27.01.2024 23:00;1,57
28.01.2024 00:00;1,609
28.01.2024 01:00;1,702
28.01.2024 02:00;5,114
28.01.2024 03:00;5,388
28.01.2024 04:00;5,288
28.01.2024 05:00;5,551
28.01.2024 06:00;0,551
28.01.2024 07:00;5,143
28.01.2024 08:00;3,967
28.01.2024 09:00;3,616
28.01.2024 10:00;1,18
28.01.2024 11:00;0,261
28.01.2024 12:00;5,22
28.01.2024 13:00;4,429
28.01.2024 14:00;1,523
28.01.2024 15:00;0,261
28.01.2024 16:00;0,297
28.01.2024 17:00;1,39
28.01.2024 18:00;2,896
28.01.2024 19:00;3,141
28.01.2024 20:00;2,452
28.01.2024 21:00;2,23
28.01.2024 22:00;2,135
28.01.2024 23:00;1,139
29.01.2024 00:00;4,73
29.01.2024 01:00;4,918
29.01.2024 02:00;4,863
29.01.2024 03:00;5,164
29.01.2024 04:00;2,761
29.01.2024 05:00;2,453
29.01.2024 06:00;1,682
29.01.2024 07:00;0,417
29.01.2024 08:00;0,293
29.01.2024 09:00;0,255
29.01.2024 10:00;0,22
29.01.2024 11:00;0,242
29.01.2024 12:00;0,203
29.01.2024 13:00;0,405
29.01.2024 14:00;0,217
29.01.2024 15:00;0,222
29.01.2024 16:00;0,256
29.01.2024 17:00;0,428
29.01.2024 18:00;0,711
29.01.2024 19:00;2,572
29.01.2024 20:00;1,957
29.01.2024 21:00;1,298
29.01.2024 22:00;1,439
29.01.2024 23:00;1,446
30.01.2024 00:00;4,943
30.01.2024 01:00;4,884
30.01.2024 02:00;4,897
30.01.2024 03:00;5,278
30.01.2024 04:00;3,304
30.01.2024 05:00;2,217
30.01.2024 06:00;1,955
30.01.2024 07:00;0,557
30.01.2024 08:00;0,327
30.01.2024 09:00;0,285
30.01.2024 10:00;0,502
30.01.2024 11:00;0,35
30.01.2024 12:00;0,308
30.01.2024 13:00;0,21
30.01.2024 14:00;1,74
30.01.2024 15:00;1,292
30.01.2024 16:00;1,807
30.01.2024 17:00;1,844
30.01.2024 18:00;2,961
30.01.2024 19:00;2,207
30.01.2024 20:00;0,621
30.01.2024 21:00;0,662
30.01.2024 22:00;0,566
30.01.2024 23:00;0,513
31.01.2024 00:00;4,418
31.01.2024 01:00;4,494
31.01.2024 02:00;4,522
31.01.2024 03:00;1,102
31.01.2024 04:00;0,64
31.01.2024 05:00;0,548
31.01.2024 06:00;0,793
31.01.2024 07:00;0,47
31.01.2024 08:00;0,364
31.01.2024 09:00;0,469
31.01.2024 10:00;0,333
31.01.2024 11:00;0,18
31.01.2024 12:00;4,954
31.01.2024 13:00;4,966
31.01.2024 14:00;5,208
31.01.2024 15:00;0,169
31.01.2024 16:00;0,239
31.01.2024 17:00;0,411
31.01.2024 18:00;1,122
31.01.2024 19:00;0,62
31.01.2024 20:00;0,509
31.01.2024 21:00;0,505
31.01.2024 22:00;1,379
31.01.2024 23:00;5,32
01.02.2024 00:00;5,2
01.02.2024 01:00;4,94
01.02.2024 02:00;2,817
01.02.2024 03:00;3,425
01.02.2024 04:00;2,49
01.02.2024 05:00;1,431
01.02.2024 06:00;1,605
01.02.2024 07:00;0,514
01.02.2024 08:00;0,377
01.02.2024 09:00;0,362
01.02.2024 10:00;0,268
01.02.2024 11:00;0,211
01.02.2024 12:00;0,378
01.02.2024 13:00;4,79
01.02.2024 14:00;4,811
01.02.2024 15:00;0,215
01.02.2024 16:00;0,282
01.02.2024 17:00;1,181
01.02.2024 18:00;0,923
01.02.2024 19:00;0,454
01.02.2024 20:00;0,499
01.02.2024 21:00;0,399
01.02.2024 22:00;5,227
01.02.2024 23:00;5,146
02.02.2024 00:00;5,167
02.02.2024 01:00;5,14
02.02.2024 02:00;2,33
02.02.2024 03:00;1,597
02.02.2024 04:00;1,692
02.02.2024 05:00;1,921
02.02.2024 06:00;1,686
02.02.2024 07:00;0,448
02.02.2024 08:00;0,403
02.02.2024 09:00;0,198
02.02.2024 10:00;0,305
02.02.2024 11:00;0,443
02.02.2024 12:00;0,368
02.02.2024 13:00;0,755
02.02.2024 14:00;0,308
02.02.2024 15:00;0,169
02.02.2024 16:00;0,326
02.02.2024 17:00;0,397
02.02.2024 18:00;1,24
02.02.2024 19:00;1,941
02.02.2024 20:00;1,407
02.02.2024 21:00;0,67
02.02.2024 22:00;0,608
02.02.2024 23:00;4,456
03.02.2024 00:00;4,449
03.02.2024 01:00;0,274
03.02.2024 02:00;0,271
03.02.2024 03:00;0,271
03.02.2024 04:00;4,346
03.02.2024 05:00;1,323
03.02.2024 06:00;0,511
03.02.2024 07:00;0,45
03.02.2024 08:00;0,347
03.02.2024 09:00;0,572
03.02.2024 10:00;0,36
03.02.2024 11:00;0,347
03.02.2024 12:00;0,29
03.02.2024 13:00;0,271
03.02.2024 14:00;0,2
03.02.2024 15:00;2,446
03.02.2024 16:00;5,652
03.02.2024 17:00;0,462
03.02.2024 18:00;0,476
03.02.2024 19:00;2,449
03.02.2024 20:00;2,745
03.02.2024 21:00;2,776
03.02.2024 22:00;2,697
03.02.2024 23:00;5,305
04.02.2024 00:00;5,177
04.02.2024 01:00;2,145
04.02.2024 02:00;2,8
04.02.2024 03:00;3,977
04.02.2024 04:00;5,153
04.02.2024 05:00;5,7
04.02.2024 06:00;3,748
04.02.2024 07:00;1,674
04.02.2024 08:00;1,564
04.02.2024 09:00;0,908
04.02.2024 10:00;0,349
04.02.2024 11:00;0,269
04.02.2024 12:00;0,224
04.02.2024 13:00;0,954
04.02.2024 14:00;4,376
04.02.2024 15:00;4,296
04.02.2024 16:00;0,256
04.02.2024 17:00;1,425
04.02.2024 18:00;3,794
04.02.2024 19:00;3,361
04.02.2024 20:00;1,948
04.02.2024 21:00;0,48
04.02.2024 22:00;0,362
04.02.2024 23:00;1,166
05.02.2024 00:00;4,883
05.02.2024 01:00;0,337
05.02.2024 02:00;0,342
05.02.2024 03:00;0,863
05.02.2024 04:00;5,96
05.02.2024 05:00;5,67
05.02.2024 06:00;5,302
05.02.2024 07:00;0,572
05.02.2024 08:00;0,264
05.02.2024 09:00;0,167
05.02.2024 10:00;0,179
05.02.2024 11:00;0,266
05.02.2024 12:00;4,925
05.02.2024 13:00;5,138
05.02.2024 14:00;5,104
05.02.2024 15:00;0,239
05.02.2024 16:00;0,39
05.02.2024 17:00;0,464
05.02.2024 18:00;0,629
05.02.2024 19:00;0,678
05.02.2024 20:00;0,603
05.02.2024 21:00;1,645
05.02.2024 22:00;2,795
05.02.2024 23:00;1,361
06.02.2024 00:00;4,947
06.02.2024 01:00;4,992
06.02.2024 02:00;5,114
06.02.2024 03:00;4,736
06.02.2024 04:00;2,196
06.02.2024 05:00;1,915
06.02.2024 06:00;2,223
06.02.2024 07:00;0,522
06.02.2024 08:00;0,183
06.02.2024 09:00;0,226
06.02.2024 10:00;0,155
06.02.2024 11:00;0,386
06.02.2024 12:00;4,991
06.02.2024 13:00;4,524
06.02.2024 14:00;1,785
06.02.2024 15:00;1,466
06.02.2024 16:00;0,185
06.02.2024 17:00;0,507
06.02.2024 18:00;0,849
06.02.2024 19:00;1,329
06.02.2024 20:00;2,799
06.02.2024 21:00;2,603
06.02.2024 22:00;2,388
06.02.2024 23:00;2,63
07.02.2024 00:00;5,107
07.02.2024 01:00;5,88
07.02.2024 02:00;5,34
07.02.2024 03:00;5,203
07.02.2024 04:00;2,581
07.02.2024 05:00;2,32
07.02.2024 06:00;2,34
07.02.2024 07:00;2,45
07.02.2024 08:00;0,319
07.02.2024 09:00;0,26
07.02.2024 10:00;0,18
07.02.2024 11:00;0,165
07.02.2024 12:00;0,545
07.02.2024 13:00;5,93
07.02.2024 14:00;0,34
07.02.2024 15:00;0,323
07.02.2024 16:00;1,141
07.02.2024 17:00;2,167
07.02.2024 18:00;2,464
07.02.2024 19:00;3,72
07.02.2024 20:00;2,708
07.02.2024 21:00;2,386
07.02.2024 22:00;2,587
07.02.2024 23:00;2,689
08.02.2024 00:00;5,1
08.02.2024 01:00;5,178
08.02.2024 02:00;5,15
08.02.2024 03:00;5,212
08.02.2024 04:00;5,104
08.02.2024 05:00;3,763
08.02.2024 06:00;3,723
08.02.2024 07:00;3,75
08.02.2024 08:00;0,435
08.02.2024 09:00;0,205
08.02.2024 10:00;0,18
08.02.2024 11:00;0,296
08.02.2024 12:00;0,208
08.02.2024 13:00;4,858
08.02.2024 14:00;4,189
08.02.2024 15:00;0,26
08.02.2024 16:00;0,394
08.02.2024 17:00;1,561
08.02.2024 18:00;1,275
08.02.2024 19:00;0,413
08.02.2024 20:00;1,591
08.02.2024 21:00;0,902
08.02.2024 22:00;1,592
08.02.2024 23:00;1,65
09.02.2024 00:00;5,136
09.02.2024 01:00;5,181
09.02.2024 02:00;5,343
09.02.2024 03:00;5,183
09.02.2024 04:00;2,47
09.02.2024 05:00;1,972
09.02.2024 06:00;0,496
09.02.2024 07:00;0,86
09.02.2024 08:00;0,357
09.02.2024 09:00;0,286
09.02.2024 10:00;0,369
09.02.2024 11:00;4,668
09.02.2024 12:00;5,67
09.02.2024 13:00;5,11
09.02.2024 14:00;1,599
09.02.2024 15:00;0,389
09.02.2024 16:00;0,457
09.02.2024 17:00;0,853
09.02.2024 18:00;2,979
09.02.2024 19:00;0,877
09.02.2024 20:00;5,502
09.02.2024 21:00;0,738
09.02.2024 22:00;1,352
09.02.2024 23:00;2,552
10.02.2024 00:00;2,563
10.02.2024 01:00;2,654
10.02.2024 02:00;5,47
10.02.2024 03:00;5,373
10.02.2024 04:00;5,355
10.02.2024 05:00;5,152
10.02.2024 06:00;5,343
10.02.2024 07:00;4,856
10.02.2024 08:00;0,365
10.02.2024 09:00;1,71
10.02.2024 10:00;0,574
10.02.2024 11:00;0,473
10.02.2024 12:00;4,969
10.02.2024 13:00;4,8
10.02.2024 14:00;0,327
10.02.2024 15:00;0,456
10.02.2024 16:00;5,69
10.02.2024 17:00;0,607
10.02.2024 18:00;0,607
10.02.2024 19:00;0,656
10.02.2024 20:00;0,887
10.02.2024 21:00;5,244
10.02.2024 22:00;1,893
10.02.2024 23:00;3,204
11.02.2024 00:00;2,783
11.02.2024 01:00;2,616
11.02.2024 02:00;3,361
11.02.2024 03:00;5,319
11.02.2024 04:00;5,223
11.02.2024 05:00;5,352
11.02.2024 06:00;5,183
11.02.2024 07:00;4,829
11.02.2024 08:00;2,206
11.02.2024 09:00;4,184
11.02.2024 10:00;0,276
11.02.2024 11:00;0,294
11.02.2024 12:00;0,277
11.02.2024 13:00;5,6
11.02.2024 14:00;0,312
11.02.2024 15:00;0,412
11.02.2024 16:00;5,222
11.02.2024 17:00;5,37
11.02.2024 18:00;4,271
11.02.2024 19:00;3,142
11.02.2024 20:00;0,89
11.02.2024 21:00;1,354
11.02.2024 22:00;1,805
11.02.2024 23:00;2,425
12.02.2024 00:00;5,33
12.02.2024 01:00;5,46
12.02.2024 02:00;5,89
12.02.2024 03:00;3,562
12.02.2024 04:00;1,995
12.02.2024 05:00;1,358
12.02.2024 06:00;1,685
12.02.2024 07:00;0,497
12.02.2024 08:00;0,394
12.02.2024 09:00;0,349
12.02.2024 10:00;0,396
12.02.2024 11:00;0,291
12.02.2024 12:00;4,851
12.02.2024 13:00;4,929
12.02.2024 14:00;0,382
12.02.2024 15:00;3,676
12.02.2024 16:00;0,606
12.02.2024 17:00;1,509
12.02.2024 18:00;2,761
12.02.2024 19:00;2,995
12.02.2024 20:00;2,737
12.02.2024 21:00;1,793
12.02.2024 22:00;2,258
12.02.2024 23:00;2,122
13.02.2024 00:00;5,2
13.02.2024 01:00;5,5
13.02.2024 02:00;5,236
13.02.2024 03:00;5,288
13.02.2024 04:00;4,88
13.02.2024 05:00;2,809
13.02.2024 06:00;2,718
13.02.2024 07:00;3,84
13.02.2024 08:00;0,364
13.02.2024 09:00;0,444
13.02.2024 10:00;0,273
13.02.2024 11:00;0,335
13.02.2024 12:00;5,66
13.02.2024 13:00;0,285
13.02.2024 14:00;0,271
13.02.2024 15:00;0,467
13.02.2024 16:00;5,147
13.02.2024 17:00;1,19
13.02.2024 18:00;1,646
13.02.2024 19:00;0,598
13.02.2024 20:00;0,531
13.02.2024 21:00;1,49
13.02.2024 22:00;2,821
13.02.2024 23:00;2,791
14.02.2024 00:00;5,529
14.02.2024 01:00;5,23
14.02.2024 02:00;5,2
14.02.2024 03:00;3,656
14.02.2024 04:00;1,596
14.02.2024 05:00;1,56
14.02.2024 06:00;1,748
14.02.2024 07:00;1,486
14.02.2024 08:00;1,457
14.02.2024 09:00;1,12
14.02.2024 10:00;0,27
14.02.2024 11:00;2,69
14.02.2024 12:00;0,939
14.02.2024 13:00;0,267
14.02.2024 14:00;1,925
14.02.2024 15:00;0,379
14.02.2024 16:00;1,932
14.02.2024 17:00;0,384
14.02.2024 18:00;0,891
14.02.2024 19:00;1,19
14.02.2024 20:00;0,631
14.02.2024 21:00;0,671
14.02.2024 22:00;0,522
14.02.2024 23:00;2,39
15.02.2024 00:00;5,55
15.02.2024 01:00;5,109
15.02.2024 02:00;5,156
15.02.2024 03:00;4,214
15.02.2024 04:00;1,938
15.02.2024 05:00;1,487
15.02.2024 06:00;1,805
15.02.2024 07:00;0,
15.02.2024 08:00;0,
15.02.2024 09:00;0,
15.02.2024 10:00;0,195
15.02.2024 11:00;2,681
15.02.2024 12:00;3,62
15.02.2024 13:00;1,59
15.02.2024 14:00;1,102
15.02.2024 15:00;1,118
15.02.2024 16:00;2,95
15.02.2024 17:00;1,112
15.02.2024 18:00;1,39
15.02.2024 19:00;1,422
15.02.2024 20:00;1,202
15.02.2024 21:00;1,686
15.02.2024 22:00;2,158
15.02.2024 23:00;1,113
16.02.2024 00:00;1,47
16.02.2024 01:00;3,184
16.02.2024 02:00;3,575
16.02.2024 03:00;4,184
16.02.2024 04:00;3,902
16.02.2024 05:00;2,659
16.02.2024 06:00;1,438
16.02.2024 07:00;1,2
16.02.2024 08:00;0,987
16.02.2024 09:00;0,779
16.02.2024 10:00;0,342
16.02.2024 11:00;0,325
16.02.2024 12:00;0,217
16.02.2024 13:00;0,328
16.02.2024 14:00;0,272
16.02.2024 15:00;0,501
16.02.2024 16:00;0,739
16.02.2024 17:00;0,908
16.02.2024 18:00;0,811
16.02.2024 19:00;0,48
16.02.2024 20:00;0,475
16.02.2024 21:00;0,475
16.02.2024 22:00;0,399
16.02.2024 23:00;0,366
17.02.2024 00:00;0,491
17.02.2024 01:00;0,798
17.02.2024 02:00;0,833
17.02.2024 03:00;4,819
17.02.2024 04:00;4,949
17.02.2024 05:00;4,743
17.02.2024 06:00;4,754
17.02.2024 07:00;2,333
17.02.2024 08:00;0,321
17.02.2024 09:00;0,427
17.02.2024 10:00;0,348
17.02.2024 11:00;0,365
17.02.2024 12:00;0,275
17.02.2024 13:00;0,328
17.02.2024 14:00;1,25
17.02.2024 15:00;0,279
17.02.2024 16:00;0,302
17.02.2024 17:00;0,989
17.02.2024 18:00;0,582
17.02.2024 19:00;0,505
17.02.2024 20:00;1,24
17.02.2024 21:00;1,731
17.02.2024 22:00;1,676
17.02.2024 23:00;1,499
18.02.2024 00:00;1,454
18.02.2024 01:00;1,425
18.02.2024 02:00;1,579
18.02.2024 03:00;1,328
18.02.2024 04:00;1,219
18.02.2024 05:00;1,366
18.02.2024 06:00;5,159
18.02.2024 07:00;5,488
18.02.2024 08:00;1,661
18.02.2024 09:00;0,367
18.02.2024 10:00;0,38
18.02.2024 11:00;0,29
18.02.2024 12:00;0,274
18.02.2024 13:00;0,291
18.02.2024 14:00;3,17
18.02.2024 15:00;4,767
18.02.2024 16:00;0,287
18.02.2024 17:00;0,329
18.02.2024 18:00;3,59
18.02.2024 19:00;2,472
18.02.2024 20:00;2,444
18.02.2024 21:00;1,463
18.02.2024 22:00;1,535
18.02.2024 23:00;1,363
19.02.2024 00:00;2,88
19.02.2024 01:00;5,84
19.02.2024 02:00;5,223
19.02.2024 03:00;5,218
19.02.2024 04:00;5,204
19.02.2024 05:00;5,35
19.02.2024 06:00;5,73
19.02.2024 07:00;1,302
19.02.2024 08:00;0,254
19.02.2024 09:00;0,398
19.02.2024 10:00;0,376
19.02.2024 11:00;2,94
19.02.2024 12:00;0,324
19.02.2024 13:00;0,255
19.02.2024 14:00;0,651
19.02.2024 15:00;0,377
19.02.2024 16:00;0,31
19.02.2024 17:00;0,507
19.02.2024 18:00;0,615
19.02.2024 19:00;2,664
19.02.2024 20:00;0,628
19.02.2024 21:00;0,654
19.02.2024 22:00;3,103
19.02.2024 23:00;5,148
20.02.2024 00:00;5,67
20.02.2024 01:00;5,137
20.02.2024 02:00;5,228
20.02.2024 03:00;5,265
20.02.2024 04:00;5,229
20.02.2024 05:00;1,971
20.02.2024 06:00;1,853
20.02.2024 07:00;1,346
20.02.2024 08:00;0,267
20.02.2024 09:00;0,273
20.02.2024 10:00;0,276
20.02.2024 11:00;0,262
20.02.2024 12:00;0,266
20.02.2024 13:00;0,315
20.02.2024 14:00;0,304
20.02.2024 15:00;0,266
20.02.2024 16:00;0,391
20.02.2024 17:00;0,34
20.02.2024 18:00;0,866
20.02.2024 19:00;1,639
20.02.2024 20:00;0,637
20.02.2024 21:00;0,595
20.02.2024 22:00;0,496
20.02.2024 23:00;1,218
21.02.2024 00:00;1,442
21.02.2024 01:00;5,78
21.02.2024 02:00;5,89
21.02.2024 03:00;5,489
21.02.2024 04:00;5,268
21.02.2024 05:00;5,269
21.02.2024 06:00;1,513
21.02.2024 07:00;0,507
21.02.2024 08:00;0,593
21.02.2024 09:00;0,433
21.02.2024 10:00;0,302
21.02.2024 11:00;0,279
21.02.2024 12:00;0,329
21.02.2024 13:00;4,888
21.02.2024 14:00;0,328
21.02.2024 15:00;5,83
21.02.2024 16:00;0,289
21.02.2024 17:00;0,396
21.02.2024 18:00;1,73
21.02.2024 19:00;1,31
21.02.2024 20:00;0,469
21.02.2024 21:00;0,574
21.02.2024 22:00;0,462
21.02.2024 23:00;0,452
22.02.2024 00:00;5,222
22.02.2024 01:00;5,315
22.02.2024 02:00;5,72
22.02.2024 03:00;5,262
22.02.2024 04:00;5,96
22.02.2024 05:00;2,631
22.02.2024 06:00;0,747
22.02.2024 07:00;0,449
22.02.2024 08:00;0,444
22.02.2024 09:00;0,533
22.02.2024 10:00;0,64
22.02.2024 11:00;0,292
22.02.2024 12:00;0,629
22.02.2024 13:00;0,296
22.02.2024 14:00;0,356
22.02.2024 15:00;5,42
22.02.2024 16:00;0,283
22.02.2024 17:00;1,196
22.02.2024 18:00;1,63
22.02.2024 19:00;0,529
22.02.2024 20:00;0,566
22.02.2024 21:00;0,952
22.02.2024 22:00;0,776
22.02.2024 23:00;0,453
23.02.2024 00:00;5,155
23.02.2024 01:00;5,159
23.02.2024 02:00;4,902
23.02.2024 03:00;5,253
23.02.2024 04:00;3,209
23.02.2024 05:00;1,833
23.02.2024 06:00;1,631
23.02.2024 07:00;2,91
23.02.2024 08:00;2,107
23.02.2024 09:00;0,413
23.02.2024 10:00;0,
23.02.2024 11:00;0,188
23.02.2024 12:00;0,154
23.02.2024 13:00;0,897
23.02.2024 14:00;1,86
23.02.2024 15:00;0,427
23.02.2024 16:00;0,401
23.02.2024 17:00;0,346
23.02.2024 18:00;1,344
23.02.2024 19:00;0,594
23.02.2024 20:00;0,467
23.02.2024 21:00;0,462
23.02.2024 22:00;0,475
23.02.2024 23:00;0,397
24.02.2024 00:00;0,39
24.02.2024 01:00;0,391
24.02.2024 02:00;0,391
24.02.2024 03:00;0,394
24.02.2024 04:00;0,395
24.02.2024 05:00;0,395
24.02.2024 06:00;0,662
24.02.2024 07:00;0,686
24.02.2024 08:00;1,72
24.02.2024 09:00;1,236
24.02.2024 10:00;1,78
24.02.2024 11:00;0,666
24.02.2024 12:00;1,111
24.02.2024 13:00;5,257
24.02.2024 14:00;5,215
24.02.2024 15:00;5,165
24.02.2024 16:00;3,217
24.02.2024 17:00;0,439
24.02.2024 18:00;0,475
24.02.2024 19:00;0,554
24.02.2024 20:00;0,481
24.02.2024 21:00;0,418
24.02.2024 22:00;0,464
24.02.2024 23:00;0,379
25.02.2024 00:00;0,509
25.02.2024 01:00;1,17
25.02.2024 02:00;0,993
25.02.2024 03:00;3,325
25.02.2024 04:00;3,196
25.02.2024 05:00;1,819
25.02.2024 06:00;1,272
25.02.2024 07:00;2,704
25.02.2024 08:00;2,864
25.02.2024 09:00;2,513
25.02.2024 10:00;1,756
25.02.2024 11:00;1,285
25.02.2024 12:00;2,349
25.02.2024 13:00;4,209
25.02.2024 14:00;5,302
25.02.2024 15:00;4,865
25.02.2024 16:00;4,711
25.02.2024 17:00;1,2
25.02.2024 18:00;4,159
25.02.2024 19:00;5,241
25.02.2024 20:00;3,591
25.02.2024 21:00;1,282
25.02.2024 22:00;2,441
25.02.2024 23:00;2,817
26.02.2024 00:00;5,119
26.02.2024 01:00;2,675
26.02.2024 02:00;1,399
26.02.2024 03:00;3,66
26.02.2024 04:00;2,61
26.02.2024 05:00;2,129
26.02.2024 06:00;1,408
26.02.2024 07:00;1,6
26.02.2024 08:00;0,981
26.02.2024 09:00;1,13
26.02.2024 10:00;0,93
26.02.2024 11:00;1,816
26.02.2024 12:00;0,364
26.02.2024 13:00;0,463
26.02.2024 14:00;0,295
26.02.2024 15:00;0,299
26.02.2024 16:00;0,605
26.02.2024 17:00;0,381
26.02.2024 18:00;0,542
26.02.2024 19:00;1,198
26.02.2024 20:00;0,497
26.02.2024 21:00;0,603
26.02.2024 22:00;0,424
26.02.2024 23:00;0,405
27.02.2024 00:00;5,184
27.02.2024 01:00;5,33
27.02.2024 02:00;5,109
27.02.2024 03:00;5,219
27.02.2024 04:00;5,21
27.02.2024 05:00;4,608
27.02.2024 06:00;1,837
27.02.2024 07:00;1,395
27.02.2024 08:00;0,488
27.02.2024 09:00;0,322
27.02.2024 10:00;0,381
27.02.2024 11:00;0,325
27.02.2024 12:00;0,593
27.02.2024 13:00;0,437
27.02.2024 14:00;0,385
27.02.2024 15:00;0,501
27.02.2024 16:00;0,622
27.02.2024 17:00;0,318
27.02.2024 18:00;1,146
27.02.2024 19:00;1,302
27.02.2024 20:00;0,868
27.02.2024 21:00;1,732
27.02.2024 22:00;1,467
27.02.2024 23:00;1,308
28.02.2024 00:00;5,12
28.02.2024 01:00;5,76
28.02.2024 02:00;5,211
28.02.2024 03:00;5,85
28.02.2024 04:00;5,16
28.02.2024 05:00;2,906
28.02.2024 06:00;1,423
28.02.2024 07:00;0,444
28.02.2024 08:00;0,537
28.02.2024 09:00;1,136
28.02.2024 10:00;0,27
28.02.2024 11:00;4,984
28.02.2024 12:00;5,221
28.02.2024 13:00;0,526
28.02.2024 14:00;1,287
28.02.2024 15:00;4,105
28.02.2024 16:00;0,389
28.02.2024 17:00;0,402
28.02.2024 18:00;1,144
28.02.2024 19:00;0,77
28.02.2024 20:00;0,514
28.02.2024 21:00;0,489
28.02.2024 22:00;0,408
28.02.2024 23:00;0,393
29.02.2024 00:00;0,39
29.02.2024 01:00;5,215
29.02.2024 02:00;5,122
29.02.2024 03:00;5,219
29.02.2024 04:00;5,143
29.02.2024 05:00;0,389
29.02.2024 06:00;0,555
29.02.2024 07:00;0,509
29.02.2024 08:00;0,393
29.02.2024 09:00;0,305
29.02.2024 10:00;0,359
29.02.2024 11:00;0,445
29.02.2024 12:00;5,309
29.02.2024 13:00;5,48
29.02.2024 14:00;4,792
29.02.2024 15:00;0,623
29.02.2024 16:00;0,905
29.02.2024 17:00;0,77
29.02.2024 18:00;0,478
29.02.2024 19:00;0,738
29.02.2024 20:00;0,595
29.02.2024 21:00;0,766
29.02.2024 22:00;0,533
29.02.2024 23:00;5,208
01.03.2024 00:00;5,214
01.03.2024 01:00;0,385
01.03.2024 02:00;0,377
01.03.2024 03:00;0,383
01.03.2024 04:00;5,203
01.03.2024 05:00;5,48
01.03.2024 06:00;0,56
01.03.2024 07:00;0,431
01.03.2024 08:00;0,382
01.03.2024 09:00;0,465
01.03.2024 10:00;0,389
01.03.2024 11:00;0,432
01.03.2024 12:00;5,229
01.03.2024 13:00;4,752
01.03.2024 14:00;5,34
01.03.2024 15:00;5,2
01.03.2024 16:00;0,286
01.03.2024 17:00;0,428
01.03.2024 18:00;1,43
01.03.2024 19:00;0,513
01.03.2024 20:00;0,604
01.03.2024 21:00;5,417
01.03.2024 22:00;3,288
01.03.2024 23:00;1,85
02.03.2024 00:00;1,111
02.03.2024 01:00;0,39
02.03.2024 02:00;4,687
02.03.2024 03:00;1,57
02.03.2024 04:00;2,582
02.03.2024 05:00;0,393
02.03.2024 06:00;0,481
02.03.2024 07:00;0,424
02.03.2024 08:00;0,365
02.03.2024 09:00;0,372
02.03.2024 10:00;0,389
02.03.2024 11:00;0,306
02.03.2024 12:00;0,373
02.03.2024 13:00;0,385
02.03.2024 14:00;0,581
02.03.2024 15:00;5,4
02.03.2024 16:00;0,446
02.03.2024 17:00;1,201
02.03.2024 18:00;0,433
02.03.2024 19:00;0,458
02.03.2024 20:00;1,253
02.03.2024 21:00;2,45
02.03.2024 22:00;5,269
02.03.2024 23:00;1,29
03.03.2024 00:00;5,226
03.03.2024 01:00;0,417
03.03.2024 02:00;0,411
03.03.2024 03:00;1,695
03.03.2024 04:00;1,829
03.03.2024 05:00;1,906
03.03.2024 06:00;1,629
03.03.2024 07:00;2,497
03.03.2024 08:00;1,677
03.03.2024 09:00;0,27
03.03.2024 10:00;0,627
03.03.2024 11:00;0,619
03.03.2024 12:00;1,757
03.03.2024 13:00;3,743
03.03.2024 14:00;4,691
03.03.2024 15:00;4,482
03.03.2024 16:00;5,81
03.03.2024 17:00;5,156
03.03.2024 18:00;6,929
03.03.2024 19:00;3,78
03.03.2024 20:00;3,985
03.03.2024 21:00;2,893
03.03.2024 22:00;1,543
03.03.2024 23:00;5,39
04.03.2024 00:00;4,99
04.03.2024 01:00;0,388
04.03.2024 02:00;0,381
04.03.2024 03:00;0,377
04.03.2024 04:00;0,38
04.03.2024 05:00;0,382
04.03.2024 06:00;0,502
04.03.2024 07:00;0,396
04.03.2024 08:00;0,22
04.03.2024 09:00;0,178
04.03.2024 10:00;0,159
04.03.2024 11:00;0,284
04.03.2024 12:00;0,137
04.03.2024 13:00;0,75
04.03.2024 14:00;0,242
04.03.2024 15:00;0,288
04.03.2024 16:00;0,367
04.03.2024 17:00;0,37
04.03.2024 18:00;0,819
04.03.2024 19:00;0,667
04.03.2024 20:00;0,669
04.03.2024 21:00;0,577
04.03.2024 22:00;0,473
04.03.2024 23:00;0,644
05.03.2024 00:00;2,185
05.03.2024 01:00;1,348
05.03.2024 02:00;1,356
05.03.2024 03:00;5,127
05.03.2024 04:00;5,203
05.03.2024 05:00;0,378
05.03.2024 06:00;0,676
05.03.2024 07:00;0,381
05.03.2024 08:00;0,113
05.03.2024 09:00;0,95
05.03.2024 10:00;0,208
05.03.2024 11:00;0,166
05.03.2024 12:00;0,128
05.03.2024 13:00;0,47
05.03.2024 14:00;0,224
05.03.2024 15:00;0,161
05.03.2024 16:00;0,13
05.03.2024 17:00;0,408
05.03.2024 18:00;0,786
05.03.2024 19:00;1,443
05.03.2024 20:00;0,591
05.03.2024 21:00;0,539
05.03.2024 22:00;0,439
05.03.2024 23:00;0,43
06.03.2024 00:00;1,517
06.03.2024 01:00;1,277
06.03.2024 02:00;1,279
06.03.2024 03:00;2,884
06.03.2024 04:00;1,879
06.03.2024 05:00;1,487
06.03.2024 06:00;1,293
06.03.2024 07:00;1,94
06.03.2024 08:00;0,494
06.03.2024 09:00;0,123
06.03.2024 10:00;0,172
06.03.2024 11:00;0,133
06.03.2024 12:00;0,132
06.03.2024 13:00;0,228
06.03.2024 14:00;4,235
06.03.2024 15:00;0,318
06.03.2024 16:00;0,309
06.03.2024 17:00;0,261
06.03.2024 18:00;1,3
06.03.2024 19:00;0,711
06.03.2024 20:00;0,987
06.03.2024 21:00;2,856
06.03.2024 22:00;2,865
06.03.2024 23:00;1,399
07.03.2024 00:00;2,507
07.03.2024 01:00;1,597
07.03.2024 02:00;1,629
07.03.2024 03:00;1,243
07.03.2024 04:00;5,143
07.03.2024 05:00;5,77
07.03.2024 06:00;0,5
07.03.2024 07:00;0,309
07.03.2024 08:00;0,114
07.03.2024 09:00;0,104
07.03.2024 10:00;0,103
07.03.2024 11:00;0,105
07.03.2024 12:00;0,261
07.03.2024 13:00;4,73
07.03.2024 14:00;4,572
07.03.2024 15:00;0,67
07.03.2024 16:00;1,501
07.03.2024 17:00;2,444
07.03.2024 18:00;1,461
07.03.2024 19:00;0,509
07.03.2024 20:00;1,89
07.03.2024 21:00;1,771
07.03.2024 22:00;0,566
07.03.2024 23:00;0,413
08.03.2024 00:00;0,385
08.03.2024 01:00;0,376
08.03.2024 02:00;0,533
08.03.2024 03:00;1,26
08.03.2024 04:00;3,232
08.03.2024 05:00;1,914
08.03.2024 06:00;1,232
08.03.2024 07:00;0,845
08.03.2024 08:00;0,839
08.03.2024 09:00;0,891
08.03.2024 10:00;0,717
08.03.2024 11:00;1,571
08.03.2024 12:00;5,395
08.03.2024 13:00;5,99
08.03.2024 14:00;5,13
08.03.2024 15:00;5,946
08.03.2024 16:00;5,865
08.03.2024 17:00;3,735
08.03.2024 18:00;1,684
08.03.2024 19:00;0,532
08.03.2024 20:00;0,729
08.03.2024 21:00;0,547
08.03.2024 22:00;0,449
08.03.2024 23:00;0,419
09.03.2024 00:00;0,403
09.03.2024 01:00;0,396
09.03.2024 02:00;0,373
09.03.2024 03:00;0,375
09.03.2024 04:00;0,378
09.03.2024 05:00;1,449
09.03.2024 06:00;1,689
09.03.2024 07:00;1,318
09.03.2024 08:00;1,14
09.03.2024 09:00;1,323
09.03.2024 10:00;5,176
09.03.2024 11:00;0,276
09.03.2024 12:00;5,126
09.03.2024 13:00;5,193
09.03.2024 14:00;0,686
09.03.2024 15:00;4,957
09.03.2024 16:00;0,284
09.03.2024 17:00;4,929
09.03.2024 18:00;0,443
09.03.2024 19:00;0,532
09.03.2024 20:00;0,567
09.03.2024 21:00;0,477
09.03.2024 22:00;0,525
09.03.2024 23:00;1,624
10.03.2024 00:00;1,55
10.03.2024 01:00;1,469
10.03.2024 02:00;1,429
10.03.2024 03:00;5,177
10.03.2024 04:00;5,202
10.03.2024 05:00;0,384
10.03.2024 06:00;0,579
10.03.2024 07:00;2,24
10.03.2024 08:00;0,571
10.03.2024 09:00;1,875
10.03.2024 10:00;1,584
10.03.2024 11:00;0,799
10.03.2024 12:00;1,892
10.03.2024 13:00;4,92
10.03.2024 14:00;4,927
10.03.2024 15:00;4,57
10.03.2024 16:00;2,824
10.03.2024 17:00;1,18
10.03.2024 18:00;6,489
10.03.2024 19:00;5,311
10.03.2024 20:00;3,822
10.03.2024 21:00;1,691
10.03.2024 22:00;1,492
10.03.2024 23:00;1,631
11.03.2024 00:00;2,92
11.03.2024 01:00;1,651
11.03.2024 02:00;3,3
11.03.2024 03:00;3,6
11.03.2024 04:00;2,335
11.03.2024 05:00;1,683
11.03.2024 06:00;1,978
11.03.2024 07:00;0,895
11.03.2024 08:00;0,3
11.03.2024 09:00;0,311
11.03.2024 10:00;0,543
11.03.2024 11:00;0,218
11.03.2024 12:00;0,488
11.03.2024 13:00;0,787
11.03.2024 14:00;0,863
11.03.2024 15:00;2,42
11.03.2024 16:00;3,128
11.03.2024 17:00;0,344
11.03.2024 18:00;0,169
11.03.2024 19:00;1,7
11.03.2024 20:00;0,343
11.03.2024 21:00;0,757
11.03.2024 22:00;0,427
11.03.2024 23:00;0,278
12.03.2024 00:00;5,463
12.03.2024 01:00;5,286
12.03.2024 02:00;5,289
12.03.2024 03:00;5,263
12.03.2024 04:00;5,549
12.03.2024 05:00;5,214
12.03.2024 06:00;0,398
12.03.2024 07:00;0,12
12.03.2024 08:00;0,143
12.03.2024 09:00;0,63
12.03.2024 10:00;0,231
12.03.2024 11:00;0,19
12.03.2024 12:00;2,202
12.03.2024 13:00;0,508
12.03.2024 14:00;0,121
12.03.2024 15:00;0,119
12.03.2024 16:00;0,114
12.03.2024 17:00;0,96
12.03.2024 18:00;0,646
12.03.2024 19:00;0,602
12.03.2024 20:00;0,325
12.03.2024 21:00;0,328
12.03.2024 22:00;1,873
12.03.2024 23:00;2,503
13.03.2024 00:00;1,588
13.03.2024 01:00;5,64
13.03.2024 02:00;5,51
13.03.2024 03:00;5,141
13.03.2024 04:00;5,213
13.03.2024 05:00;5,89
13.03.2024 06:00;2,412
13.03.2024 07:00;0,277
13.03.2024 08:00;0,118
13.03.2024 09:00;0,132
13.03.2024 10:00;0,111
13.03.2024 11:00;0,119
13.03.2024 12:00;0,821
13.03.2024 13:00;0,858
13.03.2024 14:00;0,927
13.03.2024 15:00;0,866
13.03.2024 16:00;1,528
13.03.2024 17:00;0,195
13.03.2024 18:00;1,1
13.03.2024 19:00;0,51
13.03.2024 20:00;0,297
13.03.2024 21:00;1,77
13.03.2024 22:00;1,532
13.03.2024 23:00;1,12
14.03.2024 00:00;1,37
14.03.2024 01:00;1,44
14.03.2024 02:00;5,5
14.03.2024 03:00;5,216
14.03.2024 04:00;5,266
14.03.2024 05:00;5,198
14.03.2024 06:00;1,863
14.03.2024 07:00;0,127
14.03.2024 08:00;0,176
14.03.2024 09:00;0,49
14.03.2024 10:00;0,445
14.03.2024 11:00;0,784
14.03.2024 12:00;0,888
14.03.2024 13:00;0,996
14.03.2024 14:00;2,86
14.03.2024 15:00;2,155
14.03.2024 16:00;0,406
14.03.2024 17:00;0,359
14.03.2024 18:00;1,745
14.03.2024 19:00;0,724
14.03.2024 20:00;0,324
14.03.2024 21:00;1,223
14.03.2024 22:00;4,588
14.03.2024 23:00;5,386
15.03.2024 00:00;4,844
15.03.2024 01:00;4,694
15.03.2024 02:00;1,29
15.03.2024 03:00;3,212
15.03.2024 04:00;3,164
15.03.2024 05:00;0,385
15.03.2024 06:00;0,424
15.03.2024 07:00;0,612
15.03.2024 08:00;0,139
15.03.2024 09:00;0,67
15.03.2024 10:00;0,185
15.03.2024 11:00;0,496
15.03.2024 12:00;2,543
15.03.2024 13:00;1,47
15.03.2024 14:00;0,762
15.03.2024 15:00;0,818
15.03.2024 16:00;1,371
15.03.2024 17:00;0,405
15.03.2024 18:00;1,599
15.03.2024 19:00;0,788
15.03.2024 20:00;0,492
15.03.2024 21:00;0,622
15.03.2024 22:00;0,892
15.03.2024 23:00;1,75
16.03.2024 00:00;1,173
16.03.2024 01:00;1,927
16.03.2024 02:00;1,763
16.03.2024 03:00;1,384
16.03.2024 04:00;0,204
16.03.2024 05:00;0,648
16.03.2024 06:00;1,151
16.03.2024 07:00;1,734
16.03.2024 08:00;0,838
16.03.2024 09:00;2,852
16.03.2024 10:00;1,162
16.03.2024 11:00;0,476
16.03.2024 12:00;0,245
16.03.2024 13:00;0,669
16.03.2024 14:00;0,67
16.03.2024 15:00;4,399
16.03.2024 16:00;3,591
16.03.2024 17:00;0,292
16.03.2024 18:00;0,932
16.03.2024 19:00;0,817
16.03.2024 20:00;3,77
16.03.2024 21:00;3,262
16.03.2024 22:00;1,779
16.03.2024 23:00;1,48
17.03.2024 00:00;1,108
17.03.2024 01:00;1,12
17.03.2024 02:00;1,25
17.03.2024 03:00;0,956
17.03.2024 04:00;0,975
17.03.2024 05:00;1,6
17.03.2024 06:00;1,62
17.03.2024 07:00;1,92
17.03.2024 08:00;0,696
17.03.2024 09:00;0,637
17.03.2024 10:00;0,474
17.03.2024 11:00;0,751
17.03.2024 12:00;0,75
17.03.2024 13:00;1,66
17.03.2024 14:00;2,141
17.03.2024 15:00;2,218
17.03.2024 16:00;3,94
17.03.2024 17:00;3,635
17.03.2024 18:00;6,757
17.03.2024 19:00;4,61
17.03.2024 20:00;1,158
17.03.2024 21:00;2,87
17.03.2024 22:00;2,827
17.03.2024 23:00;1,538
18.03.2024 00:00;4,964
18.03.2024 01:00;5,226
18.03.2024 02:00;5,48
18.03.2024 03:00;3,45
18.03.2024 04:00;2,684
18.03.2024 05:00;1,615
18.03.2024 06:00;0,607
18.03.2024 07:00;0,177
18.03.2024 08:00;0,223
18.03.2024 09:00;0,122
18.03.2024 10:00;0,383
18.03.2024 11:00;0,355
18.03.2024 12:00;5,46
18.03.2024 13:00;5,32
18.03.2024 14:00;2,18
18.03.2024 15:00;0,886
18.03.2024 16:00;2,363
18.03.2024 17:00;0,735
18.03.2024 18:00;1,468
18.03.2024 19:00;0,793
18.03.2024 20:00;0,399
18.03.2024 21:00;0,43
18.03.2024 22:00;1,493
18.03.2024 23:00;1,681
19.03.2024 00:00;5,76
19.03.2024 01:00;5,116
19.03.2024 02:00;5,174
19.03.2024 03:00;5,366
19.03.2024 04:00;2,4
19.03.2024 05:00;2,166
19.03.2024 06:00;0,324
19.03.2024 07:00;0,244
19.03.2024 08:00;0,415
19.03.2024 09:00;0,172
19.03.2024 10:00;0,124
19.03.2024 11:00;0,676
19.03.2024 12:00;2,805
19.03.2024 13:00;3,617
19.03.2024 14:00;0,878
19.03.2024 15:00;0,786
19.03.2024 16:00;2,897
19.03.2024 17:00;0,953
19.03.2024 18:00;0,32
19.03.2024 19:00;0,323
19.03.2024 20:00;0,441
19.03.2024 21:00;0,315
19.03.2024 22:00;0,363
19.03.2024 23:00;0,289
20.03.2024 00:00;4,274
20.03.2024 01:00;4,253
20.03.2024 02:00;3,98
20.03.2024 03:00;3,655
20.03.2024 04:00;2,68
20.03.2024 05:00;0,303
20.03.2024 06:00;1,791
20.03.2024 07:00;0,363
20.03.2024 08:00;0,226
20.03.2024 09:00;0,686
20.03.2024 10:00;0,171
20.03.2024 11:00;0,248
20.03.2024 12:00;0,481
20.03.2024 13:00;4,116
20.03.2024 14:00;2,134
20.03.2024 15:00;1,397
20.03.2024 16:00;1,15
20.03.2024 17:00;1,14
20.03.2024 18:00;1,107
20.03.2024 19:00;0,32
20.03.2024 20:00;0,287
20.03.2024 21:00;0,517
20.03.2024 22:00;1,777
20.03.2024 23:00;1,514
21.03.2024 00:00;1,516
21.03.2024 01:00;2,247
21.03.2024 02:00;4,653
21.03.2024 03:00;4,694
21.03.2024 04:00;4,699
21.03.2024 05:00;4,695
21.03.2024 06:00;3,547
21.03.2024 07:00;1,775
21.03.2024 08:00;1,44
21.03.2024 09:00;1,278
21.03.2024 10:00;1,4
21.03.2024 11:00;0,496
21.03.2024 12:00;0,112
21.03.2024 13:00;0,317
21.03.2024 14:00;0,99
21.03.2024 15:00;0,159
21.03.2024 16:00;0,106
21.03.2024 17:00;1,588
21.03.2024 18:00;1,245
21.03.2024 19:00;0,256
21.03.2024 20:00;0,355
21.03.2024 21:00;0,571
21.03.2024 22:00;1,231
21.03.2024 23:00;2,419
22.03.2024 00:00;1,514
22.03.2024 01:00;4,993
22.03.2024 02:00;5,238
22.03.2024 03:00;0,817
22.03.2024 04:00;0,122
22.03.2024 05:00;0,121
22.03.2024 06:00;1,83
22.03.2024 07:00;0,476
22.03.2024 08:00;0,257
22.03.2024 09:00;0,218
22.03.2024 10:00;0,251
22.03.2024 11:00;0,126
22.03.2024 12:00;0,256
22.03.2024 13:00;4,824
22.03.2024 14:00;4,435
22.03.2024 15:00;2,75
22.03.2024 16:00;4,535
22.03.2024 17:00;1,611
22.03.2024 18:00;0,293
22.03.2024 19:00;0,348
22.03.2024 20:00;0,32
22.03.2024 21:00;0,434
22.03.2024 22:00;0,387
22.03.2024 23:00;0,338
23.03.2024 00:00;0,294
23.03.2024 01:00;3,183
23.03.2024 02:00;2,95
23.03.2024 03:00;2,95
23.03.2024 04:00;2,111
23.03.2024 05:00;2,38
23.03.2024 06:00;2,124
23.03.2024 07:00;2,303
23.03.2024 08:00;0,179
23.03.2024 09:00;1,3
23.03.2024 10:00;2,81
23.03.2024 11:00;1,208
23.03.2024 12:00;1,156
23.03.2024 13:00;0,89
23.03.2024 14:00;0,448
23.03.2024 15:00;0,275
23.03.2024 16:00;1,202
23.03.2024 17:00;0,326
23.03.2024 18:00;0,15
23.03.2024 19:00;0,247
23.03.2024 20:00;0,279
23.03.2024 21:00;0,316
23.03.2024 22:00;0,401
23.03.2024 23:00;2,944
24.03.2024 00:00;4,566
24.03.2024 01:00;0,581
24.03.2024 02:00;0,25
24.03.2024 03:00;0,537
24.03.2024 04:00;1,568
24.03.2024 05:00;1,316
24.03.2024 06:00;1,286
24.03.2024 07:00;4,938
24.03.2024 08:00;0,859
24.03.2024 09:00;2,232
24.03.2024 10:00;1,693
24.03.2024 11:00;0,954
24.03.2024 12:00;0,95
24.03.2024 13:00;0,857
24.03.2024 14:00;1,176
24.03.2024 15:00;4,114
24.03.2024 16:00;3,883
24.03.2024 17:00;5,547
24.03.2024 18:00;4,579
24.03.2024 19:00;3,213
24.03.2024 20:00;1,38
24.03.2024 21:00;1,655
24.03.2024 22:00;2,27
24.03.2024 23:00;2,333
25.03.2024 00:00;2,511
25.03.2024 01:00;2,229
25.03.2024 02:00;1,416
25.03.2024 03:00;1,293
25.03.2024 04:00;2,57
25.03.2024 05:00;1,563
25.03.2024 06:00;0,269
25.03.2024 07:00;0,156
25.03.2024 08:00;0,133
25.03.2024 09:00;0,135
25.03.2024 10:00;0,94
25.03.2024 11:00;0,709
25.03.2024 12:00;1,1
25.03.2024 13:00;1,268
25.03.2024 14:00;1,198
25.03.2024 15:00;1,173
25.03.2024 16:00;0,281
25.03.2024 17:00;0,327
25.03.2024 18:00;0,344
25.03.2024 19:00;0,591
25.03.2024 20:00;0,397
25.03.2024 21:00;0,389
25.03.2024 22:00;0,258
25.03.2024 23:00;1,89
26.03.2024 00:00;2,406
26.03.2024 01:00;2,97
26.03.2024 02:00;5,331
26.03.2024 03:00;5,197
26.03.2024 04:00;3,874
26.03.2024 05:00;2,43
26.03.2024 06:00;1,455
26.03.2024 07:00;0,115
26.03.2024 08:00;0,128
26.03.2024 09:00;0,161
26.03.2024 10:00;0,19
26.03.2024 11:00;0,806
26.03.2024 12:00;2,582
26.03.2024 13:00;2,904
26.03.2024 14:00;1,155
26.03.2024 15:00;1,104
26.03.2024 16:00;0,684
26.03.2024 17:00;0,112
26.03.2024 18:00;0,917
26.03.2024 19:00;0,332
26.03.2024 20:00;0,311
26.03.2024 21:00;0,403
26.03.2024 22:00;1,917
26.03.2024 23:00;2,111
27.03.2024 00:00;1,309
27.03.2024 01:00;1,191
27.03.2024 02:00;1,278
27.03.2024 03:00;1,181
27.03.2024 04:00;1,857
27.03.2024 05:00;1,261
27.03.2024 06:00;1,154
27.03.2024 07:00;0,876
27.03.2024 08:00;0,306
27.03.2024 09:00;0,117
27.03.2024 10:00;0,489
27.03.2024 11:00;0,231
27.03.2024 12:00;0,713
27.03.2024 13:00;0,425
27.03.2024 14:00;0,139
27.03.2024 15:00;0,68
27.03.2024 16:00;0,163
27.03.2024 17:00;0,505
27.03.2024 18:00;0,12
27.03.2024 19:00;0,571
27.03.2024 20:00;0,292
27.03.2024 21:00;0,351
27.03.2024 22:00;0,336
27.03.2024 23:00;1,111
28.03.2024 00:00;1,25
28.03.2024 01:00;2,73
28.03.2024 02:00;1,44
28.03.2024 03:00;1,146
28.03.2024 04:00;1,159
28.03.2024 05:00;0,8
28.03.2024 06:00;0,84
28.03.2024 07:00;0,742
28.03.2024 08:00;0,355
28.03.2024 09:00;0,102
28.03.2024 10:00;0,141
28.03.2024 11:00;0,91
28.03.2024 12:00;0,91
28.03.2024 13:00;0,397
28.03.2024 14:00;0,12
28.03.2024 15:00;0,96
28.03.2024 16:00;0,164
28.03.2024 17:00;0,97
28.03.2024 18:00;0,164
28.03.2024 19:00;0,992
28.03.2024 20:00;0,69
28.03.2024 21:00;0,403
28.03.2024 22:00;0,241
28.03.2024 23:00;0,812
29.03.2024 00:00;1,55
29.03.2024 01:00;1,25
29.03.2024 02:00;1,481
29.03.2024 03:00;3,323
29.03.2024 04:00;2,31
29.03.2024 05:00;0,322
29.03.2024 06:00;2,28
29.03.2024 07:00;1,941
29.03.2024 08:00;0,904
29.03.2024 09:00;0,671
29.03.2024 10:00;0,548
29.03.2024 11:00;0,576
29.03.2024 12:00;3,79
29.03.2024 13:00;4,378
29.03.2024 14:00;2,765
29.03.2024 15:00;1,429
29.03.2024 16:00;0,755
29.03.2024 17:00;0,138
29.03.2024 18:00;0,39
29.03.2024 19:00;0,752
29.03.2024 20:00;0,89
29.03.2024 21:00;1,214
29.03.2024 22:00;1,92
29.03.2024 23:00;0,928
30.03.2024 00:00;0,856
30.03.2024 01:00;0,872
30.03.2024 02:00;0,995
30.03.2024 03:00;3,27
30.03.2024 04:00;2,54
30.03.2024 05:00;1,166
30.03.2024 06:00;0,76
30.03.2024 07:00;0,716
30.03.2024 08:00;0,771
30.03.2024 09:00;0,528
30.03.2024 10:00;0,16
30.03.2024 11:00;0,69
30.03.2024 12:00;2,334
30.03.2024 13:00;1,142
30.03.2024 14:00;2,711
30.03.2024 15:00;3,23
30.03.2024 16:00;1,207
30.03.2024 17:00;0,715
30.03.2024 18:00;0,103
30.03.2024 19:00;0,503
30.03.2024 20:00;0,365
30.03.2024 21:00;0,319
30.03.2024 22:00;0,28
30.03.2024 23:00;0,317
31.03.2024 00:00;0,353
31.03.2024 01:00;0,289
31.03.2024 02:00;0,369
31.03.2024 04:00;3,246
31.03.2024 05:00;3,286
31.03.2024 06:00;3,137
31.03.2024 07:00;1,463
31.03.2024 08:00;2,34
31.03.2024 09:00;0,6
31.03.2024 10:00;0,639
31.03.2024 11:00;0,553
31.03.2024 12:00;0,296
31.03.2024 13:00;0,441
31.03.2024 14:00;1,631
31.03.2024 15:00;0,151
31.03.2024 16:00;0,94
31.03.2024 17:00;0,774
31.03.2024 18:00;3,355
31.03.2024 19:00;4,918
31.03.2024 20:00;2,189
31.03.2024 21:00;0,484
31.03.2024 22:00;0,35
31.03.2024 23:00;0,312
01.04.2024 00:00;0,342
01.04.2024 01:00;0,315
01.04.2024 02:00;0,261
01.04.2024 03:00;0,239
01.04.2024 04:00;0,233
01.04.2024 05:00;0,223
01.04.2024 06:00;0,317
01.04.2024 07:00;0,187
01.04.2024 08:00;0,96
01.04.2024 09:00;0,58
01.04.2024 10:00;0,56
01.04.2024 11:00;0,126
01.04.2024 12:00;0,156
01.04.2024 13:00;0,36
01.04.2024 14:00;0,76
01.04.2024 15:00;0,176
01.04.2024 16:00;0,23
01.04.2024 17:00;0,25
01.04.2024 18:00;0,337
01.04.2024 19:00;0,847
01.04.2024 20:00;0,328
01.04.2024 21:00;0,642
01.04.2024 22:00;0,462
01.04.2024 23:00;0,396
02.04.2024 00:00;0,599
02.04.2024 01:00;0,579
02.04.2024 02:00;0,576
02.04.2024 03:00;0,524
02.04.2024 04:00;1,92
02.04.2024 05:00;0,51
02.04.2024 06:00;0,569
02.04.2024 07:00;0,226
02.04.2024 08:00;0,164
02.04.2024 09:00;0,104
02.04.2024 10:00;0,114
02.04.2024 11:00;0,17
02.04.2024 12:00;0,114
02.04.2024 13:00;0,105
02.04.2024 14:00;0,1
02.04.2024 15:00;0,226
02.04.2024 16:00;5,287
02.04.2024 17:00;4,96
02.04.2024 18:00;0,343
02.04.2024 19:00;1,45
02.04.2024 20:00;0,368
02.04.2024 21:00;0,397
02.04.2024 22:00;1,5
02.04.2024 23:00;2,143
03.04.2024 00:00;4,693
03.04.2024 01:00;1,489
03.04.2024 02:00;5,3
03.04.2024 03:00;2,614
03.04.2024 04:00;4,183
03.04.2024 05:00;1,763
03.04.2024 06:00;1,83
03.04.2024 07:00;1,782
03.04.2024 08:00;0,653
03.04.2024 09:00;0,282
03.04.2024 10:00;0,314
03.04.2024 11:00;0,136
03.04.2024 12:00;0,69
03.04.2024 13:00;0,12
03.04.2024 14:00;0,21
03.04.2024 15:00;0,13
03.04.2024 16:00;0,798
03.04.2024 17:00;0,135
03.04.2024 18:00;0,154
03.04.2024 19:00;1,489
03.04.2024 20:00;0,41
03.04.2024 21:00;0,495
03.04.2024 22:00;1,847
03.04.2024 23:00;1,872
04.04.2024 00:00;5,66
04.04.2024 01:00;5,133
04.04.2024 02:00;2,827
04.04.2024 03:00;5,202
04.04.2024 04:00;5,213
04.04.2024 05:00;1,656
04.04.2024 06:00;2,375
04.04.2024 07:00;0,89
04.04.2024 08:00;0,216
04.04.2024 09:00;0,53
04.04.2024 10:00;0,179
04.04.2024 11:00;0,411
04.04.2024 12:00;0,321
04.04.2024 13:00;0,267
04.04.2024 14:00;0,424
04.04.2024 15:00;0,127
04.04.2024 16:00;0,173
04.04.2024 17:00;0,689
04.04.2024 18:00;1,952
04.04.2024 19:00;0,149
04.04.2024 20:00;0,306
04.04.2024 21:00;0,382
04.04.2024 22:00;0,382
04.04.2024 23:00;0,275
05.04.2024 00:00;1,318
05.04.2024 01:00;1,376
05.04.2024 02:00;1,961
05.04.2024 03:00;4,57
05.04.2024 04:00;2,969
05.04.2024 05:00;2,28
05.04.2024 06:00;2,815
05.04.2024 07:00;0,405
05.04.2024 08:00;0,88
05.04.2024 09:00;0,206
05.04.2024 10:00;0,81
05.04.2024 11:00;0,69
05.04.2024 12:00;1,441
05.04.2024 13:00;1,441
05.04.2024 14:00;1,664
05.04.2024 15:00;3,16
05.04.2024 16:00;5,165
05.04.2024 17:00;5,95
05.04.2024 18:00;2,306
05.04.2024 19:00;0,149
05.04.2024 20:00;0,487
05.04.2024 21:00;0,408
05.04.2024 22:00;0,706
05.04.2024 23:00;0,514
06.04.2024 00:00;1,941
06.04.2024 01:00;5,51
06.04.2024 02:00;5,1
06.04.2024 03:00;3,935
06.04.2024 04:00;0,357
06.04.2024 05:00;0,205
06.04.2024 06:00;0,226
06.04.2024 07:00;0,134
06.04.2024 08:00;0,293
06.04.2024 09:00;0,89
06.04.2024 10:00;0,487
06.04.2024 11:00;0,201
06.04.2024 12:00;0,155
06.04.2024 13:00;0,296
06.04.2024 14:00;0,97
06.04.2024 15:00;0,159
06.04.2024 16:00;0,566
06.04.2024 17:00;0,709
06.04.2024 18:00;0,282
06.04.2024 19:00;0,162
06.04.2024 20:00;0,205
06.04.2024 21:00;0,376
06.04.2024 22:00;0,684
06.04.2024 23:00;1,148
07.04.2024 00:00;1,253
07.04.2024 01:00;1,237
07.04.2024 02:00;1,785
07.04.2024 03:00;4,505
07.04.2024 04:00;2,8
07.04.2024 05:00;0,222
07.04.2024 06:00;0,233
07.04.2024 07:00;1,512
07.04.2024 08:00;0,245
07.04.2024 09:00;0,79
07.04.2024 10:00;0,7
07.04.2024 11:00;0,57
07.04.2024 12:00;2,856
07.04.2024 13:00;0,477
07.04.2024 14:00;4,758
07.04.2024 15:00;4,328
07.04.2024 16:00;4,754
07.04.2024 17:00;3,67
07.04.2024 18:00;4,486
07.04.2024 19:00;4,269
07.04.2024 20:00;2,442
07.04.2024 21:00;0,932
07.04.2024 22:00;0,949
07.04.2024 23:00;0,87
08.04.2024 00:00;0,799
08.04.2024 01:00;0,868
08.04.2024 02:00;0,763
08.04.2024 03:00;1,282
08.04.2024 04:00;1,563
08.04.2024 05:00;2,52
08.04.2024 06:00;0,266
08.04.2024 07:00;0,151
08.04.2024 08:00;0,55
08.04.2024 09:00;0,12
08.04.2024 10:00;0,59
08.04.2024 11:00;0,107
08.04.2024 12:00;0,6
08.04.2024 13:00;0,177
08.04.2024 14:00;0,112
08.04.2024 15:00;0,191
08.04.2024 16:00;0,208
08.04.2024 17:00;0,198
08.04.2024 18:00;0,153
08.04.2024 19:00;0,793
08.04.2024 20:00;0,206
08.04.2024 21:00;0,314
08.04.2024 22:00;0,535
08.04.2024 23:00;0,24
09.04.2024 00:00;0,232
09.04.2024 01:00;0,488
09.04.2024 02:00;0,504
09.04.2024 03:00;3,37
09.04.2024 04:00;1,968
09.04.2024 05:00;0,186
09.04.2024 06:00;0,199
09.04.2024 07:00;0,159
09.04.2024 08:00;0,145
09.04.2024 09:00;0,58
09.04.2024 10:00;0,146
09.04.2024 11:00;0,75
09.04.2024 12:00;0,768
09.04.2024 13:00;0,184
09.04.2024 14:00;0,94
09.04.2024 15:00;0,145
09.04.2024 16:00;0,141
09.04.2024 17:00;0,11
09.04.2024 18:00;0,109
09.04.2024 19:00;0,231
09.04.2024 20:00;0,141
09.04.2024 21:00;0,508
09.04.2024 22:00;0,312
09.04.2024 23:00;0,193
10.04.2024 00:00;0,224
10.04.2024 01:00;0,243
10.04.2024 02:00;4,89
10.04.2024 03:00;5,271
10.04.2024 04:00;3,941
10.04.2024 05:00;0,32
10.04.2024 06:00;0,211
10.04.2024 07:00;0,14
10.04.2024 08:00;0,66
10.04.2024 09:00;0,52
10.04.2024 10:00;0,159
10.04.2024 11:00;0,82
10.04.2024 12:00;0,185
10.04.2024 13:00;0,216
10.04.2024 14:00;0,496
10.04.2024 15:00;0,516
10.04.2024 16:00;1,541
10.04.2024 17:00;1,47
10.04.2024 18:00;2,653
10.04.2024 19:00;1,232
10.04.2024 20:00;0,463
10.04.2024 21:00;0,398
10.04.2024 22:00;0,36
10.04.2024 23:00;0,263
11.04.2024 00:00;0,24
11.04.2024 01:00;0,243
11.04.2024 02:00;0,247
11.04.2024 03:00;0,245
11.04.2024 04:00;0,301
11.04.2024 05:00;0,269
11.04.2024 06:00;0,426
11.04.2024 07:00;0,108
11.04.2024 08:00;0,86
11.04.2024 09:00;0,182
11.04.2024 10:00;0,58
11.04.2024 11:00;0,124
11.04.2024 12:00;0,326
11.04.2024 13:00;0,238
11.04.2024 14:00;0,14
11.04.2024 15:00;0,757
11.04.2024 16:00;0,111
11.04.2024 17:00;0,374
11.04.2024 18:00;0,95
11.04.2024 19:00;0,419
11.04.2024 20:00;0,519
11.04.2024 21:00;1,229
11.04.2024 22:00;0,518
11.04.2024 23:00;0,241
12.04.2024 00:00;0,258
12.04.2024 01:00;0,25
12.04.2024 02:00;0,241
12.04.2024 03:00;0,823
12.04.2024 04:00;0,575
12.04.2024 05:00;0,297
12.04.2024 06:00;0,194
12.04.2024 07:00;0,197
12.04.2024 08:00;0,89
12.04.2024 09:00;0,155
12.04.2024 10:00;0,133
12.04.2024 11:00;0,52
12.04.2024 12:00;0,69
12.04.2024 13:00;0,154
12.04.2024 14:00;0,187
12.04.2024 15:00;0,1
12.04.2024 16:00;0,105
12.04.2024 17:00;0,251
12.04.2024 18:00;0,718
12.04.2024 19:00;0,63
12.04.2024 20:00;0,238
12.04.2024 21:00;0,29
12.04.2024 22:00;0,343
12.04.2024 23:00;0,195
13.04.2024 00:00;0,188
13.04.2024 01:00;0,335
13.04.2024 02:00;0,513
13.04.2024 03:00;0,205
13.04.2024 04:00;0,252
13.04.2024 05:00;0,207
13.04.2024 06:00;0,158
13.04.2024 07:00;0,377
13.04.2024 08:00;0,309
13.04.2024 09:00;0,101
13.04.2024 10:00;0,103
13.04.2024 11:00;0,95
13.04.2024 12:00;0,214
13.04.2024 13:00;0,99
13.04.2024 14:00;0,97
13.04.2024 15:00;0,22
13.04.2024 16:00;0,476
13.04.2024 17:00;2,62
13.04.2024 18:00;1,177
13.04.2024 19:00;0,429
13.04.2024 20:00;0,567
13.04.2024 21:00;0,765
13.04.2024 22:00;0,64
13.04.2024 23:00;0,565
14.04.2024 00:00;0,489
14.04.2024 01:00;0,495
14.04.2024 02:00;0,453
14.04.2024 03:00;2,625
14.04.2024 04:00;1,523
14.04.2024 05:00;1,246
14.04.2024 06:00;0,356
14.04.2024 07:00;0,173
14.04.2024 08:00;0,238
14.04.2024 09:00;0,179
14.04.2024 10:00;1,824
14.04.2024 11:00;2,509
14.04.2024 12:00;1,358
14.04.2024 13:00;0,77
14.04.2024 14:00;1,498
14.04.2024 15:00;3,317
14.04.2024 16:00;2,772
14.04.2024 17:00;5,329
14.04.2024 18:00;6,447
14.04.2024 19:00;5,327
14.04.2024 20:00;1,998
14.04.2024 21:00;1,296
14.04.2024 22:00;1,194
14.04.2024 23:00;1,107
15.04.2024 00:00;1,263
15.04.2024 01:00;1,224
15.04.2024 02:00;1,19
15.04.2024 03:00;1,168
15.04.2024 04:00;1,898
15.04.2024 05:00;2,673
15.04.2024 06:00;1,936
15.04.2024 07:00;0,87
15.04.2024 08:00;0,6
15.04.2024 09:00;0,152
15.04.2024 10:00;0,95
15.04.2024 11:00;0,53
15.04.2024 12:00;0,168
15.04.2024 13:00;0,145
15.04.2024 14:00;0,344
15.04.2024 15:00;0,339
15.04.2024 16:00;0,397
15.04.2024 17:00;0,222
15.04.2024 18:00;0,204
15.04.2024 19:00;0,616
15.04.2024 20:00;0,22
15.04.2024 21:00;0,343
15.04.2024 22:00;0,22
15.04.2024 23:00;0,178
16.04.2024 00:00;0,215
16.04.2024 01:00;0,225
16.04.2024 02:00;0,231
16.04.2024 03:00;2,54
16.04.2024 04:00;2,411
16.04.2024 05:00;1,586
16.04.2024 06:00;0,992
16.04.2024 07:00;1,5
16.04.2024 08:00;1,111
16.04.2024 09:00;0,997
16.04.2024 10:00;1,8
16.04.2024 11:00;0,654
16.04.2024 12:00;0,335
16.04.2024 13:00;0,118
16.04.2024 14:00;0,388
16.04.2024 15:00;3,146
16.04.2024 16:00;4,71
16.04.2024 17:00;0,419
16.04.2024 18:00;0,138
16.04.2024 19:00;1,122
16.04.2024 20:00;0,27
16.04.2024 21:00;0,304
16.04.2024 22:00;0,251
16.04.2024 23:00;0,24
17.04.2024 00:00;0,241
17.04.2024 01:00;0,222
17.04.2024 02:00;0,228
17.04.2024 03:00;0,232
17.04.2024 04:00;0,307
17.04.2024 05:00;0,224
17.04.2024 06:00;0,277
17.04.2024 07:00;0,108
17.04.2024 08:00;0,49
17.04.2024 09:00;0,19
17.04.2024 10:00;0,172
17.04.2024 11:00;0,226
17.04.2024 12:00;0,276
17.04.2024 13:00;0,264
17.04.2024 14:00;0,924
17.04.2024 15:00;0,798
17.04.2024 16:00;3,427
17.04.2024 17:00;4,681
17.04.2024 18:00;2,267
17.04.2024 19:00;0,602
17.04.2024 20:00;0,89
17.04.2024 21:00;0,3
17.04.2024 22:00;0,228
17.04.2024 23:00;0,247
18.04.2024 00:00;0,244
18.04.2024 01:00;0,237
18.04.2024 02:00;0,205
18.04.2024 03:00;0,2
18.04.2024 04:00;0,199
18.04.2024 05:00;0,146
18.04.2024 06:00;0,198
18.04.2024 07:00;0,113
18.04.2024 08:00;0,145
18.04.2024 09:00;0,267
18.04.2024 10:00;0,76
18.04.2024 11:00;0,146
18.04.2024 12:00;0,118
18.04.2024 13:00;0,81
18.04.2024 14:00;0,92
18.04.2024 15:00;0,376
18.04.2024 16:00;1,117
18.04.2024 17:00;1,265
18.04.2024 18:00;0,264
18.04.2024 19:00;0,292
18.04.2024 20:00;0,87
18.04.2024 21:00;1,431
18.04.2024 22:00;1,393
18.04.2024 23:00;2,567
19.04.2024 00:00;3,24
19.04.2024 01:00;1,436
19.04.2024 02:00;1,381
19.04.2024 03:00;4,941
19.04.2024 04:00;5,121
19.04.2024 05:00;0,222
19.04.2024 06:00;0,206
19.04.2024 07:00;0,258
19.04.2024 08:00;0,105
19.04.2024 09:00;0,16
19.04.2024 10:00;0,79
19.04.2024 11:00;0,103
19.04.2024 12:00;0,169
19.04.2024 13:00;0,22
19.04.2024 14:00;2,141
19.04.2024 15:00;5,114
19.04.2024 16:00;5,196
19.04.2024 17:00;0,332
19.04.2024 18:00;1,62
19.04.2024 19:00;0,308
19.04.2024 20:00;0,127
19.04.2024 21:00;0,286
19.04.2024 22:00;0,323
19.04.2024 23:00;0,366
20.04.2024 00:00;1,17
20.04.2024 01:00;0,994
20.04.2024 02:00;0,988
20.04.2024 03:00;1,6
20.04.2024 04:00;0,998
20.04.2024 05:00;2,809
20.04.2024 06:00;1,529
20.04.2024 07:00;0,187
20.04.2024 08:00;0,333
20.04.2024 09:00;0,193
20.04.2024 10:00;0,165
20.04.2024 11:00;0,616
20.04.2024 12:00;0,382
20.04.2024 13:00;0,628
20.04.2024 14:00;5,289
20.04.2024 15:00;6,273
20.04.2024 16:00;4,987
20.04.2024 17:00;4,812
20.04.2024 18:00;0,202
20.04.2024 19:00;0,107
20.04.2024 20:00;0,243
20.04.2024 21:00;0,276
20.04.2024 22:00;0,305
20.04.2024 23:00;0,258
21.04.2024 00:00;0,257
21.04.2024 01:00;0,226
21.04.2024 02:00;0,213
21.04.2024 03:00;0,43
21.04.2024 04:00;0,373
21.04.2024 05:00;0,306
21.04.2024 06:00;0,357
21.04.2024 07:00;0,259
21.04.2024 08:00;0,38
21.04.2024 09:00;1,274
21.04.2024 10:00;0,733
21.04.2024 11:00;0,181
21.04.2024 12:00;0,95
21.04.2024 13:00;4,95
21.04.2024 14:00;5,156
21.04.2024 15:00;3,637
21.04.2024 16:00;4,296
21.04.2024 17:00;6,72
21.04.2024 18:00;7,148
21.04.2024 19:00;4,406
21.04.2024 20:00;2,718
21.04.2024 21:00;1,182
21.04.2024 22:00;1,157
21.04.2024 23:00;1,64
22.04.2024 00:00;0,254
22.04.2024 01:00;0,236
22.04.2024 02:00;0,229
22.04.2024 03:00;0,293
22.04.2024 04:00;0,245
22.04.2024 05:00;0,164
22.04.2024 06:00;0,22
22.04.2024 07:00;0,165
22.04.2024 08:00;0,147
22.04.2024 09:00;0,114
22.04.2024 10:00;0,141
22.04.2024 11:00;1,165
22.04.2024 12:00;1,899
22.04.2024 13:00;1,2
22.04.2024 14:00;0,968
22.04.2024 15:00;2,86
22.04.2024 16:00;2,723
22.04.2024 17:00;0,826
22.04.2024 18:00;0,266
22.04.2024 19:00;1,108
22.04.2024 20:00;0,206
22.04.2024 21:00;0,301
22.04.2024 22:00;0,262
22.04.2024 23:00;0,351
23.04.2024 00:00;0,273
23.04.2024 01:00;0,956
23.04.2024 02:00;1,174
23.04.2024 03:00;5,12
23.04.2024 04:00;5,12
23.04.2024 05:00;0,224
23.04.2024 06:00;0,186
23.04.2024 07:00;0,115
23.04.2024 08:00;0,22
23.04.2024 09:00;0,108
23.04.2024 10:00;0,104
23.04.2024 11:00;0,204
23.04.2024 12:00;4,68
23.04.2024 13:00;0,604
23.04.2024 14:00;2,97
23.04.2024 15:00;4,691
23.04.2024 16:00;2,718
23.04.2024 17:00;0,211
23.04.2024 18:00;0,989
23.04.2024 19:00;0,333
23.04.2024 20:00;0,276
23.04.2024 21:00;0,379
23.04.2024 22:00;0,41
23.04.2024 23:00;0,278
24.04.2024 00:00;0,269
24.04.2024 01:00;0,263
24.04.2024 02:00;0,251
24.04.2024 03:00;0,277
24.04.2024 04:00;0,321
24.04.2024 05:00;0,96
24.04.2024 06:00;0,697
24.04.2024 07:00;0,188
24.04.2024 08:00;0,139
24.04.2024 09:00;0,605
24.04.2024 10:00;0,193
24.04.2024 11:00;0,215
24.04.2024 12:00;0,295
24.04.2024 13:00;0,235
24.04.2024 14:00;0,221
24.04.2024 15:00;0,162
24.04.2024 16:00;0,155
24.04.2024 17:00;0,212
24.04.2024 18:00;0,144
24.04.2024 19:00;0,377
24.04.2024 20:00;0,216
24.04.2024 21:00;0,381
24.04.2024 22:00;0,292
24.04.2024 23:00;0,268
25.04.2024 00:00;0,265
25.04.2024 01:00;1,73
25.04.2024 02:00;0,831
25.04.2024 03:00;0,848
25.04.2024 04:00;0,856
25.04.2024 05:00;3,78
25.04.2024 06:00;0,516
25.04.2024 07:00;0,16
25.04.2024 08:00;0,276
25.04.2024 09:00;0,133
25.04.2024 10:00;0,153
25.04.2024 11:00;0,237
25.04.2024 12:00;0,212
25.04.2024 13:00;0,33
25.04.2024 14:00;0,341
25.04.2024 15:00;4,933
25.04.2024 16:00;4,945
25.04.2024 17:00;2,477
25.04.2024 18:00;0,3
25.04.2024 19:00;0,216
25.04.2024 20:00;0,193
25.04.2024 21:00;0,274
25.04.2024 22:00;0,309
25.04.2024 23:00;0,274
26.04.2024 00:00;0,269
26.04.2024 01:00;0,352
26.04.2024 02:00;0,261
26.04.2024 03:00;0,216
26.04.2024 04:00;0,225
26.04.2024 05:00;0,127
26.04.2024 06:00;0,193
26.04.2024 07:00;0,167
26.04.2024 08:00;0,158
26.04.2024 09:00;0,107
26.04.2024 10:00;0,111
26.04.2024 11:00;0,99
26.04.2024 12:00;0,193
26.04.2024 13:00;0,3
26.04.2024 14:00;0,177
26.04.2024 15:00;0,21
26.04.2024 16:00;0,129
26.04.2024 17:00;0,213
26.04.2024 18:00;0,36
26.04.2024 19:00;0,642
26.04.2024 20:00;0,189
26.04.2024 21:00;0,238
26.04.2024 22:00;0,34
26.04.2024 23:00;0,299
27.04.2024 00:00;0,268
27.04.2024 01:00;0,281
27.04.2024 02:00;0,258
27.04.2024 03:00;0,381
27.04.2024 04:00;1,2
27.04.2024 05:00;1,473
27.04.2024 06:00;0,632
27.04.2024 07:00;0,422
27.04.2024 08:00;0,167
27.04.2024 09:00;0,9
27.04.2024 10:00;0,143
27.04.2024 11:00;0,6
27.04.2024 12:00;0,137
27.04.2024 13:00;0,237
27.04.2024 14:00;0,154
27.04.2024 15:00;0,196
27.04.2024 16:00;0,263
27.04.2024 17:00;0,826
27.04.2024 18:00;0,282
27.04.2024 19:00;0,101
27.04.2024 20:00;0,215
27.04.2024 21:00;0,215
27.04.2024 22:00;0,482
27.04.2024 23:00;0,216
28.04.2024 00:00;0,238
28.04.2024 01:00;0,209
28.04.2024 02:00;0,242
28.04.2024 03:00;0,306
28.04.2024 04:00;0,497
28.04.2024 05:00;0,23
28.04.2024 06:00;0,803
28.04.2024 07:00;1,41
28.04.2024 08:00;0,769
28.04.2024 09:00;0,183
28.04.2024 10:00;0,311
28.04.2024 11:00;0,311
28.04.2024 12:00;0,247
28.04.2024 13:00;0,696
28.04.2024 14:00;0,295
28.04.2024 15:00;0,193
28.04.2024 16:00;1,526
28.04.2024 17:00;4,754
28.04.2024 18:00;4,409
28.04.2024 19:00;2,393
28.04.2024 20:00;0,268
28.04.2024 21:00;0,247
28.04.2024 22:00;0,287
28.04.2024 23:00;0,305
29.04.2024 00:00;0,325
29.04.2024 01:00;0,303
29.04.2024 02:00;0,254
29.04.2024 03:00;0,25
29.04.2024 04:00;0,196
29.04.2024 05:00;0,74
29.04.2024 06:00;0,204
29.04.2024 07:00;0,59
29.04.2024 08:00;0,4
29.04.2024 09:00;0,44
29.04.2024 10:00;0,198
29.04.2024 11:00;0,4
29.04.2024 12:00;0,44
29.04.2024 13:00;0,104
29.04.2024 14:00;0,227
29.04.2024 15:00;0,192
29.04.2024 16:00;0,121
29.04.2024 17:00;0,227
29.04.2024 18:00;0,128
29.04.2024 19:00;0,953
29.04.2024 20:00;0,546
29.04.2024 21:00;0,209
29.04.2024 22:00;0,284
29.04.2024 23:00;0,217
30.04.2024 00:00;0,207
30.04.2024 01:00;0,208
30.04.2024 02:00;0,207
30.04.2024 03:00;0,218
30.04.2024 04:00;0,222
30.04.2024 05:00;0,67
30.04.2024 06:00;0,591
30.04.2024 07:00;0,46
30.04.2024 08:00;0,44
30.04.2024 09:00;0,44
30.04.2024 10:00;0,66
30.04.2024 11:00;0,44
30.04.2024 12:00;0,43
30.04.2024 13:00;0,52
30.04.2024 14:00;0,226
30.04.2024 15:00;0,1
30.04.2024 16:00;0,227
30.04.2024 17:00;0,112
30.04.2024 18:00;0,669
30.04.2024 19:00;0,122
30.04.2024 20:00;0,83
30.04.2024 21:00;0,202
30.04.2024 22:00;0,225
30.04.2024 23:00;0,215
01.05.2024 00:00;0,211
01.05.2024 01:00;0,206
01.05.2024 02:00;0,224
01.05.2024 03:00;0,21
01.05.2024 04:00;0,158
01.05.2024 05:00;0,76
01.05.2024 06:00;0,186
01.05.2024 07:00;0,193
01.05.2024 08:00;0,175
01.05.2024 09:00;0,155
01.05.2024 10:00;0,97
01.05.2024 11:00;0,218
01.05.2024 12:00;0,13
01.05.2024 13:00;0,105
01.05.2024 14:00;0,176
01.05.2024 15:00;0,172
01.05.2024 16:00;0,81
01.05.2024 17:00;0,485
01.05.2024 18:00;0,81
01.05.2024 19:00;0,92
01.05.2024 20:00;1,194
01.05.2024 21:00;0,222
01.05.2024 22:00;0,223
01.05.2024 23:00;0,212
02.05.2024 00:00;0,207
02.05.2024 01:00;0,208
02.05.2024 02:00;0,251
02.05.2024 03:00;0,23
02.05.2024 04:00;0,118
02.05.2024 05:00;0,43
02.05.2024 06:00;0,228
02.05.2024 07:00;0,433
02.05.2024 08:00;0,59
02.05.2024 09:00;0,61
02.05.2024 10:00;0,64
02.05.2024 11:00;0,6
02.05.2024 12:00;0,63
02.05.2024 13:00;0,5
02.05.2024 14:00;0,56
02.05.2024 15:00;0,187
02.05.2024 16:00;0,139
02.05.2024 17:00;0,106
02.05.2024 18:00;0,127
02.05.2024 19:00;0,209
02.05.2024 20:00;0,92
02.05.2024 21:00;0,253
02.05.2024 22:00;0,269
02.05.2024 23:00;0,215
03.05.2024 00:00;0,209
03.05.2024 01:00;0,214
03.05.2024 02:00;0,207
03.05.2024 03:00;0,189
03.05.2024 04:00;0,119
03.05.2024 05:00;0,53
03.05.2024 06:00;0,271
03.05.2024 07:00;0,174
03.05.2024 08:00;0,67
03.05.2024 09:00;0,65
03.05.2024 10:00;0,6
03.05.2024 11:00;0,61
03.05.2024 12:00;0,152
03.05.2024 13:00;0,158
03.05.2024 14:00;0,83
03.05.2024 15:00;0,95
03.05.2024 16:00;0,91
03.05.2024 17:00;0,131
03.05.2024 18:00;0,57
03.05.2024 19:00;0,599
03.05.2024 20:00;0,112
03.05.2024 21:00;0,176
03.05.2024 22:00;0,334
03.05.2024 23:00;0,206
04.05.2024 00:00;0,212
04.05.2024 01:00;0,208
04.05.2024 02:00;0,211
04.05.2024 03:00;0,222
04.05.2024 04:00;0,152
04.05.2024 05:00;0,69
04.05.2024 06:00;0,245
04.05.2024 07:00;0,126
04.05.2024 08:00;0,97
04.05.2024 09:00;0,64
04.05.2024 10:00;0,64
04.05.2024 11:00;0,61
04.05.2024 12:00;0,65
04.05.2024 13:00;0,81
04.05.2024 14:00;0,92
04.05.2024 15:00;0,196
04.05.2024 16:00;0,95
04.05.2024 17:00;0,94
04.05.2024 18:00;0,183
04.05.2024 19:00;0,162
04.05.2024 20:00;0,146
04.05.2024 21:00;0,97
04.05.2024 22:00;0,605
04.05.2024 23:00;0,218
05.05.2024 00:00;0,216
05.05.2024 01:00;0,23
05.05.2024 02:00;0,231
05.05.2024 03:00;0,227
05.05.2024 04:00;0,106
05.05.2024 05:00;0,41
05.05.2024 06:00;0,314
05.05.2024 07:00;0,245
05.05.2024 08:00;0,882
05.05.2024 09:00;1,35
05.05.2024 10:00;0,111
05.05.2024 11:00;0,66
05.05.2024 12:00;0,268
05.05.2024 13:00;0,87
05.05.2024 14:00;0,351
05.05.2024 15:00;0,874
05.05.2024 16:00;0,91
05.05.2024 17:00;0,223
05.05.2024 18:00;3,62
05.05.2024 19:00;4,55
05.05.2024 20:00;1,905
05.05.2024 21:00;0,69
05.05.2024 22:00;0,215
05.05.2024 23:00;0,219
06.05.2024 00:00;0,227
06.05.2024 01:00;0,21
06.05.2024 02:00;0,265
06.05.2024 03:00;0,214
06.05.2024 04:00;0,143
06.05.2024 05:00;0,88
06.05.2024 06:00;0,287
06.05.2024 07:00;0,47
06.05.2024 08:00;0,131
06.05.2024 09:00;0,46
06.05.2024 10:00;0,45
06.05.2024 11:00;0,44
06.05.2024 12:00;0,42
06.05.2024 13:00;0,43
06.05.2024 14:00;0,59
06.05.2024 15:00;0,55
06.05.2024 16:00;0,55
06.05.2024 17:00;0,64
06.05.2024 18:00;0,11
06.05.2024 19:00;1,381
06.05.2024 20:00;0,157
06.05.2024 21:00;0,149
06.05.2024 22:00;0,183
06.05.2024 23:00;0,164
07.05.2024 00:00;0,164
07.05.2024 01:00;0,167
07.05.2024 02:00;0,175
07.05.2024 03:00;0,169
07.05.2024 04:00;0,396
07.05.2024 05:00;0,796
07.05.2024 06:00;0,454
07.05.2024 07:00;0,283
07.05.2024 08:00;0,7
07.05.2024 09:00;0,66
07.05.2024 10:00;0,62
07.05.2024 11:00;0,61
07.05.2024 12:00;0,61
07.05.2024 13:00;0,65
07.05.2024 14:00;0,67
07.05.2024 15:00;0,65
07.05.2024 16:00;0,69
07.05.2024 17:00;0,62
07.05.2024 18:00;0,562
07.05.2024 19:00;0,62
07.05.2024 20:00;0,208
07.05.2024 21:00;0,88
07.05.2024 22:00;0,171
07.05.2024 23:00;0,166
08.05.2024 00:00;0,164
08.05.2024 01:00;0,161
08.05.2024 02:00;0,163
08.05.2024 03:00;0,164
08.05.2024 04:00;0,87
08.05.2024 05:00;0,44
08.05.2024 06:00;0,514
08.05.2024 07:00;0,378
08.05.2024 08:00;0,66
08.05.2024 09:00;1,154
08.05.2024 10:00;0,349
08.05.2024 11:00;0,63
08.05.2024 12:00;0,63
08.05.2024 13:00;0,62
08.05.2024 14:00;0,62
08.05.2024 15:00;0,7
08.05.2024 16:00;0,114
08.05.2024 17:00;0,62
08.05.2024 18:00;0,58
08.05.2024 19:00;0,14
08.05.2024 20:00;0,227
08.05.2024 21:00;0,115
08.05.2024 22:00;0,154
08.05.2024 23:00;0,163
09.05.2024 00:00;0,165
09.05.2024 01:00;0,164
09.05.2024 02:00;0,168
09.05.2024 03:00;0,67
09.05.2024 04:00;0,833
09.05.2024 05:00;1,536
09.05.2024 06:00;0,711
09.05.2024 07:00;0,755
09.05.2024 08:00;0,13
09.05.2024 09:00;0,57
09.05.2024 10:00;0,159
09.05.2024 11:00;0,44
09.05.2024 12:00;0,46
09.05.2024 13:00;0,48
09.05.2024 14:00;0,7
09.05.2024 15:00;0,145
09.05.2024 16:00;0,254
09.05.2024 17:00;0,6
09.05.2024 18:00;0,16
09.05.2024 19:00;0,211
09.05.2024 20:00;0,218
09.05.2024 21:00;0,451
09.05.2024 22:00;0,169
09.05.2024 23:00;0,172
10.05.2024 00:00;0,168
10.05.2024 01:00;0,167
10.05.2024 02:00;0,164
10.05.2024 03:00;0,164
10.05.2024 04:00;0,272
10.05.2024 05:00;0,286
10.05.2024 06:00;0,318
10.05.2024 07:00;0,363
10.05.2024 08:00;0,41
10.05.2024 09:00;0,245
10.05.2024 10:00;0,129
10.05.2024 11:00;0,103
10.05.2024 12:00;0,43
10.05.2024 13:00;0,118
10.05.2024 14:00;0,55
10.05.2024 15:00;0,62
10.05.2024 16:00;0,63
10.05.2024 17:00;0,59
10.05.2024 18:00;0,541
10.05.2024 19:00;0,732
10.05.2024 20:00;0,106
10.05.2024 21:00;0,67
10.05.2024 22:00;0,14
10.05.2024 23:00;0,162
11.05.2024 00:00;0,168
11.05.2024 01:00;0,16
11.05.2024 02:00;0,16
11.05.2024 03:00;0,159
11.05.2024 04:00;0,64
11.05.2024 05:00;0,4
11.05.2024 06:00;0,125
11.05.2024 07:00;0,212
11.05.2024 08:00;0,158
11.05.2024 09:00;0,76
11.05.2024 10:00;0,79
11.05.2024 11:00;0,41
11.05.2024 12:00;0,41
11.05.2024 13:00;0,123
11.05.2024 14:00;0,45
11.05.2024 15:00;0,5
11.05.2024 16:00;0,57
11.05.2024 17:00;0,82
11.05.2024 18:00;0,137
11.05.2024 19:00;0,19
11.05.2024 20:00;0,175
11.05.2024 21:00;0,123
11.05.2024 22:00;0,129
11.05.2024 23:00;0,163
12.05.2024 00:00;0,162
12.05.2024 01:00;0,161
12.05.2024 02:00;0,162
12.05.2024 03:00;0,174
12.05.2024 04:00;0,6
12.05.2024 05:00;0,101
12.05.2024 06:00;0,148
12.05.2024 07:00;0,57
12.05.2024 08:00;0,553
12.05.2024 09:00;1,115
12.05.2024 10:00;0,65
12.05.2024 11:00;0,115
12.05.2024 12:00;0,57
12.05.2024 13:00;0,94
12.05.2024 14:00;0,599
12.05.2024 15:00;0,884
12.05.2024 16:00;0,73
12.05.2024 17:00;0,153
12.05.2024 18:00;4,557
12.05.2024 19:00;4,219
12.05.2024 20:00;0,945
12.05.2024 21:00;0,68
12.05.2024 22:00;0,169
12.05.2024 23:00;0,232
13.05.2024 00:00;0,181
13.05.2024 01:00;0,16
13.05.2024 02:00;0,163
13.05.2024 03:00;0,168
13.05.2024 04:00;0,105
13.05.2024 05:00;0,101
13.05.2024 06:00;0,464
13.05.2024 07:00;0,245
13.05.2024 08:00;0,42
13.05.2024 09:00;0,43
13.05.2024 10:00;0,42
13.05.2024 11:00;0,42
13.05.2024 12:00;0,42
13.05.2024 13:00;0,7
13.05.2024 14:00;0,54
13.05.2024 15:00;0,62
13.05.2024 16:00;0,59
13.05.2024 17:00;0,599
13.05.2024 18:00;0,153
13.05.2024 19:00;0,118
13.05.2024 20:00;0,161
13.05.2024 21:00;0,149
13.05.2024 22:00;0,284
13.05.2024 23:00;0,192
14.05.2024 00:00;0,167
14.05.2024 01:00;0,168
14.05.2024 02:00;0,166
14.05.2024 03:00;0,166
14.05.2024 04:00;0,99
14.05.2024 05:00;0,47
14.05.2024 06:00;0,185
14.05.2024 07:00;0,165
14.05.2024 08:00;0,105
14.05.2024 09:00;0,48
14.05.2024 10:00;0,48
14.05.2024 11:00;0,48
14.05.2024 12:00;0,75
14.05.2024 13:00;0,86
14.05.2024 14:00;0,83
14.05.2024 15:00;0,62
14.05.2024 16:00;0,48
14.05.2024 17:00;0,58
14.05.2024 18:00;0,788
14.05.2024 19:00;0,12
14.05.2024 20:00;0,57
14.05.2024 21:00;0,115
14.05.2024 22:00;0,13
14.05.2024 23:00;0,194
15.05.2024 00:00;0,163
15.05.2024 01:00;0,162
15.05.2024 02:00;0,163
15.05.2024 03:00;0,162
15.05.2024 04:00;0,51
15.05.2024 05:00;0,42
15.05.2024 06:00;0,323
15.05.2024 07:00;0,62
15.05.2024 08:00;0,136
15.05.2024 09:00;0,7
15.05.2024 10:00;0,53
15.05.2024 11:00;0,46
15.05.2024 12:00;0,45
15.05.2024 13:00;0,44
15.05.2024 14:00;0,45
15.05.2024 15:00;0,59
15.05.2024 16:00;0,58
15.05.2024 17:00;0,16
15.05.2024 18:00;0,46
15.05.2024 19:00;0,495
15.05.2024 20:00;0,54
15.05.2024 21:00;0,188
15.05.2024 22:00;0,122
15.05.2024 23:00;0,19
16.05.2024 00:00;0,169
16.05.2024 01:00;0,164
16.05.2024 02:00;0,171
16.05.2024 03:00;0,159
16.05.2024 04:00;0,48
16.05.2024 05:00;0,46
16.05.2024 06:00;0,505
16.05.2024 07:00;0,133
16.05.2024 08:00;0,101
16.05.2024 09:00;0,76
16.05.2024 10:00;0,56
16.05.2024 11:00;0,77
16.05.2024 12:00;0,45
16.05.2024 13:00;0,44
16.05.2024 14:00;0,51
16.05.2024 15:00;0,52
16.05.2024 16:00;0,46
16.05.2024 17:00;0,469
16.05.2024 18:00;0,273
16.05.2024 19:00;0,12
16.05.2024 20:00;0,57
16.05.2024 21:00;0,7
16.05.2024 22:00;0,111
16.05.2024 23:00;0,181
17.05.2024 00:00;0,19
17.05.2024 01:00;0,221
17.05.2024 02:00;0,188
17.05.2024 03:00;0,152
17.05.2024 04:00;0,52
17.05.2024 05:00;0,51
17.05.2024 06:00;0,23
17.05.2024 07:00;0,292
17.05.2024 08:00;0,68
17.05.2024 09:00;0,45
17.05.2024 10:00;0,98
17.05.2024 11:00;0,54
17.05.2024 12:00;0,93
17.05.2024 13:00;0,54
17.05.2024 14:00;0,64
17.05.2024 15:00;0,63
17.05.2024 16:00;0,64
17.05.2024 17:00;0,62
17.05.2024 18:00;0,63
17.05.2024 19:00;0,142
17.05.2024 20:00;0,183
17.05.2024 21:00;0,79
17.05.2024 22:00;0,104
17.05.2024 23:00;0,175
18.05.2024 00:00;0,177
18.05.2024 01:00;0,172
18.05.2024 02:00;0,174
18.05.2024 03:00;0,151
18.05.2024 04:00;0,49
18.05.2024 05:00;0,48
18.05.2024 06:00;0,144
18.05.2024 07:00;0,51
18.05.2024 08:00;0,237
18.05.2024 09:00;0,165
18.05.2024 10:00;0,314
18.05.2024 11:00;0,72
18.05.2024 12:00;0,127
18.05.2024 13:00;0,59
18.05.2024 14:00;0,62
18.05.2024 15:00;0,196
18.05.2024 16:00;0,926
18.05.2024 17:00;0,295
18.05.2024 18:00;0,112
18.05.2024 19:00;0,123
18.05.2024 20:00;0,157
18.05.2024 21:00;0,12
18.05.2024 22:00;0,93
18.05.2024 23:00;0,192
19.05.2024 00:00;0,169
19.05.2024 01:00;0,179
19.05.2024 02:00;0,174
19.05.2024 03:00;0,143
19.05.2024 04:00;0,48
19.05.2024 05:00;0,46
19.05.2024 06:00;0,2
19.05.2024 07:00;0,886
19.05.2024 08:00;0,96
19.05.2024 09:00;0,108
19.05.2024 10:00;0,74
19.05.2024 11:00;0,68
19.05.2024 12:00;0,58
19.05.2024 13:00;0,221
19.05.2024 14:00;0,176
19.05.2024 15:00;0,175
19.05.2024 16:00;0,239
19.05.2024 17:00;0,4
19.05.2024 18:00;3,918
19.05.2024 19:00;3,676
19.05.2024 20:00;3,441
19.05.2024 21:00;1,375
19.05.2024 22:00;0,266
19.05.2024 23:00;0,288
20.05.2024 00:00;0,279
20.05.2024 01:00;0,281
20.05.2024 02:00;0,246
20.05.2024 03:00;0,168
20.05.2024 04:00;0,92
20.05.2024 05:00;0,165
20.05.2024 06:00;0,235
20.05.2024 07:00;0,66
20.05.2024 08:00;0,91
20.05.2024 09:00;0,122
20.05.2024 10:00;0,67
20.05.2024 11:00;0,68
20.05.2024 12:00;0,191
20.05.2024 13:00;0,167
20.05.2024 14:00;0,65
20.05.2024 15:00;0,342
20.05.2024 16:00;0,83
20.05.2024 17:00;0,732
20.05.2024 18:00;0,194
20.05.2024 19:00;0,14
20.05.2024 20:00;0,148
20.05.2024 21:00;0,139
20.05.2024 22:00;0,201
20.05.2024 23:00;0,204
21.05.2024 00:00;0,193
21.05.2024 01:00;0,187
21.05.2024 02:00;0,201
21.05.2024 03:00;0,168
21.05.2024 04:00;0,71
21.05.2024 05:00;0,138
21.05.2024 06:00;0,215
21.05.2024 07:00;0,145
21.05.2024 08:00;0,67
21.05.2024 09:00;0,66
21.05.2024 10:00;0,69
21.05.2024 11:00;0,93
21.05.2024 12:00;0,174
21.05.2024 13:00;0,222
21.05.2024 14:00;0,286
21.05.2024 15:00;0,111
21.05.2024 16:00;0,176
21.05.2024 17:00;0,234
21.05.2024 18:00;0,227
21.05.2024 19:00;0,13
21.05.2024 20:00;0,368
21.05.2024 21:00;0,14
21.05.2024 22:00;0,118
21.05.2024 23:00;0,194
22.05.2024 00:00;0,167
22.05.2024 01:00;0,168
22.05.2024 02:00;0,166
22.05.2024 03:00;0,126
22.05.2024 04:00;0,46
22.05.2024 05:00;0,187
22.05.2024 06:00;0,437
22.05.2024 07:00;0,327
22.05.2024 08:00;0,58
22.05.2024 09:00;0,54
22.05.2024 10:00;0,54
22.05.2024 11:00;0,6
22.05.2024 12:00;0,68
22.05.2024 13:00;0,184
22.05.2024 14:00;0,179
22.05.2024 15:00;0,85
22.05.2024 16:00;0,84
22.05.2024 17:00;0,527
22.05.2024 18:00;0,746
22.05.2024 19:00;0,99
22.05.2024 20:00;0,94
22.05.2024 21:00;0,93
22.05.2024 22:00;0,188
22.05.2024 23:00;0,214
23.05.2024 00:00;0,213
23.05.2024 01:00;0,203
23.05.2024 02:00;0,227
23.05.2024 03:00;0,123
23.05.2024 04:00;0,56
23.05.2024 05:00;0,43
23.05.2024 06:00;0,289
23.05.2024 07:00;0,266
23.05.2024 08:00;0,52
23.05.2024 09:00;0,53
23.05.2024 10:00;0,53
23.05.2024 11:00;0,55
23.05.2024 12:00;0,15
23.05.2024 13:00;0,59
23.05.2024 14:00;0,137
23.05.2024 15:00;0,22
23.05.2024 16:00;0,733
23.05.2024 17:00;0,259
23.05.2024 18:00;0,177
23.05.2024 19:00;0,94
23.05.2024 20:00;0,213
23.05.2024 21:00;0,23
23.05.2024 22:00;0,96
23.05.2024 23:00;0,353
24.05.2024 00:00;0,392
24.05.2024 01:00;0,207
24.05.2024 02:00;0,207
24.05.2024 03:00;0,154
24.05.2024 04:00;0,67
24.05.2024 05:00;0,51
24.05.2024 06:00;0,46
24.05.2024 07:00;0,234
24.05.2024 08:00;0,122
24.05.2024 09:00;0,141
24.05.2024 10:00;0,11
24.05.2024 11:00;0,199
24.05.2024 12:00;0,64
24.05.2024 13:00;0,65
24.05.2024 14:00;0,123
24.05.2024 15:00;0,132
24.05.2024 16:00;0,152
24.05.2024 17:00;0,548
24.05.2024 18:00;0,58
24.05.2024 19:00;0,6
24.05.2024 20:00;0,35
24.05.2024 21:00;0,195
24.05.2024 22:00;0,162
24.05.2024 23:00;0,176
25.05.2024 00:00;0,571
25.05.2024 01:00;0,228
25.05.2024 02:00;0,264
25.05.2024 03:00;0,156
25.05.2024 04:00;0,214
25.05.2024 05:00;0,191
25.05.2024 06:00;0,236
25.05.2024 07:00;0,606
25.05.2024 08:00;0,146
25.05.2024 09:00;0,96
25.05.2024 10:00;0,87
25.05.2024 11:00;0,69
25.05.2024 12:00;0,94
25.05.2024 13:00;0,169
25.05.2024 14:00;0,55
25.05.2024 15:00;0,915
25.05.2024 16:00;0,61
25.05.2024 17:00;0,146
25.05.2024 18:00;0,127
25.05.2024 19:00;0,193
25.05.2024 20:00;0,94
25.05.2024 21:00;0,159
25.05.2024 22:00;0,15
25.05.2024 23:00;0,184
26.05.2024 00:00;0,204
26.05.2024 01:00;0,176
26.05.2024 02:00;0,164
26.05.2024 03:00;0,148
26.05.2024 04:00;0,58
26.05.2024 05:00;0,49
26.05.2024 06:00;0,15
26.05.2024 07:00;0,849
26.05.2024 08:00;1,15
26.05.2024 09:00;0,63
26.05.2024 10:00;0,83
26.05.2024 11:00;0,62
26.05.2024 12:00;0,174
26.05.2024 13:00;0,79
26.05.2024 14:00;0,191
26.05.2024 15:00;0,141
26.05.2024 16:00;0,338
26.05.2024 17:00;2,73
26.05.2024 18:00;4,299
26.05.2024 19:00;2,434
26.05.2024 20:00;0,208
26.05.2024 21:00;0,218
26.05.2024 22:00;0,105
26.05.2024 23:00;0,26
27.05.2024 00:00;0,242
27.05.2024 01:00;0,249
27.05.2024 02:00;0,22
27.05.2024 03:00;0,17
27.05.2024 04:00;0,63
27.05.2024 05:00;0,51
27.05.2024 06:00;0,21
27.05.2024 07:00;0,109
27.05.2024 08:00;0,118
27.05.2024 09:00;0,11
27.05.2024 10:00;0,137
27.05.2024 11:00;0,115
27.05.2024 12:00;0,134
27.05.2024 13:00;0,1
27.05.2024 14:00;0,68
27.05.2024 15:00;0,145
27.05.2024 16:00;0,96
27.05.2024 17:00;0,91
27.05.2024 18:00;0,174
27.05.2024 19:00;0,101
27.05.2024 20:00;0,91
27.05.2024 21:00;0,169
27.05.2024 22:00;0,16
27.05.2024 23:00;0,233
28.05.2024 00:00;0,206
28.05.2024 01:00;0,21
28.05.2024 02:00;0,204
28.05.2024 03:00;0,116
28.05.2024 04:00;0,99
28.05.2024 05:00;0,69
28.05.2024 06:00;0,256
28.05.2024 07:00;0,7
28.05.2024 08:00;0,45
28.05.2024 09:00;0,123
28.05.2024 10:00;0,127
28.05.2024 11:00;0,64
28.05.2024 12:00;0,18
28.05.2024 13:00;0,89
28.05.2024 14:00;0,589
28.05.2024 15:00;0,105
28.05.2024 16:00;0,102
28.05.2024 17:00;0,24
28.05.2024 18:00;0,678
28.05.2024 19:00;0,105
28.05.2024 20:00;0,228
28.05.2024 21:00;0,111
28.05.2024 22:00;0,195
28.05.2024 23:00;0,211
29.05.2024 00:00;0,2
29.05.2024 01:00;0,198
29.05.2024 02:00;0,232
29.05.2024 03:00;0,159
29.05.2024 04:00;0,63
29.05.2024 05:00;0,52
29.05.2024 06:00;0,174
29.05.2024 07:00;0,14
29.05.2024 08:00;0,89
29.05.2024 09:00;0,57
29.05.2024 10:00;0,55
29.05.2024 11:00;0,57
29.05.2024 12:00;0,55
29.05.2024 13:00;0,55
29.05.2024 14:00;0,56
29.05.2024 15:00;0,172
29.05.2024 16:00;0,142
29.05.2024 17:00;0,355
29.05.2024 18:00;1,284
29.05.2024 19:00;0,304
29.05.2024 20:00;0,116
29.05.2024 21:00;0,106
29.05.2024 22:00;0,114
29.05.2024 23:00;0,269
30.05.2024 00:00;0,227
30.05.2024 01:00;0,216
30.05.2024 02:00;0,216
30.05.2024 03:00;0,143
30.05.2024 04:00;0,82
30.05.2024 05:00;0,277
30.05.2024 06:00;0,469
30.05.2024 07:00;0,138
30.05.2024 08:00;0,78
30.05.2024 09:00;0,79
30.05.2024 10:00;0,136
30.05.2024 11:00;0,75
30.05.2024 12:00;0,107
30.05.2024 13:00;0,104
30.05.2024 14:00;0,82
30.05.2024 15:00;0,72
30.05.2024 16:00;0,72
30.05.2024 17:00;0,12
30.05.2024 18:00;0,628
30.05.2024 19:00;0,112
30.05.2024 20:00;0,224
30.05.2024 21:00;0,107
30.05.2024 22:00;0,92
30.05.2024 23:00;0,256
31.05.2024 00:00;0,21
31.05.2024 01:00;0,216
31.05.2024 02:00;0,21
31.05.2024 03:00;0,112
31.05.2024 04:00;0,54
31.05.2024 05:00;0,251
31.05.2024 06:00;0,205
31.05.2024 07:00;0,114
31.05.2024 08:00;0,61
31.05.2024 09:00;0,169
31.05.2024 10:00;0,67
31.05.2024 11:00;0,55
31.05.2024 12:00;0,61
31.05.2024 13:00;0,153
31.05.2024 14:00;0,111
31.05.2024 15:00;0,61
31.05.2024 16:00;0,68
31.05.2024 17:00;0,61
31.05.2024 18:00;0,98
31.05.2024 19:00;0,212
31.05.2024 20:00;0,244
31.05.2024 21:00;0,108
31.05.2024 22:00;0,87
31.05.2024 23:00;0,339
01.06.2024 00:00;0,233
01.06.2024 01:00;0,246
01.06.2024 02:00;0,165
01.06.2024 03:00;0,474
01.06.2024 04:00;0,263
01.06.2024 05:00;0,7
01.06.2024 06:00;0,15
01.06.2024 07:00;0,201
01.06.2024 08:00;0,73
01.06.2024 09:00;0,56
01.06.2024 10:00;0,46
01.06.2024 11:00;0,46
01.06.2024 12:00;0,49
01.06.2024 13:00;0,145
01.06.2024 14:00;0,87
01.06.2024 15:00;0,206
01.06.2024 16:00;0,99
01.06.2024 17:00;0,112
01.06.2024 18:00;0,175
01.06.2024 19:00;0,94
01.06.2024 20:00;0,23
01.06.2024 21:00;0,171
01.06.2024 22:00;0,166
01.06.2024 23:00;0,235
02.06.2024 00:00;0,276
02.06.2024 01:00;0,233
02.06.2024 02:00;0,216
02.06.2024 03:00;0,176
02.06.2024 04:00;0,212
02.06.2024 05:00;0,112
02.06.2024 06:00;0,143
02.06.2024 07:00;0,125
02.06.2024 08:00;0,113
02.06.2024 09:00;0,71
02.06.2024 10:00;0,7
02.06.2024 11:00;0,7
02.06.2024 12:00;0,222
02.06.2024 13:00;0,845
02.06.2024 14:00;0,599
02.06.2024 15:00;0,192
02.06.2024 16:00;0,119
02.06.2024 17:00;0,166
02.06.2024 18:00;4,644
02.06.2024 19:00;4,823
02.06.2024 20:00;1,679
02.06.2024 21:00;0,252
02.06.2024 22:00;0,27
02.06.2024 23:00;0,249
03.06.2024 00:00;0,277
03.06.2024 01:00;0,259
03.06.2024 02:00;0,22
03.06.2024 03:00;0,101
03.06.2024 04:00;0,53
03.06.2024 05:00;0,245
03.06.2024 06:00;0,121
03.06.2024 07:00;0,71
03.06.2024 08:00;0,61
03.06.2024 09:00;0,57
03.06.2024 10:00;0,54
03.06.2024 11:00;0,56
03.06.2024 12:00;0,59
03.06.2024 13:00;0,154
03.06.2024 14:00;0,136
03.06.2024 15:00;0,165
03.06.2024 16:00;0,445
03.06.2024 17:00;0,448
03.06.2024 18:00;0,113
03.06.2024 19:00;0,222
03.06.2024 20:00;0,106
03.06.2024 21:00;0,145
03.06.2024 22:00;0,172
03.06.2024 23:00;0,182
04.06.2024 00:00;0,217
04.06.2024 01:00;0,225
04.06.2024 02:00;0,205
04.06.2024 03:00;0,85
04.06.2024 04:00;0,53
04.06.2024 05:00;0,193
04.06.2024 06:00;0,173
04.06.2024 07:00;0,6
04.06.2024 08:00;0,54
04.06.2024 09:00;0,56
04.06.2024 10:00;0,73
04.06.2024 11:00;0,104
04.06.2024 12:00;0,224
04.06.2024 13:00;0,94
04.06.2024 14:00;0,138
04.06.2024 15:00;0,108
04.06.2024 16:00;0,151
04.06.2024 17:00;0,106
04.06.2024 18:00;0,9
04.06.2024 19:00;1,128
04.06.2024 20:00;0,221
04.06.2024 21:00;0,105
04.06.2024 22:00;0,94
04.06.2024 23:00;0,169
05.06.2024 00:00;0,217
05.06.2024 01:00;0,217
05.06.2024 02:00;0,218
05.06.2024 03:00;0,158
05.06.2024 04:00;0,89
05.06.2024 05:00;0,69
05.06.2024 06:00;0,161
05.06.2024 07:00;0,5
05.06.2024 08:00;0,61
05.06.2024 09:00;0,63
05.06.2024 10:00;0,55
05.06.2024 11:00;0,187
05.06.2024 12:00;0,425
05.06.2024 13:00;0,55
05.06.2024 14:00;0,111
05.06.2024 15:00;0,56
05.06.2024 16:00;0,55
05.06.2024 17:00;0,64
05.06.2024 18:00;0,52
05.06.2024 19:00;0,587
05.06.2024 20:00;0,84
05.06.2024 21:00;0,204
05.06.2024 22:00;0,111
05.06.2024 23:00;0,175
06.06.2024 00:00;0,217
06.06.2024 01:00;0,217
06.06.2024 02:00;0,204
06.06.2024 03:00;0,79
06.06.2024 04:00;0,57
06.06.2024 05:00;0,195
06.06.2024 06:00;0,63
06.06.2024 07:00;0,486
06.06.2024 08:00;0,57
06.06.2024 09:00;0,58
06.06.2024 10:00;0,58
06.06.2024 11:00;0,56
06.06.2024 12:00;0,129
06.06.2024 13:00;0,354
06.06.2024 14:00;0,273
06.06.2024 15:00;0,104
06.06.2024 16:00;0,106
06.06.2024 17:00;0,153
06.06.2024 18:00;0,942
06.06.2024 19:00;0,174
06.06.2024 20:00;0,95
06.06.2024 21:00;0,172
06.06.2024 22:00;0,67
06.06.2024 23:00;0,134
07.06.2024 00:00;0,167
07.06.2024 01:00;0,169
07.06.2024 02:00;0,17
07.06.2024 03:00;0,75
07.06.2024 04:00;0,46
07.06.2024 05:00;0,194
07.06.2024 06:00;0,21
07.06.2024 07:00;0,304
07.06.2024 08:00;0,46
07.06.2024 09:00;0,156
07.06.2024 10:00;0,44
07.06.2024 11:00;0,5
07.06.2024 12:00;0,48
07.06.2024 13:00;0,196
07.06.2024 14:00;0,115
07.06.2024 15:00;0,93
07.06.2024 16:00;0,273
07.06.2024 17:00;0,652
07.06.2024 18:00;0,281
07.06.2024 19:00;0,106
07.06.2024 20:00;0,216
07.06.2024 21:00;0,104
07.06.2024 22:00;0,168
07.06.2024 23:00;0,179
08.06.2024 00:00;0,172
08.06.2024 01:00;0,171
08.06.2024 02:00;0,166
08.06.2024 03:00;0,89
08.06.2024 04:00;0,47
08.06.2024 05:00;0,47
08.06.2024 06:00;0,147
08.06.2024 07:00;0,125
08.06.2024 08:00;0,152
08.06.2024 09:00;0,153
08.06.2024 10:00;0,65
08.06.2024 11:00;0,67
08.06.2024 12:00;0,58
08.06.2024 13:00;0,508
08.06.2024 14:00;0,67
08.06.2024 15:00;0,134
08.06.2024 16:00;0,97
08.06.2024 17:00;0,155
08.06.2024 18:00;1,55
08.06.2024 19:00;0,238
08.06.2024 20:00;0,132
08.06.2024 21:00;0,205
08.06.2024 22:00;0,112
08.06.2024 23:00;0,148
09.06.2024 00:00;0,209
09.06.2024 01:00;0,254
09.06.2024 02:00;0,23
09.06.2024 03:00;0,125
09.06.2024 04:00;0,78
09.06.2024 05:00;0,6
09.06.2024 06:00;0,48
09.06.2024 07:00;0,47
09.06.2024 08:00;0,953
09.06.2024 09:00;1,125
09.06.2024 10:00;0,69
09.06.2024 11:00;0,41
09.06.2024 12:00;0,681
09.06.2024 13:00;0,264
09.06.2024 14:00;0,333
09.06.2024 15:00;0,899
09.06.2024 16:00;0,207
09.06.2024 17:00;4,109
09.06.2024 18:00;3,576
09.06.2024 19:00;1,532
09.06.2024 20:00;0,169
09.06.2024 21:00;0,201
09.06.2024 22:00;0,101
09.06.2024 23:00;0,157
10.06.2024 00:00;0,218
10.06.2024 01:00;0,21
10.06.2024 02:00;0,21
10.06.2024 03:00;0,135
10.06.2024 04:00;0,49
10.06.2024 05:00;0,269
10.06.2024 06:00;0,214
10.06.2024 07:00;0,99
10.06.2024 08:00;0,46
10.06.2024 09:00;0,46
10.06.2024 10:00;0,128
10.06.2024 11:00;0,47
10.06.2024 12:00;0,92
10.06.2024 13:00;0,108
10.06.2024 14:00;0,98
10.06.2024 15:00;0,157
10.06.2024 16:00;0,116
10.06.2024 17:00;0,97
10.06.2024 18:00;0,96
10.06.2024 19:00;0,797
10.06.2024 20:00;0,329
10.06.2024 21:00;0,89
10.06.2024 22:00;0,78
10.06.2024 23:00;0,112
11.06.2024 00:00;0,167
11.06.2024 01:00;0,173
11.06.2024 02:00;0,178
11.06.2024 03:00;0,56
11.06.2024 04:00;0,44
11.06.2024 05:00;0,87
11.06.2024 06:00;0,187
11.06.2024 07:00;0,62
11.06.2024 08:00;0,92
11.06.2024 09:00;0,7
11.06.2024 10:00;0,99
11.06.2024 11:00;0,111
11.06.2024 12:00;0,104
11.06.2024 13:00;0,306
11.06.2024 14:00;0,97
11.06.2024 15:00;0,102
11.06.2024 16:00;0,102
11.06.2024 17:00;0,171
11.06.2024 18:00;0,246
11.06.2024 19:00;0,273
11.06.2024 20:00;0,148
11.06.2024 21:00;0,96
11.06.2024 22:00;0,98
11.06.2024 23:00;0,175
12.06.2024 00:00;0,211
12.06.2024 01:00;0,209
12.06.2024 02:00;0,216
12.06.2024 03:00;0,176
12.06.2024 04:00;0,152
12.06.2024 05:00;0,14
12.06.2024 06:00;0,162
12.06.2024 07:00;0,347
12.06.2024 08:00;0,158
12.06.2024 09:00;0,133
12.06.2024 10:00;0,155
12.06.2024 11:00;0,47
12.06.2024 12:00;0,47
12.06.2024 13:00;0,133
12.06.2024 14:00;0,66
12.06.2024 15:00;0,182
12.06.2024 16:00;0,171
12.06.2024 17:00;0,642
12.06.2024 18:00;0,269
12.06.2024 19:00;0,97
12.06.2024 20:00;0,231
12.06.2024 21:00;0,18
12.06.2024 22:00;0,134
12.06.2024 23:00;0,153
13.06.2024 00:00;0,229
13.06.2024 01:00;0,212
13.06.2024 02:00;0,255
13.06.2024 03:00;0,134
13.06.2024 04:00;0,67
13.06.2024 05:00;0,117
13.06.2024 06:00;0,153
13.06.2024 07:00;0,149
13.06.2024 08:00;0,142
13.06.2024 09:00;0,8
13.06.2024 10:00;0,76
13.06.2024 11:00;0,74
13.06.2024 12:00;0,15
13.06.2024 13:00;0,12
13.06.2024 14:00;0,147
13.06.2024 15:00;0,94
13.06.2024 16:00;0,422
13.06.2024 17:00;1,243
13.06.2024 18:00;0,96
13.06.2024 19:00;0,174
13.06.2024 20:00;0,92
13.06.2024 21:00;0,96
13.06.2024 22:00;0,249
13.06.2024 23:00;0,209
14.06.2024 00:00;0,405
14.06.2024 01:00;0,484
14.06.2024 02:00;0,471
14.06.2024 03:00;0,334
14.06.2024 04:00;0,162
14.06.2024 05:00;0,825
14.06.2024 06:00;0,238
14.06.2024 07:00;0,125
14.06.2024 08:00;0,163
14.06.2024 09:00;0,376
14.06.2024 10:00;0,113
14.06.2024 11:00;0,372
14.06.2024 12:00;0,182
14.06.2024 13:00;0,169
14.06.2024 14:00;0,1
14.06.2024 15:00;0,92
14.06.2024 16:00;0,125
14.06.2024 17:00;0,358
14.06.2024 18:00;0,448
14.06.2024 19:00;1,943
14.06.2024 20:00;1,255
14.06.2024 21:00;0,352
14.06.2024 22:00;0,215
14.06.2024 23:00;0,142
15.06.2024 00:00;0,22
15.06.2024 01:00;0,223
15.06.2024 02:00;0,218
15.06.2024 03:00;0,105
15.06.2024 04:00;0,96
15.06.2024 05:00;0,84
15.06.2024 06:00;0,62
15.06.2024 07:00;0,65
15.06.2024 08:00;0,14
15.06.2024 09:00;0,295
15.06.2024 10:00;0,68
15.06.2024 11:00;0,154
15.06.2024 12:00;0,97
15.06.2024 13:00;1,507
15.06.2024 14:00;1,83
15.06.2024 15:00;1,334
15.06.2024 16:00;1,849
15.06.2024 17:00;1,58
15.06.2024 18:00;3,335
15.06.2024 19:00;0,958
15.06.2024 20:00;0,102
15.06.2024 21:00;0,93
15.06.2024 22:00;0,185
15.06.2024 23:00;0,22
16.06.2024 00:00;0,283
16.06.2024 01:00;0,308
16.06.2024 02:00;0,288
16.06.2024 03:00;0,15
16.06.2024 04:00;0,94
16.06.2024 05:00;0,76
16.06.2024 06:00;0,66
16.06.2024 07:00;0,68
16.06.2024 08:00;0,107
16.06.2024 09:00;0,203
16.06.2024 10:00;1,257
16.06.2024 11:00;0,8
16.06.2024 12:00;0,102
16.06.2024 13:00;0,138
16.06.2024 14:00;0,67
16.06.2024 15:00;0,92
16.06.2024 16:00;0,162
16.06.2024 17:00;0,981
16.06.2024 18:00;3,655
16.06.2024 19:00;3,542
16.06.2024 20:00;0,778
16.06.2024 21:00;0,363
16.06.2024 22:00;2,879
16.06.2024 23:00;0,41
17.06.2024 00:00;1,53
17.06.2024 01:00;0,229
17.06.2024 02:00;0,282
17.06.2024 03:00;0,157
17.06.2024 04:00;0,97
17.06.2024 05:00;0,64
17.06.2024 06:00;0,188
17.06.2024 07:00;0,99
17.06.2024 08:00;0,8
17.06.2024 09:00;0,69
17.06.2024 10:00;0,66
17.06.2024 11:00;0,7
17.06.2024 12:00;0,124
17.06.2024 13:00;0,171
17.06.2024 14:00;0,83
17.06.2024 15:00;0,23
17.06.2024 16:00;0,161
17.06.2024 17:00;0,175
17.06.2024 18:00;0,164
17.06.2024 19:00;1,286
17.06.2024 20:00;0,282
17.06.2024 21:00;0,133
17.06.2024 22:00;0,11
17.06.2024 23:00;0,179
18.06.2024 00:00;0,216
18.06.2024 01:00;0,215
18.06.2024 02:00;0,217
18.06.2024 03:00;0,17
18.06.2024 04:00;0,99
18.06.2024 05:00;0,88
18.06.2024 06:00;0,25
18.06.2024 07:00;0,141
18.06.2024 08:00;0,74
18.06.2024 09:00;0,77
18.06.2024 10:00;0,53
18.06.2024 11:00;0,46
18.06.2024 12:00;0,48
18.06.2024 13:00;0,49
18.06.2024 14:00;0,57
18.06.2024 15:00;0,68
18.06.2024 16:00;0,165
18.06.2024 17:00;0,43
18.06.2024 18:00;0,744
18.06.2024 19:00;0,213
18.06.2024 20:00;0,265
18.06.2024 21:00;0,15
18.06.2024 22:00;0,146
18.06.2024 23:00;0,266
19.06.2024 00:00;0,371
19.06.2024 01:00;0,215
19.06.2024 02:00;0,219
19.06.2024 03:00;0,98
19.06.2024 04:00;0,87
19.06.2024 05:00;0,85
19.06.2024 06:00;0,175
19.06.2024 07:00;0,103
19.06.2024 08:00;0,178
19.06.2024 09:00;0,138
19.06.2024 10:00;0,96
19.06.2024 11:00;0,135
19.06.2024 12:00;0,76
19.06.2024 13:00;0,82
19.06.2024 14:00;0,199
19.06.2024 15:00;0,83
19.06.2024 16:00;0,95
19.06.2024 17:00;0,286
19.06.2024 18:00;0,963
19.06.2024 19:00;0,17
19.06.2024 20:00;0,8
19.06.2024 21:00;0,88
19.06.2024 22:00;0,52
19.06.2024 23:00;0,83
20.06.2024 00:00;0,171
20.06.2024 01:00;0,209
20.06.2024 02:00;0,241
20.06.2024 03:00;0,17
20.06.2024 04:00;0,95
20.06.2024 05:00;0,22
20.06.2024 06:00;0,203
20.06.2024 07:00;0,401
20.06.2024 08:00;0,82
20.06.2024 09:00;0,147
20.06.2024 10:00;0,89
20.06.2024 11:00;0,131
20.06.2024 12:00;0,93
20.06.2024 13:00;0,261
20.06.2024 14:00;0,86
20.06.2024 15:00;0,101
20.06.2024 16:00;0,87
20.06.2024 17:00;0,623
20.06.2024 18:00;0,267
20.06.2024 19:00;0,28
20.06.2024 20:00;0,147
20.06.2024 21:00;0,147
20.06.2024 22:00;0,95
20.06.2024 23:00;0,114
21.06.2024 00:00;0,196
21.06.2024 01:00;0,2
21.06.2024 02:00;0,209
21.06.2024 03:00;0,77
21.06.2024 04:00;0,56
21.06.2024 05:00;0,98
21.06.2024 06:00;0,174
21.06.2024 07:00;0,68
21.06.2024 08:00;0,46
21.06.2024 09:00;0,45
21.06.2024 10:00;0,45
21.06.2024 11:00;0,46
21.06.2024 12:00;0,46
21.06.2024 13:00;0,269
21.06.2024 14:00;0,98
21.06.2024 15:00;0,5
21.06.2024 16:00;0,46
21.06.2024 17:00;0,12
21.06.2024 18:00;0,76
21.06.2024 19:00;0,167
21.06.2024 20:00;0,142
21.06.2024 21:00;0,118
21.06.2024 22:00;0,105
21.06.2024 23:00;0,103
22.06.2024 00:00;0,188
22.06.2024 01:00;0,184
22.06.2024 02:00;0,209
22.06.2024 03:00;0,63
22.06.2024 04:00;0,62
22.06.2024 05:00;0,162
22.06.2024 06:00;0,14
22.06.2024 07:00;0,63
22.06.2024 08:00;0,125
22.06.2024 09:00;0,88
22.06.2024 10:00;0,207
22.06.2024 11:00;0,441
22.06.2024 12:00;0,189
22.06.2024 13:00;0,92
22.06.2024 14:00;0,19
22.06.2024 15:00;0,553
22.06.2024 16:00;0,497
22.06.2024 17:00;0,126
22.06.2024 18:00;0,12
22.06.2024 19:00;0,102
22.06.2024 20:00;0,96
22.06.2024 21:00;0,13
22.06.2024 22:00;0,195
22.06.2024 23:00;0,123
23.06.2024 00:00;0,213
23.06.2024 01:00;0,19
23.06.2024 02:00;0,19
23.06.2024 03:00;0,15
23.06.2024 04:00;0,128
23.06.2024 05:00;0,72
23.06.2024 06:00;0,77
23.06.2024 07:00;0,124
23.06.2024 08:00;0,22
23.06.2024 09:00;1,629
23.06.2024 10:00;0,145
23.06.2024 11:00;0,95
23.06.2024 12:00;0,108
23.06.2024 13:00;0,178
23.06.2024 14:00;0,204
23.06.2024 15:00;0,3
23.06.2024 16:00;0,115
23.06.2024 17:00;0,366
23.06.2024 18:00;1,45
23.06.2024 19:00;0,123
23.06.2024 20:00;0,141
23.06.2024 21:00;0,101
23.06.2024 22:00;0,106
23.06.2024 23:00;0,136
24.06.2024 00:00;0,201
24.06.2024 01:00;0,198
24.06.2024 02:00;0,196
24.06.2024 03:00;0,138
24.06.2024 04:00;0,47
24.06.2024 05:00;0,52
24.06.2024 06:00;0,52
24.06.2024 07:00;0,152
24.06.2024 08:00;0,114
24.06.2024 09:00;0,118
24.06.2024 10:00;0,172
24.06.2024 11:00;0,327
24.06.2024 12:00;0,102
24.06.2024 13:00;0,25
24.06.2024 14:00;1,34
24.06.2024 15:00;0,133
24.06.2024 16:00;0,194
24.06.2024 17:00;0,107
24.06.2024 18:00;1,343
24.06.2024 19:00;3,718
24.06.2024 20:00;1,722
24.06.2024 21:00;0,211
24.06.2024 22:00;0,85
24.06.2024 23:00;0,123
25.06.2024 00:00;0,171
25.06.2024 01:00;0,171
25.06.2024 02:00;0,166
25.06.2024 03:00;0,5
25.06.2024 04:00;0,51
25.06.2024 05:00;0,49
25.06.2024 06:00;0,179
25.06.2024 07:00;0,189
25.06.2024 08:00;0,112
25.06.2024 09:00;0,15
25.06.2024 10:00;0,248
25.06.2024 11:00;0,98
25.06.2024 12:00;0,178
25.06.2024 13:00;0,112
25.06.2024 14:00;0,99
25.06.2024 15:00;0,99
25.06.2024 16:00;0,191
25.06.2024 17:00;0,529
25.06.2024 18:00;0,586
25.06.2024 19:00;0,9
25.06.2024 20:00;0,16
25.06.2024 21:00;0,16
25.06.2024 22:00;0,9
25.06.2024 23:00;0,168
26.06.2024 00:00;0,185
26.06.2024 01:00;0,174
26.06.2024 02:00;0,169
26.06.2024 03:00;0,42
26.06.2024 04:00;0,51
26.06.2024 05:00;0,45
26.06.2024 06:00;0,189
26.06.2024 07:00;0,177
26.06.2024 08:00;0,185
26.06.2024 09:00;0,95
26.06.2024 10:00;0,208
26.06.2024 11:00;0,9
26.06.2024 12:00;0,145
26.06.2024 13:00;0,749
26.06.2024 14:00;0,306
26.06.2024 15:00;0,106
26.06.2024 16:00;0,1
26.06.2024 17:00;0,178
26.06.2024 18:00;0,202
26.06.2024 19:00;0,617
26.06.2024 20:00;0,434
26.06.2024 21:00;0,1
26.06.2024 22:00;0,79
26.06.2024 23:00;0,108
27.06.2024 00:00;0,168
27.06.2024 01:00;0,169
27.06.2024 02:00;0,166
27.06.2024 03:00;0,49
27.06.2024 04:00;0,48
27.06.2024 05:00;0,45
27.06.2024 06:00;0,134
27.06.2024 07:00;0,122
27.06.2024 08:00;0,145
27.06.2024 09:00;0,173
27.06.2024 10:00;0,193
27.06.2024 11:00;0,137
27.06.2024 12:00;0,218
27.06.2024 13:00;0,96
27.06.2024 14:00;0,103
27.06.2024 15:00;0,165
27.06.2024 16:00;0,66
27.06.2024 17:00;0,114
27.06.2024 18:00;0,1
27.06.2024 19:00;1,685
27.06.2024 20:00;0,21
27.06.2024 21:00;0,94
27.06.2024 22:00;0,85
27.06.2024 23:00;0,9
28.06.2024 00:00;0,188
28.06.2024 01:00;0,204
28.06.2024 02:00;0,205
28.06.2024 03:00;0,64
28.06.2024 04:00;0,45
28.06.2024 05:00;0,98
28.06.2024 06:00;0,188
28.06.2024 07:00;0,161
28.06.2024 08:00;0,105
28.06.2024 09:00;0,165
28.06.2024 10:00;0,101
28.06.2024 11:00;0,246
28.06.2024 12:00;0,148
28.06.2024 13:00;0,179
28.06.2024 14:00;0,208
28.06.2024 15:00;0,146
28.06.2024 16:00;0,152
28.06.2024 17:00;0,145
28.06.2024 18:00;0,151
28.06.2024 19:00;0,603
28.06.2024 20:00;0,195
28.06.2024 21:00;0,256
28.06.2024 22:00;0,144
28.06.2024 23:00;0,143
29.06.2024 00:00;0,216
29.06.2024 01:00;0,193
29.06.2024 02:00;0,201
29.06.2024 03:00;0,54
29.06.2024 04:00;0,46
29.06.2024 05:00;0,46
29.06.2024 06:00;0,5
29.06.2024 07:00;0,49
29.06.2024 08:00;0,23
29.06.2024 09:00;0,99
29.06.2024 10:00;0,146
29.06.2024 11:00;0,252
29.06.2024 12:00;0,79
29.06.2024 13:00;0,81
29.06.2024 14:00;0,206
29.06.2024 15:00;0,85
29.06.2024 16:00;0,234
29.06.2024 17:00;0,152
29.06.2024 18:00;0,92
29.06.2024 19:00;0,95
29.06.2024 20:00;0,295
29.06.2024 21:00;0,278
29.06.2024 22:00;0,143
29.06.2024 23:00;0,144
30.06.2024 00:00;0,212
30.06.2024 01:00;0,196
30.06.2024 02:00;0,183
30.06.2024 03:00;0,73
30.06.2024 04:00;0,54
30.06.2024 05:00;0,54
30.06.2024 06:00;0,54
30.06.2024 07:00;0,109
30.06.2024 08:00;1,654
30.06.2024 09:00;0,14
30.06.2024 10:00;0,205
30.06.2024 11:00;0,293
30.06.2024 12:00;0,141
30.06.2024 13:00;0,195
30.06.2024 14:00;0,528
30.06.2024 15:00;0,381
30.06.2024 16:00;0,116
30.06.2024 17:00;0,115
30.06.2024 18:00;2,818
30.06.2024 19:00;3,382
30.06.2024 20:00;1,182
30.06.2024 21:00;0,112
30.06.2024 22:00;0,162
30.06.2024 23:00;0,171
01.07.2024 00:00;0,206
01.07.2024 01:00;0,204
01.07.2024 02:00;0,187
01.07.2024 03:00;0,137
01.07.2024 04:00;0,75
01.07.2024 05:00;0,127
01.07.2024 06:00;0,178
01.07.2024 07:00;0,104
01.07.2024 08:00;0,147
01.07.2024 09:00;0,12
01.07.2024 10:00;0,171
01.07.2024 11:00;0,149
01.07.2024 12:00;0,102
01.07.2024 13:00;0,191
01.07.2024 14:00;0,165
01.07.2024 15:00;0,113
01.07.2024 16:00;0,21
01.07.2024 17:00;0,247
01.07.2024 18:00;0,125
01.07.2024 19:00;0,933
01.07.2024 20:00;0,285
01.07.2024 21:00;0,95
01.07.2024 22:00;0,86
01.07.2024 23:00;0,121
02.07.2024 00:00;0,194
02.07.2024 01:00;0,177
02.07.2024 02:00;0,172
02.07.2024 03:00;0,62
02.07.2024 04:00;0,45
02.07.2024 05:00;0,91
02.07.2024 06:00;0,48
02.07.2024 07:00;0,367
02.07.2024 08:00;0,162
02.07.2024 09:00;0,66
02.07.2024 10:00;0,67
02.07.2024 11:00;0,103
02.07.2024 12:00;0,163
02.07.2024 13:00;0,181
02.07.2024 14:00;0,97
02.07.2024 15:00;0,267
02.07.2024 16:00;0,257
02.07.2024 17:00;0,77
02.07.2024 18:00;0,802
02.07.2024 19:00;0,93
02.07.2024 20:00;0,174
02.07.2024 21:00;0,171
02.07.2024 22:00;0,79
02.07.2024 23:00;0,121
03.07.2024 00:00;0,256
03.07.2024 01:00;0,299
03.07.2024 02:00;0,188
03.07.2024 03:00;0,106
03.07.2024 04:00;0,6
03.07.2024 05:00;0,52
03.07.2024 06:00;0,44
03.07.2024 07:00;0,434
03.07.2024 08:00;0,146
03.07.2024 09:00;0,65
03.07.2024 10:00;0,198
03.07.2024 11:00;2,592
03.07.2024 12:00;0,193
03.07.2024 13:00;0,164
03.07.2024 14:00;1,721
03.07.2024 15:00;2,903
03.07.2024 16:00;2,111
03.07.2024 17:00;1,598
03.07.2024 18:00;0,652
03.07.2024 19:00;0,15
03.07.2024 20:00;0,8
03.07.2024 21:00;0,124
03.07.2024 22:00;0,85
03.07.2024 23:00;0,196
04.07.2024 00:00;0,202
04.07.2024 01:00;0,196
04.07.2024 02:00;0,188
04.07.2024 03:00;0,82
04.07.2024 04:00;0,52
04.07.2024 05:00;0,48
04.07.2024 06:00;0,192
04.07.2024 07:00;0,257
04.07.2024 08:00;0,78
04.07.2024 09:00;0,64
04.07.2024 10:00;0,128
04.07.2024 11:00;0,165
04.07.2024 12:00;0,165
04.07.2024 13:00;0,166
04.07.2024 14:00;0,235
04.07.2024 15:00;0,116
04.07.2024 16:00;0,321
04.07.2024 17:00;0,1
04.07.2024 18:00;0,161
04.07.2024 19:00;0,179
04.07.2024 20:00;0,119
04.07.2024 21:00;0,154
04.07.2024 22:00;0,173
04.07.2024 23:00;0,197
05.07.2024 00:00;0,216
05.07.2024 01:00;0,219
05.07.2024 02:00;0,168
05.07.2024 03:00;0,75
05.07.2024 04:00;0,43
05.07.2024 05:00;0,42
05.07.2024 06:00;0,52
05.07.2024 07:00;0,204
05.07.2024 08:00;0,108
05.07.2024 09:00;0,125
05.07.2024 10:00;0,75
05.07.2024 11:00;0,193
05.07.2024 12:00;0,152
05.07.2024 13:00;0,241
05.07.2024 14:00;0,155
05.07.2024 15:00;0,94
05.07.2024 16:00;0,102
05.07.2024 17:00;0,124
05.07.2024 18:00;1,38
05.07.2024 19:00;0,156
05.07.2024 20:00;0,138
05.07.2024 21:00;0,306
05.07.2024 22:00;0,167
05.07.2024 23:00;0,272
06.07.2024 00:00;0,226
06.07.2024 01:00;0,226
06.07.2024 02:00;0,218
06.07.2024 03:00;0,117
06.07.2024 04:00;0,58
06.07.2024 05:00;0,57
06.07.2024 06:00;0,55
06.07.2024 07:00;0,166
06.07.2024 08:00;0,69
06.07.2024 09:00;0,228
06.07.2024 10:00;0,185
06.07.2024 11:00;0,164
06.07.2024 12:00;0,165
06.07.2024 13:00;0,207
06.07.2024 14:00;0,19
06.07.2024 15:00;0,113
06.07.2024 16:00;0,124
06.07.2024 17:00;0,734
06.07.2024 18:00;0,142
06.07.2024 19:00;0,173
06.07.2024 20:00;0,105
06.07.2024 21:00;0,107
06.07.2024 22:00;0,201
06.07.2024 23:00;0,187
07.07.2024 00:00;0,23
07.07.2024 01:00;0,225
07.07.2024 02:00;0,235
07.07.2024 03:00;0,152
07.07.2024 04:00;0,68
07.07.2024 05:00;0,62
07.07.2024 06:00;0,62
07.07.2024 07:00;0,143
07.07.2024 08:00;1,457
07.07.2024 09:00;0,76
07.07.2024 10:00;0,79
07.07.2024 11:00;0,85
07.07.2024 12:00;0,197
07.07.2024 13:00;0,171
07.07.2024 14:00;0,168
07.07.2024 15:00;0,177
07.07.2024 16:00;0,934
07.07.2024 17:00;6,552
07.07.2024 18:00;2,626
07.07.2024 19:00;1,113
07.07.2024 20:00;0,206
07.07.2024 21:00;0,12
07.07.2024 22:00;0,102
07.07.2024 23:00;0,186
08.07.2024 00:00;0,253
08.07.2024 01:00;0,217
08.07.2024 02:00;0,225
08.07.2024 03:00;0,14
08.07.2024 04:00;0,65
08.07.2024 05:00;0,73
08.07.2024 06:00;0,283
08.07.2024 07:00;0,229
08.07.2024 08:00;0,66
08.07.2024 09:00;0,101
08.07.2024 10:00;0,65
08.07.2024 11:00;0,61
08.07.2024 12:00;0,74
08.07.2024 13:00;0,148
08.07.2024 14:00;0,162
08.07.2024 15:00;0,103
08.07.2024 16:00;0,289
08.07.2024 17:00;0,315
08.07.2024 18:00;0,108
08.07.2024 19:00;0,345
08.07.2024 20:00;0,123
08.07.2024 21:00;0,148
08.07.2024 22:00;0,13
08.07.2024 23:00;0,194
09.07.2024 00:00;0,232
09.07.2024 01:00;0,22
09.07.2024 02:00;0,215
09.07.2024 03:00;0,111
09.07.2024 04:00;0,66
09.07.2024 05:00;0,68
09.07.2024 06:00;0,238
09.07.2024 07:00;0,7
09.07.2024 08:00;0,67
09.07.2024 09:00;0,73
09.07.2024 10:00;0,118
09.07.2024 11:00;0,94
09.07.2024 12:00;0,81
09.07.2024 13:00;0,163
09.07.2024 14:00;0,142
09.07.2024 15:00;0,111
09.07.2024 16:00;0,163
09.07.2024 17:00;0,304
09.07.2024 18:00;0,931
09.07.2024 19:00;0,107
09.07.2024 20:00;0,111
09.07.2024 21:00;0,175
09.07.2024 22:00;0,106
09.07.2024 23:00;0,173
10.07.2024 00:00;0,226
10.07.2024 01:00;0,271
10.07.2024 02:00;0,228
10.07.2024 03:00;0,142
10.07.2024 04:00;0,9
10.07.2024 05:00;0,77
10.07.2024 06:00;0,249
10.07.2024 07:00;0,248
10.07.2024 08:00;0,12
10.07.2024 09:00;0,127
10.07.2024 10:00;0,82
10.07.2024 11:00;0,68
10.07.2024 12:00;0,82
10.07.2024 13:00;0,73
10.07.2024 14:00;0,158
10.07.2024 15:00;0,247
10.07.2024 16:00;0,187
10.07.2024 17:00;0,492
10.07.2024 18:00;0,69
10.07.2024 19:00;0,92
10.07.2024 20:00;0,105
10.07.2024 21:00;0,184
10.07.2024 22:00;0,199
10.07.2024 23:00;0,197
11.07.2024 00:00;0,229
11.07.2024 01:00;0,273
11.07.2024 02:00;0,263
11.07.2024 03:00;0,205
11.07.2024 04:00;0,67
11.07.2024 05:00;0,7
11.07.2024 06:00;0,226
11.07.2024 07:00;0,143
11.07.2024 08:00;0,138
11.07.2024 09:00;0,78
11.07.2024 10:00;0,127
11.07.2024 11:00;0,163
11.07.2024 12:00;0,611
11.07.2024 13:00;0,74
11.07.2024 14:00;1,802
11.07.2024 15:00;0,213
11.07.2024 16:00;0,79
11.07.2024 17:00;0,444
11.07.2024 18:00;0,215
11.07.2024 19:00;0,154
11.07.2024 20:00;0,184
11.07.2024 21:00;0,119
11.07.2024 22:00;0,123
11.07.2024 23:00;0,158
12.07.2024 00:00;0,206
12.07.2024 01:00;0,2
12.07.2024 02:00;0,177
12.07.2024 03:00;0,134
12.07.2024 04:00;0,57
12.07.2024 05:00;0,49
12.07.2024 06:00;0,46
12.07.2024 07:00;0,183
12.07.2024 08:00;0,94
12.07.2024 09:00;0,114
12.07.2024 10:00;0,67
12.07.2024 11:00;0,333
12.07.2024 12:00;0,297
12.07.2024 13:00;0,77
12.07.2024 14:00;0,75
12.07.2024 15:00;0,73
12.07.2024 16:00;0,8
12.07.2024 17:00;0,164
12.07.2024 18:00;1,49
12.07.2024 19:00;0,76
12.07.2024 20:00;0,142
12.07.2024 21:00;0,68
12.07.2024 22:00;0,161
12.07.2024 23:00;0,152
13.07.2024 00:00;0,166
13.07.2024 01:00;0,168
13.07.2024 02:00;0,17
13.07.2024 03:00;0,223
13.07.2024 04:00;0,109
13.07.2024 05:00;0,53
13.07.2024 06:00;0,93
13.07.2024 07:00;0,58
13.07.2024 08:00;0,181
13.07.2024 09:00;0,65
13.07.2024 10:00;0,219
13.07.2024 11:00;0,153
13.07.2024 12:00;0,48
13.07.2024 13:00;0,54
13.07.2024 14:00;0,47
13.07.2024 15:00;0,47
13.07.2024 16:00;2,126
13.07.2024 17:00;2,171
13.07.2024 18:00;0,77
13.07.2024 19:00;0,72
13.07.2024 20:00;0,2
13.07.2024 21:00;0,101
13.07.2024 22:00;0,121
13.07.2024 23:00;0,181
14.07.2024 00:00;0,166
14.07.2024 01:00;0,175
14.07.2024 02:00;0,227
14.07.2024 03:00;0,226
14.07.2024 04:00;0,98
14.07.2024 05:00;0,66
14.07.2024 06:00;0,71
14.07.2024 07:00;0,9
14.07.2024 08:00;1,33
14.07.2024 09:00;0,292
14.07.2024 10:00;0,145
14.07.2024 11:00;0,89
14.07.2024 12:00;0,103
14.07.2024 13:00;0,1
14.07.2024 14:00;0,114
14.07.2024 15:00;0,532
14.07.2024 16:00;0,301
14.07.2024 17:00;0,336
14.07.2024 18:00;4,858
14.07.2024 19:00;2,322
14.07.2024 20:00;0,135
14.07.2024 21:00;0,69
14.07.2024 22:00;0,61
14.07.2024 23:00;0,206
15.07.2024 00:00;0,171
15.07.2024 01:00;0,171
15.07.2024 02:00;0,167
15.07.2024 03:00;0,134
15.07.2024 04:00;0,47
15.07.2024 05:00;0,5
15.07.2024 06:00;0,208
15.07.2024 07:00;0,157
15.07.2024 08:00;0,66
15.07.2024 09:00;0,128
15.07.2024 10:00;0,69
15.07.2024 11:00;0,73
15.07.2024 12:00;0,188
15.07.2024 13:00;0,109
15.07.2024 14:00;0,148
15.07.2024 15:00;0,105
15.07.2024 16:00;0,116
15.07.2024 17:00;0,508
15.07.2024 18:00;0,36
15.07.2024 19:00;0,272
15.07.2024 20:00;0,129
15.07.2024 21:00;0,12
15.07.2024 22:00;0,162
15.07.2024 23:00;0,274
16.07.2024 00:00;0,225
16.07.2024 01:00;0,252
16.07.2024 02:00;0,199
16.07.2024 03:00;0,157
16.07.2024 04:00;0,33
16.07.2024 05:00;0,41
16.07.2024 06:00;0,128
16.07.2024 07:00;0,382
16.07.2024 08:00;0,58
16.07.2024 09:00;0,15
16.07.2024 10:00;0,64
16.07.2024 11:00;0,68
16.07.2024 12:00;0,13
16.07.2024 13:00;0,135
16.07.2024 14:00;0,238
16.07.2024 15:00;0,241
16.07.2024 16:00;0,452
16.07.2024 17:00;0,599
16.07.2024 18:00;0,988
16.07.2024 19:00;0,75
16.07.2024 20:00;0,179
16.07.2024 21:00;0,97
16.07.2024 22:00;0,88
16.07.2024 23:00;0,215
17.07.2024 00:00;0,212
17.07.2024 01:00;0,203
17.07.2024 02:00;0,195
17.07.2024 03:00;0,169
17.07.2024 04:00;0,46
17.07.2024 05:00;0,54
17.07.2024 06:00;0,176
17.07.2024 07:00;0,55
17.07.2024 08:00;0,82
17.07.2024 09:00;0,85
17.07.2024 10:00;0,92
17.07.2024 11:00;0,73
17.07.2024 12:00;0,184
17.07.2024 13:00;0,132
17.07.2024 14:00;0,135
17.07.2024 15:00;0,106
17.07.2024 16:00;0,9
17.07.2024 17:00;0,546
17.07.2024 18:00;0,168
17.07.2024 19:00;0,174
17.07.2024 20:00;0,151
17.07.2024 21:00;0,102
17.07.2024 22:00;0,95
17.07.2024 23:00;0,241
18.07.2024 00:00;0,313
18.07.2024 01:00;0,223
18.07.2024 02:00;0,195
18.07.2024 03:00;0,172
18.07.2024 04:00;0,79
18.07.2024 05:00;0,79
18.07.2024 06:00;0,171
18.07.2024 07:00;0,177
18.07.2024 08:00;0,88
18.07.2024 09:00;0,83
18.07.2024 10:00;0,8
18.07.2024 11:00;0,171
18.07.2024 12:00;0,93
18.07.2024 13:00;0,141
18.07.2024 14:00;0,238
18.07.2024 15:00;0,97
18.07.2024 16:00;0,94
18.07.2024 17:00;0,415
18.07.2024 18:00;0,718
18.07.2024 19:00;0,156
18.07.2024 20:00;0,143
18.07.2024 21:00;0,173
18.07.2024 22:00;0,143
18.07.2024 23:00;0,222
19.07.2024 00:00;0,294
19.07.2024 01:00;0,2
19.07.2024 02:00;0,181
19.07.2024 03:00;0,162
19.07.2024 04:00;0,45
19.07.2024 05:00;0,52
19.07.2024 06:00;0,45
19.07.2024 07:00;0,124
19.07.2024 08:00;0,12
19.07.2024 09:00;0,103
19.07.2024 10:00;0,63
19.07.2024 11:00;0,137
19.07.2024 12:00;0,66
19.07.2024 13:00;0,69
19.07.2024 14:00;0,205
19.07.2024 15:00;0,156
19.07.2024 16:00;0,206
19.07.2024 17:00;0,159
19.07.2024 18:00;0,115
19.07.2024 19:00;0,132
19.07.2024 20:00;0,99
19.07.2024 21:00;0,87
19.07.2024 22:00;0,11
19.07.2024 23:00;0,204
20.07.2024 00:00;0,25
20.07.2024 01:00;0,295
20.07.2024 02:00;0,209
20.07.2024 03:00;0,206
20.07.2024 04:00;0,103
20.07.2024 05:00;0,99
20.07.2024 06:00;0,46
20.07.2024 07:00;0,175
20.07.2024 08:00;0,57
20.07.2024 09:00;0,115
20.07.2024 10:00;0,114
20.07.2024 11:00;0,128
20.07.2024 12:00;0,328
20.07.2024 13:00;0,162
20.07.2024 14:00;0,49
20.07.2024 15:00;0,129
20.07.2024 16:00;0,352
20.07.2024 17:00;0,306
20.07.2024 18:00;0,933
20.07.2024 19:00;0,98
20.07.2024 20:00;0,152
20.07.2024 21:00;0,204
20.07.2024 22:00;0,25
20.07.2024 23:00;0,345
21.07.2024 00:00;0,274
21.07.2024 01:00;0,221
21.07.2024 02:00;0,229
21.07.2024 03:00;0,201
21.07.2024 04:00;0,101
21.07.2024 05:00;0,78
21.07.2024 06:00;0,47
21.07.2024 07:00;0,47
21.07.2024 08:00;0,59
21.07.2024 09:00;0,991
21.07.2024 10:00;0,975
21.07.2024 11:00;0,114
21.07.2024 12:00;0,74
21.07.2024 13:00;0,211
21.07.2024 14:00;0,98
21.07.2024 15:00;0,152
21.07.2024 16:00;0,106
21.07.2024 17:00;0,101
21.07.2024 18:00;2,632
21.07.2024 19:00;2,501
21.07.2024 20:00;0,853
21.07.2024 21:00;0,107
21.07.2024 22:00;0,101
21.07.2024 23:00;0,222
22.07.2024 00:00;0,217
22.07.2024 01:00;0,212
22.07.2024 02:00;0,205
22.07.2024 03:00;0,192
22.07.2024 04:00;0,82
22.07.2024 05:00;0,56
22.07.2024 06:00;0,147
22.07.2024 07:00;0,102
22.07.2024 08:00;0,125
22.07.2024 09:00;0,106
22.07.2024 10:00;0,372
22.07.2024 11:00;0,86
22.07.2024 12:00;0,77
22.07.2024 13:00;0,195
22.07.2024 14:00;0,8
22.07.2024 15:00;0,75
22.07.2024 16:00;0,156
22.07.2024 17:00;0,319
22.07.2024 18:00;0,708
22.07.2024 19:00;0,186
22.07.2024 20:00;0,98
22.07.2024 21:00;0,102
22.07.2024 22:00;0,153
22.07.2024 23:00;0,291
23.07.2024 00:00;0,232
23.07.2024 01:00;0,204
23.07.2024 02:00;0,206
23.07.2024 03:00;0,242
23.07.2024 04:00;0,109
23.07.2024 05:00;0,94
23.07.2024 06:00;0,186
23.07.2024 07:00;0,194
23.07.2024 08:00;0,134
23.07.2024 09:00;0,136
23.07.2024 10:00;0,409
23.07.2024 11:00;0,115
23.07.2024 12:00;0,231
23.07.2024 13:00;0,77
23.07.2024 14:00;0,83
23.07.2024 15:00;0,75
23.07.2024 16:00;0,93
23.07.2024 17:00;0,962
23.07.2024 18:00;0,642
23.07.2024 19:00;0,223
23.07.2024 20:00;0,145
23.07.2024 21:00;0,186
23.07.2024 22:00;0,12
23.07.2024 23:00;0,261
24.07.2024 00:00;0,197
24.07.2024 01:00;0,189
24.07.2024 02:00;0,294
24.07.2024 03:00;0,211
24.07.2024 04:00;0,85
24.07.2024 05:00;0,157
24.07.2024 06:00;0,161
24.07.2024 07:00;0,23
24.07.2024 08:00;0,145
24.07.2024 09:00;0,63
24.07.2024 10:00;0,103
24.07.2024 11:00;0,103
24.07.2024 12:00;0,95
24.07.2024 13:00;0,99
24.07.2024 14:00;0,118
24.07.2024 15:00;0,205
24.07.2024 16:00;0,102
24.07.2024 17:00;0,793
24.07.2024 18:00;0,94
24.07.2024 19:00;0,145
24.07.2024 20:00;0,247
24.07.2024 21:00;0,25
24.07.2024 22:00;0,241
24.07.2024 23:00;0,191
25.07.2024 00:00;0,178
25.07.2024 01:00;0,169
25.07.2024 02:00;0,17
25.07.2024 03:00;0,17
25.07.2024 04:00;0,54
25.07.2024 05:00;0,5
25.07.2024 06:00;0,227
25.07.2024 07:00;0,148
25.07.2024 08:00;0,68
25.07.2024 09:00;0,152
25.07.2024 10:00;0,167
25.07.2024 11:00;0,15
25.07.2024 12:00;0,165
25.07.2024 13:00;0,106
25.07.2024 14:00;0,176
25.07.2024 15:00;0,732
25.07.2024 16:00;0,276
25.07.2024 17:00;0,97
25.07.2024 18:00;0,148
25.07.2024 19:00;0,101
25.07.2024 20:00;0,5
25.07.2024 21:00;0,72
25.07.2024 22:00;0,239
25.07.2024 23:00;0,194
26.07.2024 00:00;0,165
26.07.2024 01:00;0,166
26.07.2024 02:00;0,174
26.07.2024 03:00;0,18
26.07.2024 04:00;0,55
26.07.2024 05:00;0,46
26.07.2024 06:00;0,145
26.07.2024 07:00;0,143
26.07.2024 08:00;0,181
26.07.2024 09:00;0,22
26.07.2024 10:00;0,81
26.07.2024 11:00;0,109
26.07.2024 12:00;0,85
26.07.2024 13:00;0,82
26.07.2024 14:00;0,253
26.07.2024 15:00;0,109
26.07.2024 16:00;0,73
26.07.2024 17:00;0,638
26.07.2024 18:00;0,18
26.07.2024 19:00;0,206
26.07.2024 20:00;0,181
26.07.2024 21:00;0,138
26.07.2024 22:00;0,224
26.07.2024 23:00;0,248
27.07.2024 00:00;0,215
27.07.2024 01:00;0,189
27.07.2024 02:00;0,172
27.07.2024 03:00;0,167
27.07.2024 04:00;0,57
27.07.2024 05:00;0,5
27.07.2024 06:00;0,49
27.07.2024 07:00;0,59
27.07.2024 08:00;0,166
27.07.2024 09:00;0,132
27.07.2024 10:00;0,376
27.07.2024 11:00;0,135
27.07.2024 12:00;0,239
27.07.2024 13:00;0,105
27.07.2024 14:00;0,282
27.07.2024 15:00;0,116
27.07.2024 16:00;0,4
27.07.2024 17:00;0,17
27.07.2024 18:00;0,272
27.07.2024 19:00;0,216
27.07.2024 20:00;0,181
27.07.2024 21:00;0,233
27.07.2024 22:00;0,205
27.07.2024 23:00;0,278
28.07.2024 00:00;0,236
28.07.2024 01:00;0,174
28.07.2024 02:00;0,192
28.07.2024 03:00;0,166
28.07.2024 04:00;0,78
28.07.2024 05:00;0,42
28.07.2024 06:00;0,42
28.07.2024 07:00;0,145
28.07.2024 08:00;0,101
28.07.2024 09:00;1,909
28.07.2024 10:00;0,299
28.07.2024 11:00;0,72
28.07.2024 12:00;0,146
28.07.2024 13:00;0,158
28.07.2024 14:00;0,153
28.07.2024 15:00;0,176
28.07.2024 16:00;0,205
28.07.2024 17:00;4,896
28.07.2024 18:00;3,732
28.07.2024 19:00;2,811
28.07.2024 20:00;0,145
28.07.2024 21:00;0,113
28.07.2024 22:00;0,176
28.07.2024 23:00;0,243
29.07.2024 00:00;0,2
29.07.2024 01:00;0,195
29.07.2024 02:00;0,188
29.07.2024 03:00;0,168
29.07.2024 04:00;0,144
29.07.2024 05:00;0,46
29.07.2024 06:00;0,186
29.07.2024 07:00;0,52
29.07.2024 08:00;0,67
29.07.2024 09:00;0,426
29.07.2024 10:00;0,68
29.07.2024 11:00;0,7
29.07.2024 12:00;0,189
29.07.2024 13:00;0,173
29.07.2024 14:00;0,158
29.07.2024 15:00;0,104
29.07.2024 16:00;0,552
29.07.2024 17:00;0,438
29.07.2024 18:00;0,17
29.07.2024 19:00;0,21
29.07.2024 20:00;0,248
29.07.2024 21:00;0,275
29.07.2024 22:00;0,263
29.07.2024 23:00;0,268
30.07.2024 00:00;0,225
30.07.2024 01:00;0,204
30.07.2024 02:00;0,202
30.07.2024 03:00;0,185
30.07.2024 04:00;0,107
30.07.2024 05:00;0,51
30.07.2024 06:00;0,257
30.07.2024 07:00;0,101
30.07.2024 08:00;0,145
30.07.2024 09:00;0,238
30.07.2024 10:00;0,69
30.07.2024 11:00;0,82
30.07.2024 12:00;0,135
30.07.2024 13:00;0,22
30.07.2024 14:00;0,335
30.07.2024 15:00;0,48
30.07.2024 16:00;0,53
30.07.2024 17:00;0,786
30.07.2024 18:00;0,236
30.07.2024 19:00;0,111
30.07.2024 20:00;0,24
30.07.2024 21:00;0,97
30.07.2024 22:00;0,261
30.07.2024 23:00;0,23
31.07.2024 00:00;0,173
31.07.2024 01:00;0,167
31.07.2024 02:00;0,164
31.07.2024 03:00;0,168
31.07.2024 04:00;0,141
31.07.2024 05:00;0,63
31.07.2024 06:00;0,198
31.07.2024 07:00;0,151
31.07.2024 08:00;0,66
31.07.2024 09:00;0,517
31.07.2024 10:00;0,72
31.07.2024 11:00;0,137
31.07.2024 12:00;0,194
31.07.2024 13:00;0,99
31.07.2024 14:00;0,195
31.07.2024 15:00;0,112
31.07.2024 16:00;0,105
31.07.2024 17:00;0,181
31.07.2024 18:00;0,597
31.07.2024 19:00;0,141
31.07.2024 20:00;0,106
31.07.2024 21:00;0,177
31.07.2024 22:00;0,209
31.07.2024 23:00;0,208
01.08.2024 00:00;0,278
01.08.2024 01:00;0,2
01.08.2024 02:00;0,187
01.08.2024 03:00;0,169
01.08.2024 04:00;0,95
01.08.2024 05:00;0,45
01.08.2024 06:00;0,217
01.08.2024 07:00;0,161
01.08.2024 08:00;0,122
01.08.2024 09:00;0,108
01.08.2024 10:00;0,66
01.08.2024 11:00;0,66
01.08.2024 12:00;0,165
01.08.2024 13:00;0,183
01.08.2024 14:00;0,98
01.08.2024 15:00;1,161
01.08.2024 16:00;0,593
01.08.2024 17:00;0,1
01.08.2024 18:00;0,226
01.08.2024 19:00;0,153
01.08.2024 20:00;0,714
01.08.2024 21:00;0,125
01.08.2024 22:00;0,255
01.08.2024 23:00;0,247
02.08.2024 00:00;0,241
02.08.2024 01:00;0,218
02.08.2024 02:00;0,203
02.08.2024 03:00;0,193
02.08.2024 04:00;0,152
02.08.2024 05:00;0,65
02.08.2024 06:00;0,198
02.08.2024 07:00;0,135
02.08.2024 08:00;0,63
02.08.2024 09:00;0,137
02.08.2024 10:00;0,362
02.08.2024 11:00;0,97
02.08.2024 12:00;0,89
02.08.2024 13:00;0,24
02.08.2024 14:00;0,19
02.08.2024 15:00;0,108
02.08.2024 16:00;0,923
02.08.2024 17:00;0,149
02.08.2024 18:00;0,54
02.08.2024 19:00;0,157
02.08.2024 20:00;0,204
02.08.2024 21:00;0,177
02.08.2024 22:00;0,228
02.08.2024 23:00;0,218
03.08.2024 00:00;0,211
03.08.2024 01:00;0,208
03.08.2024 02:00;0,204
03.08.2024 03:00;0,184
03.08.2024 04:00;0,145
03.08.2024 05:00;0,62
03.08.2024 06:00;0,211
03.08.2024 07:00;0,132
03.08.2024 08:00;0,136
03.08.2024 09:00;0,75
03.08.2024 10:00;0,179
03.08.2024 11:00;0,167
03.08.2024 12:00;0,14
03.08.2024 13:00;0,107
03.08.2024 14:00;0,109
03.08.2024 15:00;0,156
03.08.2024 16:00;0,753
03.08.2024 17:00;0,288
03.08.2024 18:00;0,151
03.08.2024 19:00;0,105
03.08.2024 20:00;0,406
03.08.2024 21:00;0,261
03.08.2024 22:00;0,257
03.08.2024 23:00;0,218
04.08.2024 00:00;0,196
04.08.2024 01:00;0,19
04.08.2024 02:00;0,192
04.08.2024 03:00;0,198
04.08.2024 04:00;0,151
04.08.2024 05:00;0,64
04.08.2024 06:00;0,17
04.08.2024 07:00;0,115
04.08.2024 08:00;0,159
04.08.2024 09:00;0,803
04.08.2024 10:00;0,143
04.08.2024 11:00;0,153
04.08.2024 12:00;0,14
04.08.2024 13:00;0,235
04.08.2024 14:00;0,191
04.08.2024 15:00;0,88
04.08.2024 16:00;1,258
04.08.2024 17:00;0,402
04.08.2024 18:00;0,132
04.08.2024 19:00;0,142
04.08.2024 20:00;0,175
04.08.2024 21:00;0,91
04.08.2024 22:00;0,281
04.08.2024 23:00;0,32
05.08.2024 00:00;0,21
05.08.2024 01:00;0,205
05.08.2024 02:00;0,201
05.08.2024 03:00;0,197
05.08.2024 04:00;0,19
05.08.2024 05:00;0,71
05.08.2024 06:00;0,501
05.08.2024 07:00;0,156
05.08.2024 08:00;0,75
05.08.2024 09:00;0,69
05.08.2024 10:00;0,68
05.08.2024 11:00;0,68
05.08.2024 12:00;0,224
05.08.2024 13:00;0,114
05.08.2024 14:00;0,136
05.08.2024 15:00;0,1
05.08.2024 16:00;0,101
05.08.2024 17:00;0,254
05.08.2024 18:00;0,381
05.08.2024 19:00;0,927
05.08.2024 20:00;0,107
05.08.2024 21:00;0,156
05.08.2024 22:00;0,424
05.08.2024 23:00;0,204
06.08.2024 00:00;0,204
06.08.2024 01:00;0,21
06.08.2024 02:00;0,205
06.08.2024 03:00;0,199
06.08.2024 04:00;0,149
06.08.2024 05:00;0,51
06.08.2024 06:00;0,25
06.08.2024 07:00;0,138
06.08.2024 08:00;0,66
06.08.2024 09:00;0,8
06.08.2024 10:00;0,74
06.08.2024 11:00;0,73
06.08.2024 12:00;0,135
06.08.2024 13:00;0,262
06.08.2024 14:00;0,153
06.08.2024 15:00;0,105
06.08.2024 16:00;0,105
06.08.2024 17:00;1,278
06.08.2024 18:00;0,316
06.08.2024 19:00;0,18
06.08.2024 20:00;0,168
06.08.2024 21:00;0,114
06.08.2024 22:00;0,284
06.08.2024 23:00;0,253
07.08.2024 00:00;0,266
07.08.2024 01:00;0,21
07.08.2024 02:00;0,277
07.08.2024 03:00;0,184
07.08.2024 04:00;0,13
07.08.2024 05:00;0,49
07.08.2024 06:00;0,182
07.08.2024 07:00;0,409
07.08.2024 08:00;0,64
07.08.2024 09:00;0,65
07.08.2024 10:00;0,89
07.08.2024 11:00;0,97
07.08.2024 12:00;0,71
07.08.2024 13:00;0,73
07.08.2024 14:00;0,222
07.08.2024 15:00;0,106
07.08.2024 16:00;0,86
07.08.2024 17:00;0,61
07.08.2024 18:00;0,714
07.08.2024 19:00;0,75
07.08.2024 20:00;0,203
07.08.2024 21:00;0,158
07.08.2024 22:00;0,22
07.08.2024 23:00;0,209
08.08.2024 00:00;0,21
08.08.2024 01:00;0,215
08.08.2024 02:00;0,207
08.08.2024 03:00;0,198
08.08.2024 04:00;0,154
08.08.2024 05:00;0,55
08.08.2024 06:00;0,208
08.08.2024 07:00;0,156
08.08.2024 08:00;0,119
08.08.2024 09:00;0,88
08.08.2024 10:00;0,68
08.08.2024 11:00;0,131
08.08.2024 12:00;0,67
08.08.2024 13:00;0,107
08.08.2024 14:00;0,169
08.08.2024 15:00;0,142
08.08.2024 16:00;0,109
08.08.2024 17:00;0,62
08.08.2024 18:00;0,222
08.08.2024 19:00;0,261
08.08.2024 20:00;0,191
08.08.2024 21:00;0,172
08.08.2024 22:00;0,244
08.08.2024 23:00;0,201
09.08.2024 00:00;0,214
09.08.2024 01:00;0,267
09.08.2024 02:00;0,211
09.08.2024 03:00;0,19
09.08.2024 04:00;0,136
09.08.2024 05:00;0,45
09.08.2024 06:00;0,201
09.08.2024 07:00;0,124
09.08.2024 08:00;0,67
09.08.2024 09:00;0,67
09.08.2024 10:00;0,64
09.08.2024 11:00;0,112
09.08.2024 12:00;0,62
09.08.2024 13:00;0,69
09.08.2024 14:00;0,161
09.08.2024 15:00;0,87
09.08.2024 16:00;0,85
09.08.2024 17:00;0,238
09.08.2024 18:00;0,868
09.08.2024 19:00;0,107
09.08.2024 20:00;0,177
09.08.2024 21:00;0,209
09.08.2024 22:00;0,245
09.08.2024 23:00;0,253
10.08.2024 00:00;0,209
10.08.2024 01:00;0,2
10.08.2024 02:00;0,196
10.08.2024 03:00;0,198
10.08.2024 04:00;0,191
10.08.2024 05:00;0,53
10.08.2024 06:00;0,153
10.08.2024 07:00;0,86
10.08.2024 08:00;0,108
10.08.2024 09:00;0,139
10.08.2024 10:00;0,67
10.08.2024 11:00;0,148
10.08.2024 12:00;0,7
10.08.2024 13:00;0,66
10.08.2024 14:00;0,379
10.08.2024 15:00;0,818
10.08.2024 16:00;0,146
10.08.2024 17:00;0,184
10.08.2024 18:00;0,268
10.08.2024 19:00;0,161
10.08.2024 20:00;0,541
10.08.2024 21:00;0,356
10.08.2024 22:00;0,309
10.08.2024 23:00;0,244
11.08.2024 00:00;0,201
11.08.2024 01:00;0,211
11.08.2024 02:00;0,203
11.08.2024 03:00;0,194
11.08.2024 04:00;0,192
11.08.2024 05:00;0,5
11.08.2024 06:00;0,51
11.08.2024 07:00;0,143
11.08.2024 08:00;0,96
11.08.2024 09:00;1,437
11.08.2024 10:00;0,146
11.08.2024 11:00;0,76
11.08.2024 12:00;0,128
11.08.2024 13:00;0,74
11.08.2024 14:00;0,76
11.08.2024 15:00;0,72
11.08.2024 16:00;0,561
11.08.2024 17:00;0,818
11.08.2024 18:00;3,639
11.08.2024 19:00;2,65
11.08.2024 20:00;1,508
11.08.2024 21:00;0,168
11.08.2024 22:00;0,327
11.08.2024 23:00;0,329
12.08.2024 00:00;0,21
12.08.2024 01:00;0,207
12.08.2024 02:00;0,203
12.08.2024 03:00;0,202
12.08.2024 04:00;0,217
12.08.2024 05:00;0,139
12.08.2024 06:00;0,166
12.08.2024 07:00;0,506
12.08.2024 08:00;0,162
12.08.2024 09:00;0,1
12.08.2024 10:00;0,147
12.08.2024 11:00;0,104
12.08.2024 12:00;0,99
12.08.2024 13:00;0,151
12.08.2024 14:00;0,149
12.08.2024 15:00;0,105
12.08.2024 16:00;0,362
12.08.2024 17:00;0,95
12.08.2024 18:00;0,102
12.08.2024 19:00;1,626
12.08.2024 20:00;0,194
12.08.2024 21:00;0,108
12.08.2024 22:00;0,174
12.08.2024 23:00;0,168
13.08.2024 00:00;0,166
13.08.2024 01:00;0,167
13.08.2024 02:00;0,167
13.08.2024 03:00;0,163
13.08.2024 04:00;0,151
13.08.2024 05:00;0,97
13.08.2024 06:00;0,197
13.08.2024 07:00;0,443
13.08.2024 08:00;0,13
13.08.2024 09:00;0,218
13.08.2024 10:00;0,112
13.08.2024 11:00;0,99
13.08.2024 12:00;0,102
13.08.2024 13:00;0,105
13.08.2024 14:00;0,144
13.08.2024 15:00;0,136
13.08.2024 16:00;0,129
13.08.2024 17:00;0,541
13.08.2024 18:00;0,619
13.08.2024 19:00;0,367
13.08.2024 20:00;0,94
13.08.2024 21:00;0,173
13.08.2024 22:00;0,211
13.08.2024 23:00;0,17
14.08.2024 00:00;0,173
14.08.2024 01:00;0,177
14.08.2024 02:00;0,221
14.08.2024 03:00;0,183
14.08.2024 04:00;0,152
14.08.2024 05:00;0,46
14.08.2024 06:00;0,137
14.08.2024 07:00;0,62
14.08.2024 08:00;0,76
14.08.2024 09:00;0,133
14.08.2024 10:00;0,165
14.08.2024 11:00;0,336
14.08.2024 12:00;0,162
14.08.2024 13:00;0,92
14.08.2024 14:00;0,104
14.08.2024 15:00;0,92
14.08.2024 16:00;0,88
14.08.2024 17:00;0,669
14.08.2024 18:00;0,2
14.08.2024 19:00;0,157
14.08.2024 20:00;0,221
14.08.2024 21:00;0,172
14.08.2024 22:00;0,222
14.08.2024 23:00;0,185
15.08.2024 00:00;0,166
15.08.2024 01:00;0,165
15.08.2024 02:00;0,172
15.08.2024 03:00;0,168
15.08.2024 04:00;0,16
15.08.2024 05:00;0,44
15.08.2024 06:00;0,146
15.08.2024 07:00;0,98
15.08.2024 08:00;0,106
15.08.2024 09:00;0,67
15.08.2024 10:00;0,66
15.08.2024 11:00;0,206
15.08.2024 12:00;0,14
15.08.2024 13:00;0,184
15.08.2024 14:00;0,158
15.08.2024 15:00;0,117
15.08.2024 16:00;0,1
15.08.2024 17:00;0,629
15.08.2024 18:00;0,58
15.08.2024 19:00;0,96
15.08.2024 20:00;0,99
15.08.2024 21:00;0,145
15.08.2024 22:00;0,269
15.08.2024 23:00;0,35
16.08.2024 00:00;0,21
16.08.2024 01:00;0,185
16.08.2024 02:00;0,202
16.08.2024 03:00;0,203
16.08.2024 04:00;0,189
16.08.2024 05:00;0,81
16.08.2024 06:00;0,166
16.08.2024 07:00;0,215
16.08.2024 08:00;0,73
16.08.2024 09:00;0,1
16.08.2024 10:00;0,176
16.08.2024 11:00;0,107
16.08.2024 12:00;0,192
16.08.2024 13:00;0,95
16.08.2024 14:00;0,102
16.08.2024 15:00;0,349
16.08.2024 16:00;0,187
16.08.2024 17:00;0,737
16.08.2024 18:00;0,33
16.08.2024 19:00;0,192
16.08.2024 20:00;0,126
16.08.2024 21:00;0,24
16.08.2024 22:00;0,248
16.08.2024 23:00;0,219
17.08.2024 00:00;0,212
17.08.2024 01:00;0,239
17.08.2024 02:00;0,217
17.08.2024 03:00;0,198
17.08.2024 04:00;0,192
17.08.2024 05:00;0,105
17.08.2024 06:00;0,129
17.08.2024 07:00;0,177
17.08.2024 08:00;0,122
17.08.2024 09:00;0,182
17.08.2024 10:00;0,73
17.08.2024 11:00;0,74
17.08.2024 12:00;0,92
17.08.2024 13:00;0,84
17.08.2024 14:00;0,65
17.08.2024 15:00;0,241
17.08.2024 16:00;0,168
17.08.2024 17:00;0,147
17.08.2024 18:00;0,19
17.08.2024 19:00;0,77
17.08.2024 20:00;0,126
17.08.2024 21:00;0,162
17.08.2024 22:00;0,326
17.08.2024 23:00;0,412
18.08.2024 00:00;0,383
18.08.2024 01:00;0,354
18.08.2024 02:00;0,323
18.08.2024 03:00;0,327
18.08.2024 04:00;0,312
18.08.2024 05:00;0,292
18.08.2024 06:00;0,158
18.08.2024 07:00;0,2
18.08.2024 08:00;1,103
18.08.2024 09:00;0,109
18.08.2024 10:00;0,94
18.08.2024 11:00;0,121
18.08.2024 12:00;0,83
18.08.2024 13:00;0,65
18.08.2024 14:00;0,97
18.08.2024 15:00;0,8
18.08.2024 16:00;0,69
18.08.2024 17:00;0,74
18.08.2024 18:00;6,25
18.08.2024 19:00;3,486
18.08.2024 20:00;1,796
18.08.2024 21:00;0,265
18.08.2024 22:00;0,238
18.08.2024 23:00;0,22
19.08.2024 00:00;0,215
19.08.2024 01:00;0,204
19.08.2024 02:00;0,253
19.08.2024 03:00;0,199
19.08.2024 04:00;0,19
19.08.2024 05:00;0,165
19.08.2024 06:00;0,258
19.08.2024 07:00;0,248
19.08.2024 08:00;0,69
19.08.2024 09:00;0,68
19.08.2024 10:00;0,77
19.08.2024 11:00;0,145
19.08.2024 12:00;0,95
19.08.2024 13:00;0,169
19.08.2024 14:00;0,112
19.08.2024 15:00;0,166
19.08.2024 16:00;0,91
19.08.2024 17:00;0,162
19.08.2024 18:00;0,9
19.08.2024 19:00;1,61
19.08.2024 20:00;0,243
19.08.2024 21:00;0,201
19.08.2024 22:00;0,315
19.08.2024 23:00;0,233
20.08.2024 00:00;0,22
20.08.2024 01:00;0,213
20.08.2024 02:00;0,214
20.08.2024 03:00;0,202
20.08.2024 04:00;0,196
20.08.2024 05:00;0,152
20.08.2024 06:00;0,75
20.08.2024 07:00;0,195
20.08.2024 08:00;0,77
20.08.2024 09:00;0,164
20.08.2024 10:00;0,195
20.08.2024 11:00;0,155
20.08.2024 12:00;0,97
20.08.2024 13:00;0,345
20.08.2024 14:00;0,21
20.08.2024 15:00;0,149
20.08.2024 16:00;0,72
20.08.2024 17:00;0,92
20.08.2024 18:00;0,264
20.08.2024 19:00;0,199
20.08.2024 20:00;0,105
20.08.2024 21:00;0,177
20.08.2024 22:00;0,258
20.08.2024 23:00;0,208
21.08.2024 00:00;0,195
21.08.2024 01:00;0,205
21.08.2024 02:00;0,189
21.08.2024 03:00;0,188
21.08.2024 04:00;0,189
21.08.2024 05:00;0,154
21.08.2024 06:00;0,223
21.08.2024 07:00;0,371
21.08.2024 08:00;0,68
21.08.2024 09:00;0,92
21.08.2024 10:00;0,71
21.08.2024 11:00;0,125
21.08.2024 12:00;0,83
21.08.2024 13:00;0,74
21.08.2024 14:00;0,476
21.08.2024 15:00;0,91
21.08.2024 16:00;0,67
21.08.2024 17:00;0,84
21.08.2024 18:00;0,534
21.08.2024 19:00;0,104
21.08.2024 20:00;0,217
21.08.2024 21:00;0,244
21.08.2024 22:00;0,272
21.08.2024 23:00;0,244
22.08.2024 00:00;0,231
22.08.2024 01:00;0,227
22.08.2024 02:00;0,216
22.08.2024 03:00;0,243
22.08.2024 04:00;0,199
22.08.2024 05:00;0,141
22.08.2024 06:00;0,61
22.08.2024 07:00;0,223
22.08.2024 08:00;0,187
22.08.2024 09:00;0,93
22.08.2024 10:00;0,76
22.08.2024 11:00;0,68
22.08.2024 12:00;0,172
22.08.2024 13:00;0,186
22.08.2024 14:00;0,221
22.08.2024 15:00;0,113
22.08.2024 16:00;0,187
22.08.2024 17:00;0,504
22.08.2024 18:00;0,27
22.08.2024 19:00;0,119
22.08.2024 20:00;0,246
22.08.2024 21:00;0,274
22.08.2024 22:00;0,311
22.08.2024 23:00;0,243
23.08.2024 00:00;0,228
23.08.2024 01:00;0,22
23.08.2024 02:00;0,232
23.08.2024 03:00;0,323
23.08.2024 04:00;0,284
23.08.2024 05:00;0,257
23.08.2024 06:00;0,332
23.08.2024 07:00;0,129
23.08.2024 08:00;0,66
23.08.2024 09:00;0,67
23.08.2024 10:00;0,65
23.08.2024 11:00;0,114
23.08.2024 12:00;0,7
23.08.2024 13:00;0,68
23.08.2024 14:00;0,64
23.08.2024 15:00;0,614
23.08.2024 16:00;2,38
23.08.2024 17:00;0,218
23.08.2024 18:00;0,433
23.08.2024 19:00;0,33
23.08.2024 20:00;0,126
23.08.2024 21:00;0,344
23.08.2024 22:00;0,261
23.08.2024 23:00;0,23
24.08.2024 00:00;0,223
24.08.2024 01:00;0,223
24.08.2024 02:00;0,198
24.08.2024 03:00;0,191
24.08.2024 04:00;0,186
24.08.2024 05:00;0,112
24.08.2024 06:00;0,168
24.08.2024 07:00;0,51
24.08.2024 08:00;0,66
24.08.2024 09:00;0,64
24.08.2024 10:00;0,65
24.08.2024 11:00;0,62
24.08.2024 12:00;0,6
24.08.2024 13:00;0,65
24.08.2024 14:00;0,65
24.08.2024 15:00;0,64
24.08.2024 16:00;0,16
24.08.2024 17:00;0,218
24.08.2024 18:00;0,175
24.08.2024 19:00;0,117
24.08.2024 20:00;0,262
24.08.2024 21:00;0,255
24.08.2024 22:00;0,26
24.08.2024 23:00;0,204
25.08.2024 00:00;0,186
25.08.2024 01:00;0,194
25.08.2024 02:00;0,195
25.08.2024 03:00;0,186
25.08.2024 04:00;0,195
25.08.2024 05:00;0,114
25.08.2024 06:00;0,177
25.08.2024 07:00;0,106
25.08.2024 08:00;1,355
25.08.2024 09:00;0,493
25.08.2024 10:00;0,94
25.08.2024 11:00;0,56
25.08.2024 12:00;0,94
25.08.2024 13:00;0,155
25.08.2024 14:00;0,97
25.08.2024 15:00;0,96
25.08.2024 16:00;0,148
25.08.2024 17:00;0,136
25.08.2024 18:00;5,855
25.08.2024 19:00;3,239
25.08.2024 20:00;0,231
25.08.2024 21:00;0,378
25.08.2024 22:00;0,253
25.08.2024 23:00;0,296
26.08.2024 00:00;0,218
26.08.2024 01:00;0,196
26.08.2024 02:00;0,264
26.08.2024 03:00;0,197
26.08.2024 04:00;0,195
26.08.2024 05:00;0,222
26.08.2024 06:00;0,138
26.08.2024 07:00;0,496
26.08.2024 08:00;0,135
26.08.2024 09:00;0,156
26.08.2024 10:00;0,89
26.08.2024 11:00;0,212
26.08.2024 12:00;0,1
26.08.2024 13:00;0,143
26.08.2024 14:00;0,93
26.08.2024 15:00;0,13
26.08.2024 16:00;0,106
26.08.2024 17:00;0,211
26.08.2024 18:00;0,121
26.08.2024 19:00;1,6
26.08.2024 20:00;0,115
26.08.2024 21:00;0,354
26.08.2024 22:00;0,3
26.08.2024 23:00;0,231
27.08.2024 00:00;0,313
27.08.2024 01:00;0,222
27.08.2024 02:00;0,192
27.08.2024 03:00;0,182
27.08.2024 04:00;0,203
27.08.2024 05:00;0,134
27.08.2024 06:00;0,245
27.08.2024 07:00;0,154
27.08.2024 08:00;0,111
27.08.2024 09:00;0,65
27.08.2024 10:00;0,113
27.08.2024 11:00;0,72
27.08.2024 12:00;0,141
27.08.2024 13:00;0,98
27.08.2024 14:00;0,148
27.08.2024 15:00;0,101
27.08.2024 16:00;0,191
27.08.2024 17:00;0,348
27.08.2024 18:00;1,195
27.08.2024 19:00;0,105
27.08.2024 20:00;0,181
27.08.2024 21:00;0,307
27.08.2024 22:00;0,332
27.08.2024 23:00;0,248
28.08.2024 00:00;0,239
28.08.2024 01:00;0,234
28.08.2024 02:00;0,228
28.08.2024 03:00;0,186
28.08.2024 04:00;0,189
28.08.2024 05:00;0,131
28.08.2024 06:00;0,186
28.08.2024 07:00;0,129
28.08.2024 08:00;0,64
28.08.2024 09:00;0,65
28.08.2024 10:00;0,156
28.08.2024 11:00;0,12
28.08.2024 12:00;0,174
28.08.2024 13:00;0,101
28.08.2024 14:00;0,206
28.08.2024 15:00;0,178
28.08.2024 16:00;0,108
28.08.2024 17:00;0,223
28.08.2024 18:00;1,298
28.08.2024 19:00;0,119
28.08.2024 20:00;0,129
28.08.2024 21:00;0,323
28.08.2024 22:00;0,32
28.08.2024 23:00;0,29
29.08.2024 00:00;0,216
29.08.2024 01:00;0,217
29.08.2024 02:00;0,245
29.08.2024 03:00;0,193
29.08.2024 04:00;0,193
29.08.2024 05:00;0,139
29.08.2024 06:00;0,216
29.08.2024 07:00;0,374
29.08.2024 08:00;0,73
29.08.2024 09:00;0,78
29.08.2024 10:00;0,132
29.08.2024 11:00;0,121
29.08.2024 12:00;0,83
29.08.2024 13:00;0,71
29.08.2024 14:00;0,115
29.08.2024 15:00;0,235
29.08.2024 16:00;0,108
29.08.2024 17:00;0,712
29.08.2024 18:00;0,372
29.08.2024 19:00;0,165
29.08.2024 20:00;0,106
29.08.2024 21:00;0,328
29.08.2024 22:00;0,436
29.08.2024 23:00;0,25
30.08.2024 00:00;0,239
30.08.2024 01:00;0,236
30.08.2024 02:00;0,294
30.08.2024 03:00;0,237
30.08.2024 04:00;0,199
30.08.2024 05:00;0,143
30.08.2024 06:00;0,256
30.08.2024 07:00;0,174
30.08.2024 08:00;0,62
30.08.2024 09:00;0,68
30.08.2024 10:00;0,71
30.08.2024 11:00;0,67
30.08.2024 12:00;0,97
30.08.2024 13:00;0,149
30.08.2024 14:00;0,167
30.08.2024 15:00;0,227
30.08.2024 16:00;0,319
30.08.2024 17:00;0,647
30.08.2024 18:00;0,236
30.08.2024 19:00;0,136
30.08.2024 20:00;0,132
30.08.2024 21:00;0,36
30.08.2024 22:00;0,275
30.08.2024 23:00;0,259
31.08.2024 00:00;0,25
31.08.2024 01:00;0,213
31.08.2024 02:00;0,187
31.08.2024 03:00;0,187
31.08.2024 04:00;0,19
31.08.2024 05:00;0,193
31.08.2024 06:00;0,23
31.08.2024 07:00;0,119
31.08.2024 08:00;0,65
31.08.2024 09:00;0,295
31.08.2024 10:00;0,72
31.08.2024 11:00;0,184
31.08.2024 12:00;0,75
31.08.2024 13:00;0,7
31.08.2024 14:00;0,69
31.08.2024 15:00;0,89
31.08.2024 16:00;0,175
31.08.2024 17:00;0,212
31.08.2024 18:00;0,168
31.08.2024 19:00;0,79
31.08.2024 20:00;0,173
31.08.2024 21:00;0,407
31.08.2024 22:00;0,287
31.08.2024 23:00;0,208
01.09.2024 00:00;0,244
01.09.2024 01:00;0,25
01.09.2024 02:00;0,244
01.09.2024 03:00;0,289
01.09.2024 04:00;0,232
01.09.2024 05:00;0,2
01.09.2024 06:00;0,279
01.09.2024 07:00;0,941
01.09.2024 08:00;1,123
01.09.2024 09:00;0,1
01.09.2024 10:00;0,103
01.09.2024 11:00;0,82
01.09.2024 12:00;4,637
01.09.2024 13:00;5,237
01.09.2024 14:00;0,49
01.09.2024 15:00;0,168
01.09.2024 16:00;2,686
01.09.2024 17:00;0,98
01.09.2024 18:00;0,273
01.09.2024 19:00;0,78
01.09.2024 20:00;0,159
01.09.2024 21:00;0,253
01.09.2024 22:00;0,22
01.09.2024 23:00;0,197
02.09.2024 00:00;0,197
02.09.2024 01:00;0,196
02.09.2024 02:00;0,199
02.09.2024 03:00;0,228
02.09.2024 04:00;0,232
02.09.2024 05:00;0,204
02.09.2024 06:00;0,233
02.09.2024 07:00;0,143
02.09.2024 08:00;0,75
02.09.2024 09:00;0,79
02.09.2024 10:00;0,167
02.09.2024 11:00;0,363
02.09.2024 12:00;0,79
02.09.2024 13:00;0,83
02.09.2024 14:00;0,88
02.09.2024 15:00;0,82
02.09.2024 16:00;0,529
02.09.2024 17:00;0,608
02.09.2024 18:00;0,94
02.09.2024 19:00;0,88
02.09.2024 20:00;0,21
02.09.2024 21:00;0,335
02.09.2024 22:00;0,238
02.09.2024 23:00;0,271
03.09.2024 00:00;0,213
03.09.2024 01:00;0,19
03.09.2024 02:00;0,187
03.09.2024 03:00;0,201
03.09.2024 04:00;0,195
03.09.2024 05:00;0,176
03.09.2024 06:00;0,26
03.09.2024 07:00;0,39
03.09.2024 08:00;0,94
03.09.2024 09:00;0,64
03.09.2024 10:00;0,66
03.09.2024 11:00;0,101
03.09.2024 12:00;0,74
03.09.2024 13:00;0,124
03.09.2024 14:00;0,82
03.09.2024 15:00;0,685
03.09.2024 16:00;0,468
03.09.2024 17:00;0,328
03.09.2024 18:00;0,882
03.09.2024 19:00;0,314
03.09.2024 20:00;0,141
03.09.2024 21:00;0,233
03.09.2024 22:00;0,303
03.09.2024 23:00;0,195
04.09.2024 00:00;0,187
04.09.2024 01:00;0,188
04.09.2024 02:00;0,184
04.09.2024 03:00;0,191
04.09.2024 04:00;0,207
04.09.2024 05:00;0,187
04.09.2024 06:00;0,137
04.09.2024 07:00;0,186
04.09.2024 08:00;0,69
04.09.2024 09:00;0,102
04.09.2024 10:00;0,156
04.09.2024 11:00;0,255
04.09.2024 12:00;0,66
04.09.2024 13:00;0,74
04.09.2024 14:00;0,67
04.09.2024 15:00;0,66
04.09.2024 16:00;0,784
04.09.2024 17:00;0,427
04.09.2024 18:00;0,94
04.09.2024 19:00;0,232
04.09.2024 20:00;0,185
04.09.2024 21:00;0,369
04.09.2024 22:00;0,228
04.09.2024 23:00;0,224
05.09.2024 00:00;0,228
05.09.2024 01:00;0,194
05.09.2024 02:00;0,248
05.09.2024 03:00;0,199
05.09.2024 04:00;0,198
05.09.2024 05:00;0,16
05.09.2024 06:00;0,169
05.09.2024 07:00;0,18
05.09.2024 08:00;0,128
05.09.2024 09:00;0,147
05.09.2024 10:00;0,66
05.09.2024 11:00;0,12
05.09.2024 12:00;0,76
05.09.2024 13:00;0,7
05.09.2024 14:00;0,12
05.09.2024 15:00;0,191
05.09.2024 16:00;0,794
05.09.2024 17:00;0,118
05.09.2024 18:00;0,129
05.09.2024 19:00;0,23
05.09.2024 20:00;0,177
05.09.2024 21:00;0,542
05.09.2024 22:00;0,297
05.09.2024 23:00;0,31
06.09.2024 00:00;0,257
06.09.2024 01:00;0,291
06.09.2024 02:00;0,19
06.09.2024 03:00;0,209
06.09.2024 04:00;0,191
06.09.2024 05:00;0,165
06.09.2024 06:00;0,282
06.09.2024 07:00;0,171
06.09.2024 08:00;0,154
06.09.2024 09:00;0,96
06.09.2024 10:00;0,117
06.09.2024 11:00;0,158
06.09.2024 12:00;0,12
06.09.2024 13:00;0,157
06.09.2024 14:00;0,113
06.09.2024 15:00;0,788
06.09.2024 16:00;0,305
06.09.2024 17:00;0,443
06.09.2024 18:00;0,82
06.09.2024 19:00;0,74
06.09.2024 20:00;0,235
06.09.2024 21:00;0,274
06.09.2024 22:00;0,297
06.09.2024 23:00;0,277
07.09.2024 00:00;0,19
07.09.2024 01:00;0,186
07.09.2024 02:00;0,186
07.09.2024 03:00;0,187
07.09.2024 04:00;0,193
07.09.2024 05:00;0,172
07.09.2024 06:00;0,71
07.09.2024 07:00;0,76
07.09.2024 08:00;0,251
07.09.2024 09:00;0,82
07.09.2024 10:00;0,117
07.09.2024 11:00;0,65
07.09.2024 12:00;0,119
07.09.2024 13:00;0,102
07.09.2024 14:00;0,108
07.09.2024 15:00;0,119
07.09.2024 16:00;0,14
07.09.2024 17:00;0,569
07.09.2024 18:00;0,363
07.09.2024 19:00;0,176
07.09.2024 20:00;0,179
07.09.2024 21:00;0,339
07.09.2024 22:00;0,269
07.09.2024 23:00;0,274
08.09.2024 00:00;0,213
08.09.2024 01:00;0,212
08.09.2024 02:00;0,188
08.09.2024 03:00;0,197
08.09.2024 04:00;0,193
08.09.2024 05:00;0,175
08.09.2024 06:00;0,197
08.09.2024 07:00;0,101
08.09.2024 08:00;1,651
08.09.2024 09:00;0,266
08.09.2024 10:00;0,75
08.09.2024 11:00;0,79
08.09.2024 12:00;0,501
08.09.2024 13:00;0,577
08.09.2024 14:00;0,305
08.09.2024 15:00;0,343
08.09.2024 16:00;0,283
08.09.2024 17:00;0,196
08.09.2024 18:00;0,401
08.09.2024 19:00;3,192
08.09.2024 20:00;2,186
08.09.2024 21:00;0,471
08.09.2024 22:00;0,272
08.09.2024 23:00;0,248
09.09.2024 00:00;0,187
09.09.2024 01:00;0,186
09.09.2024 02:00;0,186
09.09.2024 03:00;0,194
09.09.2024 04:00;0,185
09.09.2024 05:00;0,182
09.09.2024 06:00;0,2
09.09.2024 07:00;0,201
09.09.2024 08:00;0,115
09.09.2024 09:00;0,65
09.09.2024 10:00;0,66
09.09.2024 11:00;0,87
09.09.2024 12:00;0,65
09.09.2024 13:00;0,88
09.09.2024 14:00;0,7
09.09.2024 15:00;0,122
09.09.2024 16:00;0,329
09.09.2024 17:00;0,68
09.09.2024 18:00;0,79
09.09.2024 19:00;0,148
09.09.2024 20:00;0,261
09.09.2024 21:00;0,364
09.09.2024 22:00;0,255
09.09.2024 23:00;0,216
10.09.2024 00:00;0,191
10.09.2024 01:00;0,197
10.09.2024 02:00;0,186
10.09.2024 03:00;0,184
10.09.2024 04:00;0,187
10.09.2024 05:00;0,185
10.09.2024 06:00;0,25
10.09.2024 07:00;0,129
10.09.2024 08:00;0,8
10.09.2024 09:00;0,8
10.09.2024 10:00;0,8
10.09.2024 11:00;0,139
10.09.2024 12:00;0,72
10.09.2024 13:00;0,77
10.09.2024 14:00;0,167
10.09.2024 15:00;0,151
10.09.2024 16:00;1,362
10.09.2024 17:00;0,184
10.09.2024 18:00;0,152
10.09.2024 19:00;0,215
10.09.2024 20:00;0,314
10.09.2024 21:00;0,391
10.09.2024 22:00;0,28
10.09.2024 23:00;0,2
11.09.2024 00:00;0,249
11.09.2024 01:00;0,207
11.09.2024 02:00;0,184
11.09.2024 03:00;0,191
11.09.2024 04:00;0,197
11.09.2024 05:00;0,196
11.09.2024 06:00;0,751
11.09.2024 07:00;0,235
11.09.2024 08:00;0,264
11.09.2024 09:00;0,213
11.09.2024 10:00;0,66
11.09.2024 11:00;0,7
11.09.2024 12:00;0,188
11.09.2024 13:00;0,7
11.09.2024 14:00;0,139
11.09.2024 15:00;0,69
11.09.2024 16:00;0,722
11.09.2024 17:00;0,181
11.09.2024 18:00;0,85
11.09.2024 19:00;0,143
11.09.2024 20:00;0,233
11.09.2024 21:00;0,318
11.09.2024 22:00;0,27
11.09.2024 23:00;0,254
12.09.2024 00:00;0,21
12.09.2024 01:00;0,188
12.09.2024 02:00;0,19
12.09.2024 03:00;0,194
12.09.2024 04:00;0,188
12.09.2024 05:00;0,184
12.09.2024 06:00;0,184
12.09.2024 07:00;0,97
12.09.2024 08:00;0,68
12.09.2024 09:00;0,69
12.09.2024 10:00;0,176
12.09.2024 11:00;0,75
12.09.2024 12:00;0,136
12.09.2024 13:00;0,429
12.09.2024 14:00;0,78
12.09.2024 15:00;0,567
12.09.2024 16:00;0,397
12.09.2024 17:00;0,29
12.09.2024 18:00;0,272
12.09.2024 19:00;0,216
12.09.2024 20:00;0,359
12.09.2024 21:00;0,349
12.09.2024 22:00;0,258
12.09.2024 23:00;0,234
13.09.2024 00:00;0,231
13.09.2024 01:00;0,192
13.09.2024 02:00;0,185
13.09.2024 03:00;0,19
13.09.2024 04:00;0,237
13.09.2024 05:00;0,207
13.09.2024 06:00;0,264
13.09.2024 07:00;0,163
13.09.2024 08:00;0,63
13.09.2024 09:00;0,161
13.09.2024 10:00;0,114
13.09.2024 11:00;0,112
13.09.2024 12:00;0,115
13.09.2024 13:00;0,136
13.09.2024 14:00;0,82
13.09.2024 15:00;0,197
13.09.2024 16:00;1,19
13.09.2024 17:00;0,115
13.09.2024 18:00;0,185
13.09.2024 19:00;0,204
13.09.2024 20:00;0,273
13.09.2024 21:00;0,398
13.09.2024 22:00;0,316
13.09.2024 23:00;0,314
14.09.2024 00:00;0,224
14.09.2024 01:00;0,24
14.09.2024 02:00;0,198
14.09.2024 03:00;0,184
14.09.2024 04:00;0,184
14.09.2024 05:00;0,185
14.09.2024 06:00;0,121
14.09.2024 07:00;0,69
14.09.2024 08:00;0,67
14.09.2024 09:00;0,172
14.09.2024 10:00;0,129
14.09.2024 11:00;0,124
14.09.2024 12:00;0,73
14.09.2024 13:00;0,216
14.09.2024 14:00;0,594
14.09.2024 15:00;0,248
14.09.2024 16:00;0,211
14.09.2024 17:00;0,784
14.09.2024 18:00;0,252
14.09.2024 19:00;0,314
14.09.2024 20:00;0,364
14.09.2024 21:00;0,331
14.09.2024 22:00;0,244
14.09.2024 23:00;0,248
15.09.2024 00:00;0,226
15.09.2024 01:00;0,238
15.09.2024 02:00;0,189
15.09.2024 03:00;0,194
15.09.2024 04:00;0,19
15.09.2024 05:00;0,191
15.09.2024 06:00;0,144
15.09.2024 07:00;1,93
15.09.2024 08:00;0,667
15.09.2024 09:00;0,75
15.09.2024 10:00;0,73
15.09.2024 11:00;0,191
15.09.2024 12:00;0,108
15.09.2024 13:00;0,283
15.09.2024 14:00;0,23
15.09.2024 15:00;0,861
15.09.2024 16:00;1,611
15.09.2024 17:00;4,257
15.09.2024 18:00;4,171
15.09.2024 19:00;5,164
15.09.2024 20:00;3,981
15.09.2024 21:00;0,737
15.09.2024 22:00;0,56
15.09.2024 23:00;2,449
16.09.2024 00:00;1,131
16.09.2024 01:00;0,442
16.09.2024 02:00;0,429
16.09.2024 03:00;0,355
16.09.2024 04:00;0,337
16.09.2024 05:00;0,313
16.09.2024 06:00;0,805
16.09.2024 07:00;0,443
16.09.2024 08:00;0,245
16.09.2024 09:00;0,258
16.09.2024 10:00;0,255
16.09.2024 11:00;0,256
16.09.2024 12:00;0,223
16.09.2024 13:00;0,265
16.09.2024 14:00;0,29
16.09.2024 15:00;0,339
16.09.2024 16:00;1,357
16.09.2024 17:00;0,804
16.09.2024 18:00;0,338
16.09.2024 19:00;0,494
16.09.2024 20:00;0,521
16.09.2024 21:00;0,527
16.09.2024 22:00;1,357
16.09.2024 23:00;2,873
17.09.2024 00:00;2,791
17.09.2024 01:00;1,595
17.09.2024 02:00;0,403
17.09.2024 03:00;0,358
17.09.2024 04:00;0,352
17.09.2024 05:00;0,443
17.09.2024 06:00;0,389
17.09.2024 07:00;0,339
17.09.2024 08:00;0,281
17.09.2024 09:00;0,277
17.09.2024 10:00;0,276
17.09.2024 11:00;0,378
17.09.2024 12:00;0,321
17.09.2024 13:00;0,353
17.09.2024 14:00;0,381
17.09.2024 15:00;0,343
17.09.2024 16:00;2,758
17.09.2024 17:00;0,649
17.09.2024 18:00;1,1
17.09.2024 19:00;0,594
17.09.2024 20:00;0,702
17.09.2024 21:00;0,745
17.09.2024 22:00;1,165
17.09.2024 23:00;2,906
18.09.2024 00:00;0,597
18.09.2024 01:00;2,684
18.09.2024 02:00;2,119
18.09.2024 03:00;0,724
18.09.2024 04:00;0,397
18.09.2024 05:00;0,453
18.09.2024 06:00;0,51
18.09.2024 07:00;0,387
18.09.2024 08:00;0,291
18.09.2024 09:00;0,295
18.09.2024 10:00;0,375
18.09.2024 11:00;0,301
18.09.2024 12:00;2,247
18.09.2024 13:00;0,428
18.09.2024 14:00;0,436
18.09.2024 15:00;0,454
18.09.2024 16:00;1,127
18.09.2024 17:00;0,408
18.09.2024 18:00;0,41
18.09.2024 19:00;0,486
18.09.2024 20:00;0,762
18.09.2024 21:00;0,708
18.09.2024 22:00;0,694
18.09.2024 23:00;0,544
19.09.2024 00:00;0,5
19.09.2024 01:00;2,172
19.09.2024 02:00;1,464
19.09.2024 03:00;0,399
19.09.2024 04:00;0,363
19.09.2024 05:00;0,362
19.09.2024 06:00;0,288
19.09.2024 07:00;0,418
19.09.2024 08:00;0,289
19.09.2024 09:00;0,347
19.09.2024 10:00;0,385
19.09.2024 11:00;0,379
19.09.2024 12:00;0,493
19.09.2024 13:00;0,356
19.09.2024 14:00;1,806
19.09.2024 15:00;2,64
19.09.2024 16:00;1,304
19.09.2024 17:00;0,72
19.09.2024 18:00;0,398
19.09.2024 19:00;0,606
19.09.2024 20:00;0,806
19.09.2024 21:00;0,632
19.09.2024 22:00;0,505
19.09.2024 23:00;0,389
20.09.2024 00:00;0,388
20.09.2024 01:00;0,361
20.09.2024 02:00;0,355
20.09.2024 03:00;0,322
20.09.2024 04:00;0,361
20.09.2024 05:00;0,321
20.09.2024 06:00;0,341
20.09.2024 07:00;0,346
20.09.2024 08:00;0,283
20.09.2024 09:00;0,238
20.09.2024 10:00;0,242
20.09.2024 11:00;0,306
20.09.2024 12:00;0,37
20.09.2024 13:00;0,291
20.09.2024 14:00;0,325
20.09.2024 15:00;0,258
20.09.2024 16:00;1,316
20.09.2024 17:00;3,382
20.09.2024 18:00;3,426
20.09.2024 19:00;0,451
20.09.2024 20:00;0,806
20.09.2024 21:00;2,814
20.09.2024 22:00;2,127
20.09.2024 23:00;0,542
21.09.2024 00:00;0,356
21.09.2024 01:00;0,309
21.09.2024 02:00;0,291
21.09.2024 03:00;0,29
21.09.2024 04:00;0,289
21.09.2024 05:00;0,775
21.09.2024 06:00;0,395
21.09.2024 07:00;0,279
21.09.2024 08:00;0,231
21.09.2024 09:00;0,684
21.09.2024 10:00;0,616
21.09.2024 11:00;1,67
21.09.2024 12:00;2,477
21.09.2024 13:00;1,956
21.09.2024 14:00;2,656
21.09.2024 15:00;2,31
21.09.2024 16:00;1,629
21.09.2024 17:00;2,174
21.09.2024 18:00;1,446
21.09.2024 19:00;1,89
21.09.2024 20:00;2,806
21.09.2024 21:00;2,167
21.09.2024 22:00;0,559
21.09.2024 23:00;0,428
22.09.2024 00:00;0,439
22.09.2024 01:00;0,423
22.09.2024 02:00;0,378
22.09.2024 03:00;0,317
22.09.2024 04:00;0,322
22.09.2024 05:00;0,781
22.09.2024 06:00;0,475
22.09.2024 07:00;0,82
22.09.2024 08:00;0,37
22.09.2024 09:00;0,301
22.09.2024 10:00;1,472
22.09.2024 11:00;2,917
22.09.2024 12:00;1,966
22.09.2024 13:00;2,475
22.09.2024 14:00;2,24
22.09.2024 15:00;1,118
22.09.2024 16:00;1,42
22.09.2024 17:00;5,26
22.09.2024 18:00;2,921
22.09.2024 19:00;3,593
22.09.2024 20:00;4,604
22.09.2024 21:00;0,798
22.09.2024 22:00;0,598
22.09.2024 23:00;0,49
23.09.2024 00:00;0,422
23.09.2024 01:00;0,403
23.09.2024 02:00;0,35
23.09.2024 03:00;0,34
23.09.2024 04:00;0,346
23.09.2024 05:00;0,403
23.09.2024 06:00;0,495
23.09.2024 07:00;0,325
23.09.2024 08:00;0,323
23.09.2024 09:00;0,902
23.09.2024 10:00;0,27
23.09.2024 11:00;0,358
23.09.2024 12:00;0,637
23.09.2024 13:00;2,738
23.09.2024 14:00;0,609
23.09.2024 15:00;0,314
23.09.2024 16:00;1,991
23.09.2024 17:00;0,773
23.09.2024 18:00;0,338
23.09.2024 19:00;0,652
23.09.2024 20:00;0,629
23.09.2024 21:00;0,704
23.09.2024 22:00;0,582
23.09.2024 23:00;0,605
24.09.2024 00:00;0,527
24.09.2024 01:00;2,518
24.09.2024 02:00;1,539
24.09.2024 03:00;0,52
24.09.2024 04:00;0,638
24.09.2024 05:00;0,583
24.09.2024 06:00;0,549
24.09.2024 07:00;0,405
24.09.2024 08:00;0,386
24.09.2024 09:00;0,293
24.09.2024 10:00;0,287
24.09.2024 11:00;1,453
24.09.2024 12:00;2,348
24.09.2024 13:00;0,957
24.09.2024 14:00;0,279
24.09.2024 15:00;0,3
24.09.2024 16:00;1,267
24.09.2024 17:00;0,79
24.09.2024 18:00;1,946
24.09.2024 19:00;2,361
24.09.2024 20:00;0,591
24.09.2024 21:00;0,72
24.09.2024 22:00;0,636
24.09.2024 23:00;0,463
25.09.2024 00:00;0,403
25.09.2024 01:00;2,572
25.09.2024 02:00;1,71
25.09.2024 03:00;0,495
25.09.2024 04:00;0,894
25.09.2024 05:00;0,415
25.09.2024 06:00;0,512
25.09.2024 07:00;0,385
25.09.2024 08:00;0,377
25.09.2024 09:00;0,337
25.09.2024 10:00;1,891
25.09.2024 11:00;1,934
25.09.2024 12:00;0,363
25.09.2024 13:00;0,387
25.09.2024 14:00;0,551
25.09.2024 15:00;0,937
25.09.2024 16:00;1,301
25.09.2024 17:00;1,97
25.09.2024 18:00;0,503
25.09.2024 19:00;0,432
25.09.2024 20:00;0,658
25.09.2024 21:00;0,675
25.09.2024 22:00;0,569
25.09.2024 23:00;0,424
26.09.2024 00:00;0,429
26.09.2024 01:00;0,397
26.09.2024 02:00;0,383
26.09.2024 03:00;0,358
26.09.2024 04:00;0,359
26.09.2024 05:00;0,367
26.09.2024 06:00;0,585
26.09.2024 07:00;0,841
26.09.2024 08:00;0,27
26.09.2024 09:00;0,261
26.09.2024 10:00;0,332
26.09.2024 11:00;0,338
26.09.2024 12:00;0,378
26.09.2024 13:00;0,399
26.09.2024 14:00;0,636
26.09.2024 15:00;2,424
26.09.2024 16:00;2,624
26.09.2024 17:00;0,484
26.09.2024 18:00;0,919
26.09.2024 19:00;0,626
26.09.2024 20:00;1,339
26.09.2024 21:00;0,633
26.09.2024 22:00;0,56
26.09.2024 23:00;0,519
27.09.2024 00:00;0,417
27.09.2024 01:00;1,869
27.09.2024 02:00;0,536
27.09.2024 03:00;0,362
27.09.2024 04:00;0,364
27.09.2024 05:00;0,387
27.09.2024 06:00;0,46
27.09.2024 07:00;0,332
27.09.2024 08:00;0,408
27.09.2024 09:00;0,363
27.09.2024 10:00;0,332
27.09.2024 11:00;0,404
27.09.2024 12:00;0,329
27.09.2024 13:00;0,406
27.09.2024 14:00;0,363
27.09.2024 15:00;0,367
27.09.2024 16:00;1,35
27.09.2024 17:00;0,406
27.09.2024 18:00;0,435
27.09.2024 19:00;1,234
27.09.2024 20:00;0,651
27.09.2024 21:00;0,64
27.09.2024 22:00;0,626
27.09.2024 23:00;0,535
28.09.2024 00:00;0,448
28.09.2024 01:00;0,377
28.09.2024 02:00;0,347
28.09.2024 03:00;0,35
28.09.2024 04:00;0,347
28.09.2024 05:00;0,349
28.09.2024 06:00;0,356
28.09.2024 07:00;0,338
28.09.2024 08:00;0,546
28.09.2024 09:00;0,964
28.09.2024 10:00;2,693
28.09.2024 11:00;1,744
28.09.2024 12:00;0,328
28.09.2024 13:00;0,332
28.09.2024 14:00;2,942
28.09.2024 15:00;1,994
28.09.2024 16:00;1,935
28.09.2024 17:00;1,392
28.09.2024 18:00;0,413
28.09.2024 19:00;0,654
28.09.2024 20:00;0,642
28.09.2024 21:00;0,726
28.09.2024 22:00;0,498
28.09.2024 23:00;0,461
29.09.2024 00:00;0,397
29.09.2024 01:00;0,39
29.09.2024 02:00;2,811
29.09.2024 03:00;1,148
29.09.2024 04:00;0,358
29.09.2024 05:00;0,358
29.09.2024 06:00;0,59
29.09.2024 07:00;0,694
29.09.2024 08:00;0,416
29.09.2024 09:00;1,884
29.09.2024 10:00;1,41
29.09.2024 11:00;1,37
29.09.2024 12:00;0,995
29.09.2024 13:00;2,23
29.09.2024 14:00;3,17
29.09.2024 15:00;1,392
29.09.2024 16:00;0,279
29.09.2024 17:00;0,344
29.09.2024 18:00;0,601
29.09.2024 19:00;1,452
29.09.2024 20:00;0,657
29.09.2024 21:00;0,772
29.09.2024 22:00;0,554
29.09.2024 23:00;0,48
30.09.2024 00:00;0,411
30.09.2024 01:00;2,564
30.09.2024 02:00;1,581
30.09.2024 03:00;0,636
30.09.2024 04:00;0,964
30.09.2024 05:00;0,424
30.09.2024 06:00;2,928
30.09.2024 07:00;1,775
30.09.2024 08:00;0,207
30.09.2024 09:00;0,206
30.09.2024 10:00;0,241
30.09.2024 11:00;0,395
30.09.2024 12:00;0,315
30.09.2024 13:00;0,346
30.09.2024 14:00;0,479
30.09.2024 15:00;0,276
30.09.2024 16:00;1,31
30.09.2024 17:00;0,363
30.09.2024 18:00;0,406
30.09.2024 19:00;0,905
30.09.2024 20:00;1,61
30.09.2024 21:00;0,624
30.09.2024 22:00;0,546
30.09.2024 23:00;0,753
01.10.2024 00:00;1,359
01.10.2024 01:00;3,155
01.10.2024 02:00;2,429
01.10.2024 03:00;1,785
01.10.2024 04:00;1,182
01.10.2024 05:00;1,322
01.10.2024 06:00;1,13
01.10.2024 07:00;1,351
01.10.2024 08:00;0,962
01.10.2024 09:00;0,624
01.10.2024 10:00;0,489
01.10.2024 11:00;0,312
01.10.2024 12:00;0,381
01.10.2024 13:00;0,391
01.10.2024 14:00;0,68
01.10.2024 15:00;0,181
01.10.2024 16:00;0,644
01.10.2024 17:00;0,88
01.10.2024 18:00;0,178
01.10.2024 19:00;0,377
01.10.2024 20:00;0,334
01.10.2024 21:00;0,31
01.10.2024 22:00;0,309
01.10.2024 23:00;0,275
02.10.2024 00:00;0,221
02.10.2024 01:00;0,232
02.10.2024 02:00;0,184
02.10.2024 03:00;0,181
02.10.2024 04:00;0,186
02.10.2024 05:00;0,183
02.10.2024 06:00;0,246
02.10.2024 07:00;0,276
02.10.2024 08:00;0,19
02.10.2024 09:00;0,62
02.10.2024 10:00;0,97
02.10.2024 11:00;0,129
02.10.2024 12:00;0,59
02.10.2024 13:00;0,134
02.10.2024 14:00;0,6
02.10.2024 15:00;0,6
02.10.2024 16:00;0,679
02.10.2024 17:00;0,93
02.10.2024 18:00;0,201
02.10.2024 19:00;0,33
02.10.2024 20:00;0,462
02.10.2024 21:00;0,317
02.10.2024 22:00;0,239
02.10.2024 23:00;0,227
03.10.2024 00:00;0,221
03.10.2024 01:00;0,196
03.10.2024 02:00;0,185
03.10.2024 03:00;0,18
03.10.2024 04:00;0,188
03.10.2024 05:00;0,186
03.10.2024 06:00;0,555
03.10.2024 07:00;0,212
03.10.2024 08:00;0,125
03.10.2024 09:00;0,86
03.10.2024 10:00;0,18
03.10.2024 11:00;0,283
03.10.2024 12:00;0,61
03.10.2024 13:00;0,62
03.10.2024 14:00;0,272
03.10.2024 15:00;1,25
03.10.2024 16:00;0,71
03.10.2024 17:00;0,369
03.10.2024 18:00;0,299
03.10.2024 19:00;0,438
03.10.2024 20:00;0,398
03.10.2024 21:00;0,256
03.10.2024 22:00;0,269
03.10.2024 23:00;0,209
04.10.2024 00:00;0,195
04.10.2024 01:00;0,197
04.10.2024 02:00;0,194
04.10.2024 03:00;0,188
04.10.2024 04:00;0,191
04.10.2024 05:00;0,242
04.10.2024 06:00;0,199
04.10.2024 07:00;0,49
04.10.2024 08:00;0,64
04.10.2024 09:00;0,61
04.10.2024 10:00;0,34
04.10.2024 11:00;0,124
04.10.2024 12:00;0,7
04.10.2024 13:00;0,64
04.10.2024 14:00;0,133
04.10.2024 15:00;0,65
04.10.2024 16:00;0,484
04.10.2024 17:00;0,78
04.10.2024 18:00;0,18
04.10.2024 19:00;0,339
04.10.2024 20:00;0,415
04.10.2024 21:00;0,334
04.10.2024 22:00;0,287
04.10.2024 23:00;0,212
05.10.2024 00:00;0,173
05.10.2024 01:00;0,172
05.10.2024 02:00;0,169
05.10.2024 03:00;0,168
05.10.2024 04:00;0,17
05.10.2024 05:00;0,292
05.10.2024 06:00;0,258
05.10.2024 07:00;0,71
05.10.2024 08:00;0,184
05.10.2024 09:00;0,22
05.10.2024 10:00;0,113
05.10.2024 11:00;0,71
05.10.2024 12:00;0,256
05.10.2024 13:00;0,101
05.10.2024 14:00;0,96
05.10.2024 15:00;0,175
05.10.2024 16:00;0,433
05.10.2024 17:00;0,61
05.10.2024 18:00;0,108
05.10.2024 19:00;0,372
05.10.2024 20:00;0,423
05.10.2024 21:00;0,308
05.10.2024 22:00;0,255
05.10.2024 23:00;0,234
06.10.2024 00:00;0,215
06.10.2024 01:00;0,2
06.10.2024 02:00;0,195
06.10.2024 03:00;0,24
06.10.2024 04:00;0,203
06.10.2024 05:00;0,801
06.10.2024 06:00;2,176
06.10.2024 07:00;5,48
06.10.2024 08:00;1,198
06.10.2024 09:00;0,756
06.10.2024 10:00;2,135
06.10.2024 11:00;4,766
06.10.2024 12:00;4,722
06.10.2024 13:00;4,455
06.10.2024 14:00;4,626
06.10.2024 15:00;5,73
06.10.2024 16:00;5,992
06.10.2024 17:00;1,291
06.10.2024 18:00;0,514
06.10.2024 19:00;3,765
06.10.2024 20:00;3,598
06.10.2024 21:00;0,4
06.10.2024 22:00;0,244
06.10.2024 23:00;0,21
07.10.2024 00:00;0,189
07.10.2024 01:00;4,296
07.10.2024 02:00;4,313
07.10.2024 03:00;3,91
07.10.2024 04:00;4,311
07.10.2024 05:00;4,517
07.10.2024 06:00;0,4
07.10.2024 07:00;0,682
07.10.2024 08:00;0,64
07.10.2024 09:00;0,63
07.10.2024 10:00;0,59
07.10.2024 11:00;0,111
07.10.2024 12:00;0,91
07.10.2024 13:00;0,108
07.10.2024 14:00;0,69
07.10.2024 15:00;0,64
07.10.2024 16:00;0,892
07.10.2024 17:00;0,167
07.10.2024 18:00;0,169
07.10.2024 19:00;0,329
07.10.2024 20:00;0,32
07.10.2024 21:00;0,336
07.10.2024 22:00;0,271
07.10.2024 23:00;0,195
08.10.2024 00:00;0,187
08.10.2024 01:00;0,185
08.10.2024 02:00;0,185
08.10.2024 03:00;0,178
08.10.2024 04:00;0,331
08.10.2024 05:00;0,272
08.10.2024 06:00;0,397
08.10.2024 07:00;0,303
08.10.2024 08:00;0,66
08.10.2024 09:00;0,62
08.10.2024 10:00;0,72
08.10.2024 11:00;0,63
08.10.2024 12:00;0,62
08.10.2024 13:00;0,108
08.10.2024 14:00;0,65
08.10.2024 15:00;0,96
08.10.2024 16:00;1,312
08.10.2024 17:00;0,631
08.10.2024 18:00;0,242
08.10.2024 19:00;0,366
08.10.2024 20:00;0,312
08.10.2024 21:00;0,366
08.10.2024 22:00;0,211
08.10.2024 23:00;4,408
09.10.2024 00:00;4,334
09.10.2024 01:00;3,967
09.10.2024 02:00;3,861
09.10.2024 03:00;3,848
09.10.2024 04:00;3,845
09.10.2024 05:00;3,827
09.10.2024 06:00;4,287
09.10.2024 07:00;0,271
09.10.2024 08:00;0,177
09.10.2024 09:00;0,114
09.10.2024 10:00;0,64
09.10.2024 11:00;0,138
09.10.2024 12:00;0,8
09.10.2024 13:00;0,185
09.10.2024 14:00;0,66
09.10.2024 15:00;0,13
09.10.2024 16:00;0,75
09.10.2024 17:00;0,809
09.10.2024 18:00;0,299
09.10.2024 19:00;0,328
09.10.2024 20:00;0,275
09.10.2024 21:00;0,373
09.10.2024 22:00;0,359
09.10.2024 23:00;4,758
10.10.2024 00:00;4,646
10.10.2024 01:00;0,198
10.10.2024 02:00;0,195
10.10.2024 03:00;4,744
10.10.2024 04:00;4,596
10.10.2024 05:00;4,295
10.10.2024 06:00;0,221
10.10.2024 07:00;0,313
10.10.2024 08:00;0,89
10.10.2024 09:00;0,196
10.10.2024 10:00;0,113
10.10.2024 11:00;0,158
10.10.2024 12:00;0,208
10.10.2024 13:00;0,484
10.10.2024 14:00;0,104
10.10.2024 15:00;0,179
10.10.2024 16:00;1,5
10.10.2024 17:00;0,94
10.10.2024 18:00;0,202
10.10.2024 19:00;0,284
10.10.2024 20:00;0,492
10.10.2024 21:00;0,366
10.10.2024 22:00;0,391
10.10.2024 23:00;0,317
11.10.2024 00:00;4,392
11.10.2024 01:00;4,252
11.10.2024 02:00;3,861
11.10.2024 03:00;3,805
11.10.2024 04:00;4,187
11.10.2024 05:00;4,337
11.10.2024 06:00;4,287
11.10.2024 07:00;0,442
11.10.2024 08:00;0,119
11.10.2024 09:00;0,86
11.10.2024 10:00;0,229
11.10.2024 11:00;0,124
11.10.2024 12:00;0,111
11.10.2024 13:00;0,167
11.10.2024 14:00;0,112
11.10.2024 15:00;0,108
11.10.2024 16:00;1,87
11.10.2024 17:00;0,213
11.10.2024 18:00;0,24
11.10.2024 19:00;0,368
11.10.2024 20:00;0,427
11.10.2024 21:00;0,334
11.10.2024 22:00;0,276
11.10.2024 23:00;0,253
12.10.2024 00:00;0,253
12.10.2024 01:00;0,246
12.10.2024 02:00;0,251
12.10.2024 03:00;0,202
12.10.2024 04:00;0,195
12.10.2024 05:00;0,19
12.10.2024 06:00;0,206
12.10.2024 07:00;0,142
12.10.2024 08:00;0,73
12.10.2024 09:00;0,285
12.10.2024 10:00;0,164
12.10.2024 11:00;0,161
12.10.2024 12:00;0,21
12.10.2024 13:00;0,187
12.10.2024 14:00;0,112
12.10.2024 15:00;0,113
12.10.2024 16:00;1,189
12.10.2024 17:00;0,201
12.10.2024 18:00;0,322
12.10.2024 19:00;0,341
12.10.2024 20:00;0,401
12.10.2024 21:00;0,335
12.10.2024 22:00;0,363
12.10.2024 23:00;0,297
13.10.2024 00:00;0,271
13.10.2024 01:00;0,252
13.10.2024 02:00;4,818
13.10.2024 03:00;4,889
13.10.2024 04:00;4,488
13.10.2024 05:00;4,357
13.10.2024 06:00;4,39
13.10.2024 07:00;4,54
13.10.2024 08:00;5,91
13.10.2024 09:00;4,945
13.10.2024 10:00;3,733
13.10.2024 11:00;3,756
13.10.2024 12:00;0,89
13.10.2024 13:00;0,73
13.10.2024 14:00;0,143
13.10.2024 15:00;0,89
13.10.2024 16:00;0,523
13.10.2024 17:00;2,96
13.10.2024 18:00;6,723
13.10.2024 19:00;5,235
13.10.2024 20:00;3,585
13.10.2024 21:00;1,256
13.10.2024 22:00;0,629
13.10.2024 23:00;0,302
14.10.2024 00:00;0,276
14.10.2024 01:00;0,226
14.10.2024 02:00;0,2
14.10.2024 03:00;0,179
14.10.2024 04:00;0,194
14.10.2024 05:00;0,189
14.10.2024 06:00;0,372
14.10.2024 07:00;0,343
14.10.2024 08:00;0,13
14.10.2024 09:00;0,126
14.10.2024 10:00;0,64
14.10.2024 11:00;0,61
14.10.2024 12:00;0,6
14.10.2024 13:00;0,101
14.10.2024 14:00;0,624
14.10.2024 15:00;0,585
14.10.2024 16:00;0,93
14.10.2024 17:00;0,158
14.10.2024 18:00;0,168
14.10.2024 19:00;0,331
14.10.2024 20:00;0,438
14.10.2024 21:00;0,512
14.10.2024 22:00;0,229
14.10.2024 23:00;0,187
15.10.2024 00:00;0,183
15.10.2024 01:00;0,183
15.10.2024 02:00;0,185
15.10.2024 03:00;0,186
15.10.2024 04:00;0,186
15.10.2024 05:00;0,185
15.10.2024 06:00;0,369
15.10.2024 07:00;0,29
15.10.2024 08:00;0,12
15.10.2024 09:00;0,246
15.10.2024 10:00;0,73
15.10.2024 11:00;0,124
15.10.2024 12:00;0,9
15.10.2024 13:00;0,68
15.10.2024 14:00;0,67
15.10.2024 15:00;0,62
15.10.2024 16:00;0,179
15.10.2024 17:00;0,327
15.10.2024 18:00;0,224
15.10.2024 19:00;0,271
15.10.2024 20:00;0,266
15.10.2024 21:00;0,354
15.10.2024 22:00;0,306
15.10.2024 23:00;0,217
16.10.2024 00:00;0,192
16.10.2024 01:00;0,19
16.10.2024 02:00;0,193
16.10.2024 03:00;0,193
16.10.2024 04:00;0,19
16.10.2024 05:00;0,188
16.10.2024 06:00;0,454
16.10.2024 07:00;0,67
16.10.2024 08:00;0,101
16.10.2024 09:00;0,118
16.10.2024 10:00;0,71
16.10.2024 11:00;0,69
16.10.2024 12:00;0,76
16.10.2024 13:00;0,71
16.10.2024 14:00;0,7
16.10.2024 15:00;0,78
16.10.2024 16:00;0,204
16.10.2024 17:00;0,328
16.10.2024 18:00;0,697
16.10.2024 19:00;0,305
16.10.2024 20:00;0,387
16.10.2024 21:00;0,311
16.10.2024 22:00;0,308
16.10.2024 23:00;0,211
17.10.2024 00:00;0,194
17.10.2024 01:00;0,195
17.10.2024 02:00;0,25
17.10.2024 03:00;0,199
17.10.2024 04:00;0,193
17.10.2024 05:00;0,329
17.10.2024 06:00;0,288
17.10.2024 07:00;0,283
17.10.2024 08:00;0,76
17.10.2024 09:00;0,13
17.10.2024 10:00;0,11
17.10.2024 11:00;0,11
17.10.2024 12:00;0,188
17.10.2024 13:00;0,117
17.10.2024 14:00;0,137
17.10.2024 15:00;0,114
17.10.2024 16:00;0,748
17.10.2024 17:00;0,107
17.10.2024 18:00;0,185
17.10.2024 19:00;0,384
17.10.2024 20:00;0,406
17.10.2024 21:00;0,395
17.10.2024 22:00;0,392
17.10.2024 23:00;4,782
18.10.2024 00:00;4,922
18.10.2024 01:00;4,61
18.10.2024 02:00;4,402
18.10.2024 03:00;4,546
18.10.2024 04:00;4,897
18.10.2024 05:00;4,483
18.10.2024 06:00;4,678
18.10.2024 07:00;0,281
18.10.2024 08:00;0,7
18.10.2024 09:00;0,75
18.10.2024 10:00;0,187
18.10.2024 11:00;0,171
18.10.2024 12:00;0,135
18.10.2024 13:00;0,234
18.10.2024 14:00;0,822
18.10.2024 15:00;0,268
18.10.2024 16:00;0,105
18.10.2024 17:00;0,201
18.10.2024 18:00;0,196
18.10.2024 19:00;0,255
18.10.2024 20:00;0,432
18.10.2024 21:00;0,375
18.10.2024 22:00;0,309
18.10.2024 23:00;0,246
19.10.2024 00:00;0,249
19.10.2024 01:00;0,229
19.10.2024 02:00;0,208
19.10.2024 03:00;0,197
19.10.2024 04:00;0,193
19.10.2024 05:00;0,194
19.10.2024 06:00;0,32
19.10.2024 07:00;0,157
19.10.2024 08:00;0,158
19.10.2024 09:00;0,412
19.10.2024 10:00;0,83
19.10.2024 11:00;0,13
19.10.2024 12:00;0,183
19.10.2024 13:00;0,117
19.10.2024 14:00;0,117
19.10.2024 15:00;0,159
19.10.2024 16:00;0,195
19.10.2024 17:00;0,182
19.10.2024 18:00;0,19
19.10.2024 19:00;0,636
19.10.2024 20:00;0,329
19.10.2024 21:00;0,377
19.10.2024 22:00;0,392
19.10.2024 23:00;0,256
20.10.2024 00:00;0,256
20.10.2024 01:00;0,251
20.10.2024 02:00;0,246
20.10.2024 03:00;4,792
20.10.2024 04:00;4,796
20.10.2024 05:00;0,192
20.10.2024 06:00;0,194
20.10.2024 07:00;4,88
20.10.2024 08:00;4,744
20.10.2024 09:00;4,386
20.10.2024 10:00;4,423
20.10.2024 11:00;4,413
20.10.2024 12:00;4,534
20.10.2024 13:00;0,336
20.10.2024 14:00;4,812
20.10.2024 15:00;4,917
20.10.2024 16:00;0,82
20.10.2024 17:00;0,64
20.10.2024 18:00;3,412
20.10.2024 19:00;3,415
20.10.2024 20:00;1,105
20.10.2024 21:00;5,166
20.10.2024 22:00;0,323
20.10.2024 23:00;4,962
21.10.2024 00:00;4,688
21.10.2024 01:00;4,463
21.10.2024 02:00;4,356
21.10.2024 03:00;4,21
21.10.2024 04:00;0,655
21.10.2024 05:00;0,798
21.10.2024 06:00;0,404
21.10.2024 07:00;0,392
21.10.2024 08:00;0,142
21.10.2024 09:00;0,82
21.10.2024 10:00;0,77
21.10.2024 11:00;0,74
21.10.2024 12:00;0,72
21.10.2024 13:00;0,72
21.10.2024 14:00;0,73
21.10.2024 15:00;0,72
21.10.2024 16:00;0,568
21.10.2024 17:00;0,2
21.10.2024 18:00;0,25
21.10.2024 19:00;0,325
21.10.2024 20:00;0,481
21.10.2024 21:00;0,382
21.10.2024 22:00;0,262
21.10.2024 23:00;0,238
22.10.2024 00:00;0,197
22.10.2024 01:00;0,191
22.10.2024 02:00;0,191
22.10.2024 03:00;0,197
22.10.2024 04:00;0,192
22.10.2024 05:00;0,193
22.10.2024 06:00;0,349
22.10.2024 07:00;0,343
22.10.2024 08:00;0,86
22.10.2024 09:00;0,119
22.10.2024 10:00;0,93
22.10.2024 11:00;0,115
22.10.2024 12:00;0,164
22.10.2024 13:00;0,159
22.10.2024 14:00;0,153
22.10.2024 15:00;0,163
22.10.2024 16:00;0,686
22.10.2024 17:00;0,79
22.10.2024 18:00;0,302
22.10.2024 19:00;0,308
22.10.2024 20:00;0,367
22.10.2024 21:00;0,399
22.10.2024 22:00;0,346
22.10.2024 23:00;0,278
23.10.2024 00:00;0,199
23.10.2024 01:00;0,193
23.10.2024 02:00;4,798
23.10.2024 03:00;4,892
23.10.2024 04:00;4,424
23.10.2024 05:00;4,439
23.10.2024 06:00;0,379
23.10.2024 07:00;0,483
23.10.2024 08:00;0,166
23.10.2024 09:00;0,151
23.10.2024 10:00;0,103
23.10.2024 11:00;0,182
23.10.2024 12:00;0,74
23.10.2024 13:00;0,78
23.10.2024 14:00;0,133
23.10.2024 15:00;0,712
23.10.2024 16:00;0,118
23.10.2024 17:00;0,216
23.10.2024 18:00;0,222
23.10.2024 19:00;0,202
23.10.2024 20:00;0,492
23.10.2024 21:00;0,354
23.10.2024 22:00;0,281
23.10.2024 23:00;0,27
24.10.2024 00:00;0,195
24.10.2024 01:00;0,2
24.10.2024 02:00;0,193
24.10.2024 03:00;0,192
24.10.2024 04:00;0,196
24.10.2024 05:00;0,196
24.10.2024 06:00;0,374
24.10.2024 07:00;0,274
24.10.2024 08:00;0,7
24.10.2024 09:00;0,72
24.10.2024 10:00;0,188
24.10.2024 11:00;0,111
24.10.2024 12:00;0,108
24.10.2024 13:00;0,309
24.10.2024 14:00;0,932
24.10.2024 15:00;0,835
24.10.2024 16:00;0,369
24.10.2024 17:00;0,169
24.10.2024 18:00;0,329
24.10.2024 19:00;0,306
24.10.2024 20:00;0,376
24.10.2024 21:00;0,284
24.10.2024 22:00;0,286
24.10.2024 23:00;0,288
25.10.2024 00:00;0,245
25.10.2024 01:00;0,251
25.10.2024 02:00;0,206
25.10.2024 03:00;0,198
25.10.2024 04:00;0,194
25.10.2024 05:00;0,193
25.10.2024 06:00;0,308
25.10.2024 07:00;0,367
25.10.2024 08:00;0,16
25.10.2024 09:00;0,69
25.10.2024 10:00;0,127
25.10.2024 11:00;0,94
25.10.2024 12:00;0,174
25.10.2024 13:00;0,141
25.10.2024 14:00;0,111
25.10.2024 15:00;0,318
25.10.2024 16:00;0,661
25.10.2024 17:00;0,209
25.10.2024 18:00;0,244
25.10.2024 19:00;0,367
25.10.2024 20:00;0,373
25.10.2024 21:00;0,346
25.10.2024 22:00;0,279
25.10.2024 23:00;0,241
26.10.2024 00:00;0,233
26.10.2024 01:00;0,262
26.10.2024 02:00;0,244
26.10.2024 03:00;0,201
26.10.2024 04:00;0,2
26.10.2024 05:00;0,193
26.10.2024 06:00;0,312
26.10.2024 07:00;0,303
26.10.2024 08:00;0,114
26.10.2024 09:00;0,249
26.10.2024 10:00;0,205
26.10.2024 11:00;0,71
26.10.2024 12:00;0,164
26.10.2024 13:00;0,112
26.10.2024 14:00;3,753
26.10.2024 15:00;0,136
26.10.2024 16:00;0,211
26.10.2024 17:00;0,238
26.10.2024 18:00;0,306
26.10.2024 19:00;0,31
26.10.2024 20:00;0,386
26.10.2024 21:00;0,296
26.10.2024 22:00;0,288
26.10.2024 23:00;0,244
27.10.2024 00:00;0,239
27.10.2024 01:00;0,23
27.10.2024 02:00;4,327
27.10.2024 03:00;4,325
27.10.2024 03:00;4,13
27.10.2024 04:00;3,971
27.10.2024 05:00;0,185
27.10.2024 06:00;4,34
27.10.2024 07:00;0,22
27.10.2024 08:00;0,125
27.10.2024 09:00;1,41
27.10.2024 10:00;0,25
27.10.2024 11:00;4,206
27.10.2024 12:00;4,498
27.10.2024 13:00;4,368
27.10.2024 14:00;0,179
27.10.2024 15:00;0,122
27.10.2024 16:00;0,172
27.10.2024 17:00;0,813
27.10.2024 18:00;2,781
27.10.2024 19:00;3,396
27.10.2024 20:00;2,723
27.10.2024 21:00;1,923
27.10.2024 22:00;0,265
27.10.2024 23:00;0,246
28.10.2024 00:00;4,357
28.10.2024 01:00;0,188
28.10.2024 02:00;0,194
28.10.2024 03:00;4,355
28.10.2024 04:00;4,615
28.10.2024 05:00;4,179
28.10.2024 06:00;0,398
28.10.2024 07:00;0,191
28.10.2024 08:00;0,121
28.10.2024 09:00;0,74
28.10.2024 10:00;0,13
28.10.2024 11:00;0,61
28.10.2024 12:00;0,65
28.10.2024 13:00;0,68
28.10.2024 14:00;0,67
28.10.2024 15:00;0,189
28.10.2024 16:00;0,65
28.10.2024 17:00;1,31
28.10.2024 18:00;0,515
28.10.2024 19:00;0,31
28.10.2024 20:00;0,356
28.10.2024 21:00;0,349
28.10.2024 22:00;0,243
28.10.2024 23:00;0,208
29.10.2024 00:00;0,187
29.10.2024 01:00;0,188
29.10.2024 02:00;0,248
29.10.2024 03:00;0,198
29.10.2024 04:00;0,184
29.10.2024 05:00;0,182
29.10.2024 06:00;0,343
29.10.2024 07:00;0,159
29.10.2024 08:00;0,138
29.10.2024 09:00;0,22
29.10.2024 10:00;0,72
29.10.2024 11:00;0,62
29.10.2024 12:00;0,68
29.10.2024 13:00;0,59
29.10.2024 14:00;0,163
29.10.2024 15:00;0,137
29.10.2024 16:00;0,124
29.10.2024 17:00;1,271
29.10.2024 18:00;0,463
29.10.2024 19:00;0,512
29.10.2024 20:00;0,373
29.10.2024 21:00;0,32
29.10.2024 22:00;0,437
29.10.2024 23:00;5,54
30.10.2024 00:00;4,785
30.10.2024 01:00;4,391
30.10.2024 02:00;0,191
30.10.2024 03:00;4,776
30.10.2024 04:00;4,497
30.10.2024 05:00;4,402
30.10.2024 06:00;4,39
30.10.2024 07:00;4,984
30.10.2024 08:00;0,69
30.10.2024 09:00;0,66
30.10.2024 10:00;0,83
30.10.2024 11:00;0,192
30.10.2024 12:00;0,66
30.10.2024 13:00;0,99
30.10.2024 14:00;0,7
30.10.2024 15:00;0,122
30.10.2024 16:00;0,852
30.10.2024 17:00;0,424
30.10.2024 18:00;0,428
30.10.2024 19:00;0,309
30.10.2024 20:00;0,389
30.10.2024 21:00;0,299
30.10.2024 22:00;0,289
30.10.2024 23:00;5,5
31.10.2024 00:00;4,849
31.10.2024 01:00;4,563
31.10.2024 02:00;5,226
31.10.2024 03:00;5,19
31.10.2024 04:00;5,137
31.10.2024 05:00;4,626
31.10.2024 06:00;0,438
31.10.2024 07:00;0,452
31.10.2024 08:00;0,7
31.10.2024 09:00;0,225
31.10.2024 10:00;0,129
31.10.2024 11:00;0,197
31.10.2024 12:00;0,86
31.10.2024 13:00;0,233
31.10.2024 14:00;0,132
31.10.2024 15:00;0,131
31.10.2024 16:00;0,983
31.10.2024 17:00;0,498
31.10.2024 18:00;0,287
31.10.2024 19:00;0,295
31.10.2024 20:00;0,469
31.10.2024 21:00;0,294
31.10.2024 22:00;0,277
31.10.2024 23:00;4,855
01.11.2024 00:00;4,892
01.11.2024 01:00;4,487
01.11.2024 02:00;5,233
01.11.2024 03:00;5,183
01.11.2024 04:00;5,138
01.11.2024 05:00;4,899
01.11.2024 06:00;4,522
01.11.2024 07:00;0,279
01.11.2024 08:00;0,137
01.11.2024 09:00;0,182
01.11.2024 10:00;0,165
01.11.2024 11:00;0,9
01.11.2024 12:00;0,91
01.11.2024 13:00;0,214
01.11.2024 14:00;0,7
01.11.2024 15:00;1,9
01.11.2024 16:00;0,724
01.11.2024 17:00;1,69
01.11.2024 18:00;0,42
01.11.2024 19:00;0,379
01.11.2024 20:00;0,289
01.11.2024 21:00;0,297
01.11.2024 22:00;4,537
01.11.2024 23:00;4,494
02.11.2024 00:00;0,234
02.11.2024 01:00;4,369
02.11.2024 02:00;4,235
02.11.2024 03:00;4,4
02.11.2024 04:00;4,619
02.11.2024 05:00;4,713
02.11.2024 06:00;4,758
02.11.2024 07:00;4,834
02.11.2024 08:00;2,59
02.11.2024 09:00;0,66
02.11.2024 10:00;0,432
02.11.2024 11:00;0,71
02.11.2024 12:00;0,68
02.11.2024 13:00;0,147
02.11.2024 14:00;0,156
02.11.2024 15:00;0,81
02.11.2024 16:00;0,105
02.11.2024 17:00;0,263
02.11.2024 18:00;0,304
02.11.2024 19:00;0,354
02.11.2024 20:00;0,431
02.11.2024 21:00;0,325
02.11.2024 22:00;0,268
02.11.2024 23:00;5,77
03.11.2024 00:00;4,852
03.11.2024 01:00;4,481
03.11.2024 02:00;4,52
03.11.2024 03:00;4,41
03.11.2024 04:00;4,395
03.11.2024 05:00;4,399
03.11.2024 06:00;4,541
03.11.2024 07:00;4,382
03.11.2024 08:00;2,926
03.11.2024 09:00;2,439
03.11.2024 10:00;0,77
03.11.2024 11:00;0,9
03.11.2024 12:00;0,287
03.11.2024 13:00;0,335
03.11.2024 14:00;0,202
03.11.2024 15:00;1,13
03.11.2024 16:00;0,282
03.11.2024 17:00;0,939
03.11.2024 18:00;6,857
03.11.2024 19:00;7,845
03.11.2024 20:00;6,174
03.11.2024 21:00;7,151
03.11.2024 22:00;5,284
03.11.2024 23:00;4,994
04.11.2024 00:00;3,171
04.11.2024 01:00;0,74
04.11.2024 02:00;1,15
04.11.2024 03:00;1,212
04.11.2024 04:00;0,197
04.11.2024 05:00;0,25
04.11.2024 06:00;0,366
04.11.2024 07:00;0,357
04.11.2024 08:00;0,66
04.11.2024 09:00;0,156
04.11.2024 10:00;0,9
04.11.2024 11:00;0,166
04.11.2024 12:00;0,82
04.11.2024 13:00;0,132
04.11.2024 14:00;0,65
04.11.2024 15:00;0,205
04.11.2024 16:00;0,937
04.11.2024 17:00;0,385
04.11.2024 18:00;0,274
04.11.2024 19:00;0,371
04.11.2024 20:00;0,293
04.11.2024 21:00;0,327
04.11.2024 22:00;0,318
04.11.2024 23:00;0,283
05.11.2024 00:00;0,205
05.11.2024 01:00;0,192
05.11.2024 02:00;4,877
05.11.2024 03:00;4,888
05.11.2024 04:00;4,729
05.11.2024 05:00;4,48
05.11.2024 06:00;0,327
05.11.2024 07:00;0,273
05.11.2024 08:00;0,149
05.11.2024 09:00;0,153
05.11.2024 10:00;0,156
05.11.2024 11:00;0,141
05.11.2024 12:00;0,7
05.11.2024 13:00;0,229
05.11.2024 14:00;0,182
05.11.2024 15:00;0,188
05.11.2024 16:00;1,78
05.11.2024 17:00;0,348
05.11.2024 18:00;0,386
05.11.2024 19:00;0,365
05.11.2024 20:00;0,332
05.11.2024 21:00;0,295
05.11.2024 22:00;0,256
05.11.2024 23:00;0,194
06.11.2024 00:00;0,186
06.11.2024 01:00;4,794
06.11.2024 02:00;4,802
06.11.2024 03:00;5,1
06.11.2024 04:00;4,849
06.11.2024 05:00;4,57
06.11.2024 06:00;0,385
06.11.2024 07:00;0,779
06.11.2024 08:00;0,193
06.11.2024 09:00;0,73
06.11.2024 10:00;0,69
06.11.2024 11:00;0,7
06.11.2024 12:00;0,148
06.11.2024 13:00;0,208
06.11.2024 14:00;0,17
06.11.2024 15:00;0,154
06.11.2024 16:00;0,563
06.11.2024 17:00;0,308
06.11.2024 18:00;0,743
06.11.2024 19:00;0,35
06.11.2024 20:00;0,317
06.11.2024 21:00;0,456
06.11.2024 22:00;0,223
06.11.2024 23:00;0,233
07.11.2024 00:00;4,812
07.11.2024 01:00;4,804
07.11.2024 02:00;5,104
07.11.2024 03:00;4,771
07.11.2024 04:00;4,459
07.11.2024 05:00;4,812
07.11.2024 06:00;0,367
07.11.2024 07:00;0,212
07.11.2024 08:00;0,2
07.11.2024 09:00;0,171
07.11.2024 10:00;0,158
07.11.2024 11:00;0,254
07.11.2024 12:00;0,262
07.11.2024 13:00;0,172
07.11.2024 14:00;0,109
07.11.2024 15:00;0,214
07.11.2024 16:00;0,672
07.11.2024 17:00;0,343
07.11.2024 18:00;0,319
07.11.2024 19:00;0,418
07.11.2024 20:00;0,372
07.11.2024 21:00;0,393
07.11.2024 22:00;0,214
07.11.2024 23:00;5,8
08.11.2024 00:00;4,783
08.11.2024 01:00;4,558
08.11.2024 02:00;4,486
08.11.2024 03:00;4,469
08.11.2024 04:00;4,473
08.11.2024 05:00;0,19
08.11.2024 06:00;0,367
08.11.2024 07:00;0,52
08.11.2024 08:00;0,228
08.11.2024 09:00;0,151
08.11.2024 10:00;0,7
08.11.2024 11:00;0,222
08.11.2024 12:00;0,78
08.11.2024 13:00;0,72
08.11.2024 14:00;0,452
08.11.2024 15:00;0,931
08.11.2024 16:00;0,415
08.11.2024 17:00;0,275
08.11.2024 18:00;0,376
08.11.2024 19:00;0,248
08.11.2024 20:00;0,331
08.11.2024 21:00;0,333
08.11.2024 22:00;0,318
08.11.2024 23:00;4,842
09.11.2024 00:00;4,871
09.11.2024 01:00;4,685
09.11.2024 02:00;0,259
09.11.2024 03:00;4,91
09.11.2024 04:00;4,715
09.11.2024 05:00;4,462
09.11.2024 06:00;4,585
09.11.2024 07:00;4,743
09.11.2024 08:00;4,698
09.11.2024 09:00;1,911
09.11.2024 10:00;1,643
09.11.2024 11:00;1,73
09.11.2024 12:00;2,525
09.11.2024 13:00;0,188
09.11.2024 14:00;0,342
09.11.2024 15:00;0,215
09.11.2024 16:00;0,213
09.11.2024 17:00;1,382
09.11.2024 18:00;0,864
09.11.2024 19:00;0,415
09.11.2024 20:00;0,324
09.11.2024 21:00;0,388
09.11.2024 22:00;0,292
09.11.2024 23:00;0,269
10.11.2024 00:00;0,267
10.11.2024 01:00;0,24
10.11.2024 02:00;0,227
10.11.2024 03:00;0,199
10.11.2024 04:00;0,204
10.11.2024 05:00;0,197
10.11.2024 06:00;0,587
10.11.2024 07:00;0,181
10.11.2024 08:00;1,613
10.11.2024 09:00;0,75
10.11.2024 10:00;0,85
10.11.2024 11:00;0,143
10.11.2024 12:00;0,273
10.11.2024 13:00;0,186
10.11.2024 14:00;0,523
10.11.2024 15:00;0,196
10.11.2024 16:00;0,346
10.11.2024 17:00;1,48
10.11.2024 18:00;2,979
10.11.2024 19:00;3,422
10.11.2024 20:00;2,145
10.11.2024 21:00;0,381
10.11.2024 22:00;0,264
10.11.2024 23:00;0,232
11.11.2024 00:00;0,221
11.11.2024 01:00;0,216
11.11.2024 02:00;0,215
11.11.2024 03:00;0,196
11.11.2024 04:00;0,201
11.11.2024 05:00;0,218
11.11.2024 06:00;0,451
11.11.2024 07:00;0,278
11.11.2024 08:00;0,111
11.11.2024 09:00;0,64
11.11.2024 10:00;0,62
11.11.2024 11:00;0,62
11.11.2024 12:00;0,63
11.11.2024 13:00;0,63
11.11.2024 14:00;0,104
11.11.2024 15:00;0,462
11.11.2024 16:00;0,168
11.11.2024 17:00;0,335
11.11.2024 18:00;0,231
11.11.2024 19:00;0,326
11.11.2024 20:00;0,699
11.11.2024 21:00;0,652
11.11.2024 22:00;0,288
11.11.2024 23:00;0,288
12.11.2024 00:00;4,917
12.11.2024 01:00;4,793
12.11.2024 02:00;4,693
12.11.2024 03:00;4,454
12.11.2024 04:00;4,464
12.11.2024 05:00;4,45
12.11.2024 06:00;0,334
12.11.2024 07:00;0,228
12.11.2024 08:00;0,18
12.11.2024 09:00;0,67
12.11.2024 10:00;0,155
12.11.2024 11:00;0,141
12.11.2024 12:00;0,1
12.11.2024 13:00;0,365
12.11.2024 14:00;0,121
12.11.2024 15:00;0,788
12.11.2024 16:00;0,32
12.11.2024 17:00;0,274
12.11.2024 18:00;0,385
12.11.2024 19:00;0,375
12.11.2024 20:00;0,33
12.11.2024 21:00;0,437
12.11.2024 22:00;0,252
12.11.2024 23:00;4,962
13.11.2024 00:00;4,938
13.11.2024 01:00;0,189
13.11.2024 02:00;4,794
13.11.2024 03:00;4,938
13.11.2024 04:00;4,766
13.11.2024 05:00;5,65
13.11.2024 06:00;0,431
13.11.2024 07:00;0,545
13.11.2024 08:00;0,99
13.11.2024 09:00;0,195
13.11.2024 10:00;0,63
13.11.2024 11:00;0,63
13.11.2024 12:00;0,67
13.11.2024 13:00;0,123
13.11.2024 14:00;0,63
13.11.2024 15:00;0,1
13.11.2024 16:00;0,687
13.11.2024 17:00;0,387
13.11.2024 18:00;0,307
13.11.2024 19:00;0,411
13.11.2024 20:00;0,361
13.11.2024 21:00;0,342
13.11.2024 22:00;0,251
13.11.2024 23:00;0,23
14.11.2024 00:00;4,894
14.11.2024 01:00;4,871
14.11.2024 02:00;4,663
14.11.2024 03:00;4,461
14.11.2024 04:00;4,471
14.11.2024 05:00;4,899
14.11.2024 06:00;4,732
14.11.2024 07:00;4,679
14.11.2024 08:00;0,19
14.11.2024 09:00;0,63
14.11.2024 10:00;0,183
14.11.2024 11:00;0,104
14.11.2024 12:00;0,338
14.11.2024 13:00;0,151
14.11.2024 14:00;0,31
14.11.2024 15:00;0,127
14.11.2024 16:00;0,341
14.11.2024 17:00;0,287
14.11.2024 18:00;0,813
14.11.2024 19:00;0,453
14.11.2024 20:00;0,362
14.11.2024 21:00;0,348
14.11.2024 22:00;0,347
14.11.2024 23:00;0,241
15.11.2024 00:00;4,906
15.11.2024 01:00;4,956
15.11.2024 02:00;4,684
15.11.2024 03:00;4,6
15.11.2024 04:00;4,415
15.11.2024 05:00;0,195
15.11.2024 06:00;0,372
15.11.2024 07:00;0,293
15.11.2024 08:00;0,111
15.11.2024 09:00;0,72
15.11.2024 10:00;0,71
15.11.2024 11:00;0,184
15.11.2024 12:00;0,15
15.11.2024 13:00;0,11
15.11.2024 14:00;0,116
15.11.2024 15:00;0,511
15.11.2024 16:00;0,181
15.11.2024 17:00;0,393
15.11.2024 18:00;1,78
15.11.2024 19:00;0,707
15.11.2024 20:00;0,29
15.11.2024 21:00;0,378
15.11.2024 22:00;0,297
15.11.2024 23:00;0,369
16.11.2024 00:00;4,853
16.11.2024 01:00;4,812
16.11.2024 02:00;0,195
16.11.2024 03:00;0,206
16.11.2024 04:00;4,746
16.11.2024 05:00;0,199
16.11.2024 06:00;4,992
16.11.2024 07:00;4,47
16.11.2024 08:00;0,119
16.11.2024 09:00;0,202
16.11.2024 10:00;0,142
16.11.2024 11:00;0,321
16.11.2024 12:00;4,846
16.11.2024 13:00;4,948
16.11.2024 14:00;4,753
16.11.2024 15:00;4,631
16.11.2024 16:00;5,601
16.11.2024 17:00;4,693
16.11.2024 18:00;4,768
16.11.2024 19:00;4,591
16.11.2024 20:00;4,57
16.11.2024 21:00;5,61
16.11.2024 22:00;5,267
16.11.2024 23:00;5,29
17.11.2024 00:00;4,984
17.11.2024 01:00;4,478
17.11.2024 02:00;4,453
17.11.2024 03:00;4,412
17.11.2024 04:00;4,464
17.11.2024 05:00;4,841
17.11.2024 06:00;4,417
17.11.2024 07:00;4,918
17.11.2024 08:00;4,994
17.11.2024 09:00;0,738
17.11.2024 10:00;2,11
17.11.2024 11:00;1,381
17.11.2024 12:00;1,633
17.11.2024 13:00;1,49
17.11.2024 14:00;1,421
17.11.2024 15:00;1,7
17.11.2024 16:00;1,306
17.11.2024 17:00;1,639
17.11.2024 18:00;4,484
17.11.2024 19:00;7,222
17.11.2024 20:00;6,899
17.11.2024 21:00;5,69
17.11.2024 22:00;1,262
17.11.2024 23:00;1,232
18.11.2024 00:00;1,97
18.11.2024 01:00;1,114
18.11.2024 02:00;1,54
18.11.2024 03:00;1,42
18.11.2024 04:00;1,4
18.11.2024 05:00;1,67
18.11.2024 06:00;1,697
18.11.2024 07:00;0,31
18.11.2024 08:00;0,76
18.11.2024 09:00;0,106
18.11.2024 10:00;0,74
18.11.2024 11:00;0,68
18.11.2024 12:00;0,71
18.11.2024 13:00;0,78
18.11.2024 14:00;0,127
18.11.2024 15:00;0,288
18.11.2024 16:00;1,363
18.11.2024 17:00;0,364
18.11.2024 18:00;0,37
18.11.2024 19:00;0,373
18.11.2024 20:00;0,364
18.11.2024 21:00;0,333
18.11.2024 22:00;0,251
18.11.2024 23:00;0,298
19.11.2024 00:00;0,192
19.11.2024 01:00;0,189
19.11.2024 02:00;0,196
19.11.2024 03:00;0,242
19.11.2024 04:00;0,19
19.11.2024 05:00;0,189
19.11.2024 06:00;0,916
19.11.2024 07:00;0,392
19.11.2024 08:00;0,89
19.11.2024 09:00;0,64
19.11.2024 10:00;0,149
19.11.2024 11:00;0,22
19.11.2024 12:00;0,73
19.11.2024 13:00;0,119
19.11.2024 14:00;0,75
19.11.2024 15:00;0,237
19.11.2024 16:00;1,48
19.11.2024 17:00;0,336
19.11.2024 18:00;0,825
19.11.2024 19:00;0,496
19.11.2024 20:00;0,41
19.11.2024 21:00;0,448
19.11.2024 22:00;0,245
19.11.2024 23:00;0,319
20.11.2024 00:00;5,94
20.11.2024 01:00;0,184
20.11.2024 02:00;4,995
20.11.2024 03:00;4,985
20.11.2024 04:00;5,6
20.11.2024 05:00;4,823
20.11.2024 06:00;4,759
20.11.2024 07:00;0,571
20.11.2024 08:00;0,322
20.11.2024 09:00;0,126
20.11.2024 10:00;0,202
20.11.2024 11:00;0,68
20.11.2024 12:00;0,64
20.11.2024 13:00;0,157
20.11.2024 14:00;0,107
20.11.2024 15:00;0,743
20.11.2024 16:00;0,293
20.11.2024 17:00;0,477
20.11.2024 18:00;0,302
20.11.2024 19:00;0,469
20.11.2024 20:00;0,347
20.11.2024 21:00;0,313
20.11.2024 22:00;0,254
20.11.2024 23:00;4,955
21.11.2024 00:00;4,887
21.11.2024 01:00;4,711
21.11.2024 02:00;4,524
21.11.2024 03:00;4,519
21.11.2024 04:00;4,509
21.11.2024 05:00;4,506
21.11.2024 06:00;4,97
21.11.2024 07:00;0,308
21.11.2024 08:00;0,316
21.11.2024 09:00;0,63
21.11.2024 10:00;0,64
21.11.2024 11:00;0,101
21.11.2024 12:00;0,69
21.11.2024 13:00;0,307
21.11.2024 14:00;0,401
21.11.2024 15:00;0,556
21.11.2024 16:00;0,335
21.11.2024 17:00;0,335
21.11.2024 18:00;0,467
21.11.2024 19:00;0,334
21.11.2024 20:00;0,569
21.11.2024 21:00;0,414
21.11.2024 22:00;0,436
21.11.2024 23:00;0,231
22.11.2024 00:00;0,279
22.11.2024 01:00;0,248
22.11.2024 02:00;0,611
22.11.2024 03:00;0,245
22.11.2024 04:00;0,321
22.11.2024 05:00;0,222
22.11.2024 06:00;2,743
22.11.2024 07:00;0,414
22.11.2024 08:00;0,538
22.11.2024 09:00;0,173
22.11.2024 10:00;0,207
22.11.2024 11:00;0,14
22.11.2024 12:00;0,87
22.11.2024 13:00;0,664
22.11.2024 14:00;0,145
22.11.2024 15:00;1,254
22.11.2024 16:00;0,439
22.11.2024 17:00;0,643
22.11.2024 18:00;0,98
22.11.2024 19:00;1,347
22.11.2024 20:00;1,348
22.11.2024 21:00;1,852
22.11.2024 22:00;1,718
22.11.2024 23:00;1,408
23.11.2024 00:00;1,41
23.11.2024 01:00;1,285
23.11.2024 02:00;1,199
23.11.2024 03:00;1,125
23.11.2024 04:00;1,269
23.11.2024 05:00;1,831
23.11.2024 06:00;1,273
23.11.2024 07:00;3,562
23.11.2024 08:00;5,18
23.11.2024 09:00;5,284
23.11.2024 10:00;5,35
23.11.2024 11:00;0,95
23.11.2024 12:00;0,218
23.11.2024 13:00;5,19
23.11.2024 14:00;5,513
23.11.2024 15:00;3,762
23.11.2024 16:00;0,288
23.11.2024 17:00;0,315
23.11.2024 18:00;0,298
23.11.2024 19:00;0,672
23.11.2024 20:00;0,443
23.11.2024 21:00;0,285
23.11.2024 22:00;1,227
23.11.2024 23:00;5,166
24.11.2024 00:00;5,108
24.11.2024 01:00;5,31
24.11.2024 02:00;5,219
24.11.2024 03:00;5,237
24.11.2024 04:00;4,966
24.11.2024 05:00;5,145
24.11.2024 06:00;5,174
24.11.2024 07:00;5,44
24.11.2024 08:00;1,63
24.11.2024 09:00;2,
24.11.2024 10:00;5,1
24.11.2024 11:00;5,16
24.11.2024 12:00;4,467
24.11.2024 13:00;5,242
24.11.2024 14:00;6,478
24.11.2024 15:00;2,658
24.11.2024 16:00;3,1
24.11.2024 17:00;1,76
24.11.2024 18:00;1,156
24.11.2024 19:00;5,874
24.11.2024 20:00;7,898
24.11.2024 21:00;5,864
24.11.2024 22:00;5,111
24.11.2024 23:00;4,63
25.11.2024 00:00;1,275
25.11.2024 01:00;0,971
25.11.2024 02:00;2,968
25.11.2024 03:00;2,6
25.11.2024 04:00;1,864
25.11.2024 05:00;0,984
25.11.2024 06:00;4,459
25.11.2024 07:00;2,788
25.11.2024 08:00;0,147
25.11.2024 09:00;0,287
25.11.2024 10:00;0,49
25.11.2024 11:00;0,53
25.11.2024 12:00;0,46
25.11.2024 13:00;0,51
25.11.2024 14:00;0,74
25.11.2024 15:00;0,443
25.11.2024 16:00;0,477
25.11.2024 17:00;0,469
25.11.2024 18:00;0,284
25.11.2024 19:00;0,351
25.11.2024 20:00;0,344
25.11.2024 21:00;0,364
25.11.2024 22:00;0,272
25.11.2024 23:00;4,869
26.11.2024 00:00;4,87
26.11.2024 01:00;4,463
26.11.2024 02:00;4,35
26.11.2024 03:00;0,166
26.11.2024 04:00;4,838
26.11.2024 05:00;0,162
26.11.2024 06:00;5,421
26.11.2024 07:00;5,151
26.11.2024 08:00;0,227
26.11.2024 09:00;0,69
26.11.2024 10:00;0,53
26.11.2024 11:00;0,91
26.11.2024 12:00;0,81
26.11.2024 13:00;0,7
26.11.2024 14:00;0,56
26.11.2024 15:00;1,39
26.11.2024 16:00;0,387
26.11.2024 17:00;0,298
26.11.2024 18:00;0,427
26.11.2024 19:00;0,301
26.11.2024 20:00;0,328
26.11.2024 21:00;0,359
26.11.2024 22:00;0,289
26.11.2024 23:00;4,907
27.11.2024 00:00;4,785
27.11.2024 01:00;4,445
27.11.2024 02:00;4,42
27.11.2024 03:00;4,478
27.11.2024 04:00;4,25
27.11.2024 05:00;0,199
27.11.2024 06:00;0,35
27.11.2024 07:00;0,727
27.11.2024 08:00;0,336
27.11.2024 09:00;0,137
27.11.2024 10:00;0,86
27.11.2024 11:00;0,9
27.11.2024 12:00;0,9
27.11.2024 13:00;0,413
27.11.2024 14:00;0,382
27.11.2024 15:00;0,127
27.11.2024 16:00;0,234
27.11.2024 17:00;0,333
27.11.2024 18:00;0,384
27.11.2024 19:00;0,309
27.11.2024 20:00;0,282
27.11.2024 21:00;0,363
27.11.2024 22:00;0,367
27.11.2024 23:00;0,253
28.11.2024 00:00;0,202
28.11.2024 01:00;0,202
28.11.2024 02:00;0,196
28.11.2024 03:00;0,196
28.11.2024 04:00;0,197
28.11.2024 05:00;0,198
28.11.2024 06:00;0,383
28.11.2024 07:00;0,377
28.11.2024 08:00;0,349
28.11.2024 09:00;0,151
28.11.2024 10:00;0,109
28.11.2024 11:00;0,175
28.11.2024 12:00;0,73
28.11.2024 13:00;0,103
28.11.2024 14:00;0,162
28.11.2024 15:00;0,53
28.11.2024 16:00;0,336
28.11.2024 17:00;0,28
28.11.2024 18:00;0,386
28.11.2024 19:00;0,306
28.11.2024 20:00;0,31
28.11.2024 21:00;0,263
28.11.2024 22:00;0,205
28.11.2024 23:00;0,202
29.11.2024 00:00;4,912
29.11.2024 01:00;0,257
29.11.2024 02:00;4,821
29.11.2024 03:00;0,196
29.11.2024 04:00;0,196
29.11.2024 05:00;1,97
29.11.2024 06:00;3,84
29.11.2024 07:00;0,584
29.11.2024 08:00;0,168
29.11.2024 09:00;0,78
29.11.2024 10:00;0,73
29.11.2024 11:00;0,85
29.11.2024 12:00;0,67
29.11.2024 13:00;0,63
29.11.2024 14:00;0,65
29.11.2024 15:00;0,745
29.11.2024 16:00;0,348
29.11.2024 17:00;0,277
29.11.2024 18:00;0,439
29.11.2024 19:00;0,252
29.11.2024 20:00;0,342
29.11.2024 21:00;0,313
29.11.2024 22:00;0,797
29.11.2024 23:00;4,888
30.11.2024 00:00;4,957
30.11.2024 01:00;4,57
30.11.2024 02:00;4,504
30.11.2024 03:00;4,51
30.11.2024 04:00;4,444
30.11.2024 05:00;4,487
30.11.2024 06:00;0,316
30.11.2024 07:00;0,342
30.11.2024 08:00;0,199
30.11.2024 09:00;0,314
30.11.2024 10:00;0,191
30.11.2024 11:00;0,83
30.11.2024 12:00;0,73
30.11.2024 13:00;0,108
30.11.2024 14:00;0,127
30.11.2024 15:00;1,59
30.11.2024 16:00;0,934
30.11.2024 17:00;0,26
30.11.2024 18:00;5,66
30.11.2024 19:00;5,21
30.11.2024 20:00;5,365
30.11.2024 21:00;5,314
30.11.2024 22:00;5,212
30.11.2024 23:00;5,25
01.12.2024 00:00;4,455
01.12.2024 01:00;4,582
01.12.2024 02:00;4,403
01.12.2024 03:00;4,379
01.12.2024 04:00;4,573
01.12.2024 05:00;4,738
01.12.2024 06:00;4,462
01.12.2024 07:00;4,883
01.12.2024 08:00;6,274
01.12.2024 09:00;5,884
01.12.2024 10:00;4,441
01.12.2024 11:00;4,201
01.12.2024 12:00;4,342
01.12.2024 13:00;4,113
01.12.2024 14:00;2,431
01.12.2024 15:00;1,292
01.12.2024 16:00;1,74
01.12.2024 17:00;4,132
01.12.2024 18:00;2,269
01.12.2024 19:00;4,972
01.12.2024 20:00;5,837
01.12.2024 21:00;4,84
01.12.2024 22:00;4,913
01.12.2024 23:00;4,434
02.12.2024 00:00;4,445
02.12.2024 01:00;4,385
02.12.2024 02:00;4,371
02.12.2024 03:00;1,944
02.12.2024 04:00;0,894
02.12.2024 05:00;1,159
02.12.2024 06:00;1,3
02.12.2024 07:00;0,405
02.12.2024 08:00;0,199
02.12.2024 09:00;0,104
02.12.2024 10:00;0,133
02.12.2024 11:00;0,78
02.12.2024 12:00;0,85
02.12.2024 13:00;0,86
02.12.2024 14:00;0,7
02.12.2024 15:00;0,689
02.12.2024 16:00;0,278
02.12.2024 17:00;0,28
02.12.2024 18:00;0,277
02.12.2024 19:00;0,258
02.12.2024 20:00;0,368
02.12.2024 21:00;0,317
02.12.2024 22:00;0,221
02.12.2024 23:00;4,97
03.12.2024 00:00;4,897
03.12.2024 01:00;4,49
03.12.2024 02:00;4,453
03.12.2024 03:00;4,719
03.12.2024 04:00;3,802
03.12.2024 05:00;0,973
03.12.2024 06:00;1,157
03.12.2024 07:00;0,388
03.12.2024 08:00;0,167
03.12.2024 09:00;0,108
03.12.2024 10:00;0,9
03.12.2024 11:00;0,117
03.12.2024 12:00;0,99
03.12.2024 13:00;0,96
03.12.2024 14:00;0,463
03.12.2024 15:00;0,406
03.12.2024 16:00;0,682
03.12.2024 17:00;0,252
03.12.2024 18:00;0,42
03.12.2024 19:00;0,488
03.12.2024 20:00;0,402
03.12.2024 21:00;0,321
03.12.2024 22:00;0,226
03.12.2024 23:00;0,192
04.12.2024 00:00;5,208
04.12.2024 01:00;5,19
04.12.2024 02:00;5,128
04.12.2024 03:00;5,37
04.12.2024 04:00;4,745
04.12.2024 05:00;4,939
04.12.2024 06:00;0,48
04.12.2024 07:00;0,403
04.12.2024 08:00;0,2
04.12.2024 09:00;0,98
04.12.2024 10:00;0,93
04.12.2024 11:00;0,93
04.12.2024 12:00;0,1
04.12.2024 13:00;0,113
04.12.2024 14:00;0,83
04.12.2024 15:00;0,682
04.12.2024 16:00;0,419
04.12.2024 17:00;0,333
04.12.2024 18:00;0,352
04.12.2024 19:00;0,364
04.12.2024 20:00;0,575
04.12.2024 21:00;0,332
04.12.2024 22:00;0,251
04.12.2024 23:00;0,303
05.12.2024 00:00;5,228
05.12.2024 01:00;5,245
05.12.2024 02:00;5,18
05.12.2024 03:00;5,192
05.12.2024 04:00;5,141
05.12.2024 05:00;5,175
05.12.2024 06:00;5,444
05.12.2024 07:00;0,312
05.12.2024 08:00;0,301
05.12.2024 09:00;0,17
05.12.2024 10:00;0,124
05.12.2024 11:00;0,15
05.12.2024 12:00;0,132
05.12.2024 13:00;0,78
05.12.2024 14:00;0,164
05.12.2024 15:00;0,957
05.12.2024 16:00;0,382
05.12.2024 17:00;0,296
05.12.2024 18:00;0,308
05.12.2024 19:00;0,289
05.12.2024 20:00;0,395
05.12.2024 21:00;5,277
05.12.2024 22:00;5,457
05.12.2024 23:00;5,106
06.12.2024 00:00;5,455
06.12.2024 01:00;5,378
06.12.2024 02:00;5,55
06.12.2024 03:00;4,971
06.12.2024 04:00;4,965
06.12.2024 05:00;4,984
06.12.2024 06:00;5,626
06.12.2024 07:00;0,349
06.12.2024 08:00;0,162
06.12.2024 09:00;0,8
06.12.2024 10:00;0,236
06.12.2024 11:00;0,146
06.12.2024 12:00;0,139
06.12.2024 13:00;0,86
06.12.2024 14:00;0,141
06.12.2024 15:00;1,9
06.12.2024 16:00;0,391
06.12.2024 17:00;0,371
06.12.2024 18:00;0,385
06.12.2024 19:00;0,683
06.12.2024 20:00;0,553
06.12.2024 21:00;0,532
06.12.2024 22:00;0,255
06.12.2024 23:00;0,194
07.12.2024 00:00;5,99
07.12.2024 01:00;0,195
07.12.2024 02:00;0,216
07.12.2024 03:00;0,212
07.12.2024 04:00;0,245
07.12.2024 05:00;0,206
07.12.2024 06:00;0,204
07.12.2024 07:00;0,199
07.12.2024 08:00;0,351
07.12.2024 09:00;0,408
07.12.2024 10:00;0,193
07.12.2024 11:00;0,121
07.12.2024 12:00;0,492
07.12.2024 13:00;0,199
07.12.2024 14:00;0,351
07.12.2024 15:00;0,88
07.12.2024 16:00;0,503
07.12.2024 17:00;0,233
07.12.2024 18:00;0,474
07.12.2024 19:00;0,289
07.12.2024 20:00;5,309
07.12.2024 21:00;5,513
07.12.2024 22:00;5,269
07.12.2024 23:00;5,246
08.12.2024 00:00;5,48
08.12.2024 01:00;5,64
08.12.2024 02:00;5,93
08.12.2024 03:00;5,107
08.12.2024 04:00;5,166
08.12.2024 05:00;5,7
08.12.2024 06:00;5,224
08.12.2024 07:00;6,752
08.12.2024 08:00;5,15
08.12.2024 09:00;0,103
08.12.2024 10:00;0,13
08.12.2024 11:00;0,106
08.12.2024 12:00;0,162
08.12.2024 13:00;0,251
08.12.2024 14:00;5,558
08.12.2024 15:00;5,52
08.12.2024 16:00;0,255
08.12.2024 17:00;0,276
08.12.2024 18:00;2,612
08.12.2024 19:00;2,653
08.12.2024 20:00;2,333
08.12.2024 21:00;6,192
08.12.2024 22:00;5,373
08.12.2024 23:00;5,252
09.12.2024 00:00;5,65
09.12.2024 01:00;4,896
09.12.2024 02:00;5,43
09.12.2024 03:00;5,428
09.12.2024 04:00;5,409
09.12.2024 05:00;5,144
09.12.2024 06:00;5,19
09.12.2024 07:00;0,329
09.12.2024 08:00;0,139
09.12.2024 09:00;0,96
09.12.2024 10:00;0,72
09.12.2024 11:00;0,71
09.12.2024 12:00;0,78
09.12.2024 13:00;0,97
09.12.2024 14:00;0,202
09.12.2024 15:00;0,59
09.12.2024 16:00;0,288
09.12.2024 17:00;0,263
09.12.2024 18:00;0,344
09.12.2024 19:00;0,361
09.12.2024 20:00;0,354
09.12.2024 21:00;0,362
09.12.2024 22:00;0,306
09.12.2024 23:00;5,193
10.12.2024 00:00;5,274
10.12.2024 01:00;4,95
10.12.2024 02:00;4,678
10.12.2024 03:00;0,272
10.12.2024 04:00;0,968
10.12.2024 05:00;0,32
10.12.2024 06:00;0,742
10.12.2024 07:00;0,486
10.12.2024 08:00;0,171
10.12.2024 09:00;0,93
10.12.2024 10:00;0,95
10.12.2024 11:00;0,115
10.12.2024 12:00;0,167
10.12.2024 13:00;0,82
10.12.2024 14:00;0,132
10.12.2024 15:00;1,156
10.12.2024 16:00;0,277
10.12.2024 17:00;0,265
10.12.2024 18:00;0,41
10.12.2024 19:00;0,396
10.12.2024 20:00;0,263
10.12.2024 21:00;0,364
10.12.2024 22:00;0,276
10.12.2024 23:00;5,71
11.12.2024 00:00;5,121
11.12.2024 01:00;5,33
11.12.2024 02:00;4,609
11.12.2024 03:00;4,628
11.12.2024 04:00;4,621
11.12.2024 05:00;4,625
11.12.2024 06:00;5,168
11.12.2024 07:00;0,466
11.12.2024 08:00;0,31
11.12.2024 09:00;0,238
11.12.2024 10:00;0,71
11.12.2024 11:00;0,71
11.12.2024 12:00;0,61
11.12.2024 13:00;0,107
11.12.2024 14:00;0,106
11.12.2024 15:00;0,213
11.12.2024 16:00;0,374
11.12.2024 17:00;0,246
11.12.2024 18:00;0,243
11.12.2024 19:00;0,417
11.12.2024 20:00;0,291
11.12.2024 21:00;2,322
11.12.2024 22:00;0,206
11.12.2024 23:00;0,249
12.12.2024 00:00;0,191
12.12.2024 01:00;4,931
12.12.2024 02:00;4,916
12.12.2024 03:00;4,559
12.12.2024 04:00;4,648
12.12.2024 05:00;4,993
12.12.2024 06:00;0,425
12.12.2024 07:00;0,396
12.12.2024 08:00;0,23
12.12.2024 09:00;0,8
12.12.2024 10:00;0,14
12.12.2024 11:00;0,815
12.12.2024 12:00;0,961
12.12.2024 13:00;0,945
12.12.2024 14:00;1,5
12.12.2024 15:00;1,221
12.12.2024 16:00;0,333
12.12.2024 17:00;0,293
12.12.2024 18:00;0,297
12.12.2024 19:00;1,614
12.12.2024 20:00;1,863
12.12.2024 21:00;2,934
12.12.2024 22:00;0,26
12.12.2024 23:00;0,287
13.12.2024 00:00;5,186
13.12.2024 01:00;0,425
13.12.2024 02:00;0,26
13.12.2024 03:00;0,243
13.12.2024 04:00;0,618
13.12.2024 05:00;0,621
13.12.2024 06:00;2,154
13.12.2024 07:00;0,393
13.12.2024 08:00;0,228
13.12.2024 09:00;0,82
13.12.2024 10:00;0,29
13.12.2024 11:00;0,131
13.12.2024 12:00;0,64
13.12.2024 13:00;0,9
13.12.2024 14:00;0,133
13.12.2024 15:00;4,88
13.12.2024 16:00;0,435
13.12.2024 17:00;0,261
13.12.2024 18:00;0,468
13.12.2024 19:00;0,376
13.12.2024 20:00;0,342
13.12.2024 21:00;0,271
13.12.2024 22:00;0,94
13.12.2024 23:00;1,755
14.12.2024 00:00;5,217
14.12.2024 01:00;5,335
14.12.2024 02:00;5,422
14.12.2024 03:00;5,417
14.12.2024 04:00;5,357
14.12.2024 05:00;5,41
14.12.2024 06:00;5,44
14.12.2024 07:00;0,346
14.12.2024 08:00;5,359
14.12.2024 09:00;0,187
14.12.2024 10:00;0,452
14.12.2024 11:00;0,107
14.12.2024 12:00;0,135
14.12.2024 13:00;0,193
14.12.2024 14:00;0,84
14.12.2024 15:00;5,625
14.12.2024 16:00;0,364
14.12.2024 17:00;5,324
14.12.2024 18:00;0,985
14.12.2024 19:00;5,614
14.12.2024 20:00;5,734
14.12.2024 21:00;5,498
14.12.2024 22:00;5,173
14.12.2024 23:00;5,167
15.12.2024 00:00;5,302
15.12.2024 01:00;5,85
15.12.2024 02:00;4,826
15.12.2024 03:00;4,903
15.12.2024 04:00;5,14
15.12.2024 05:00;4,934
15.12.2024 06:00;5,58
15.12.2024 07:00;6,306
15.12.2024 08:00;4,961
15.12.2024 09:00;5,162
15.12.2024 10:00;5,609
15.12.2024 11:00;5,644
15.12.2024 12:00;5,515
15.12.2024 13:00;5,442
15.12.2024 14:00;3,143
15.12.2024 15:00;0,187
15.12.2024 16:00;1,451
15.12.2024 17:00;2,47
15.12.2024 18:00;2,735
15.12.2024 19:00;1,758
15.12.2024 20:00;0,865
15.12.2024 21:00;0,325
15.12.2024 22:00;0,377
15.12.2024 23:00;5,33
16.12.2024 00:00;4,639
16.12.2024 01:00;4,706
16.12.2024 02:00;4,605
16.12.2024 03:00;4,66
16.12.2024 04:00;4,761
16.12.2024 05:00;4,884
16.12.2024 06:00;4,652
16.12.2024 07:00;4,758
16.12.2024 08:00;0,208
16.12.2024 09:00;0,87
16.12.2024 10:00;0,96
16.12.2024 11:00;0,88
16.12.2024 12:00;0,78
16.12.2024 13:00;0,74
16.12.2024 14:00;0,69
16.12.2024 15:00;0,697
16.12.2024 16:00;0,262
16.12.2024 17:00;0,253
16.12.2024 18:00;0,274
16.12.2024 19:00;0,525
16.12.2024 20:00;0,4
16.12.2024 21:00;0,357
16.12.2024 22:00;0,342
16.12.2024 23:00;4,98
17.12.2024 00:00;4,79
17.12.2024 01:00;4,449
17.12.2024 02:00;4,467
17.12.2024 03:00;4,435
17.12.2024 04:00;4,393
17.12.2024 05:00;4,391
17.12.2024 06:00;4,593
17.12.2024 07:00;4,576
17.12.2024 08:00;0,388
17.12.2024 09:00;0,102
17.12.2024 10:00;0,84
17.12.2024 11:00;0,217
17.12.2024 12:00;0,102
17.12.2024 13:00;0,754
17.12.2024 14:00;0,823
17.12.2024 15:00;0,205
17.12.2024 16:00;0,309
17.12.2024 17:00;0,247
17.12.2024 18:00;0,355
17.12.2024 19:00;0,318
17.12.2024 20:00;0,291
17.12.2024 21:00;0,305
17.12.2024 22:00;0,245
17.12.2024 23:00;0,19
18.12.2024 00:00;5,25
18.12.2024 01:00;5,285
18.12.2024 02:00;5,215
18.12.2024 03:00;5,265
18.12.2024 04:00;5,203
18.12.2024 05:00;0,205
18.12.2024 06:00;0,395
18.12.2024 07:00;0,366
18.12.2024 08:00;0,3
18.12.2024 09:00;0,13
18.12.2024 10:00;0,101
18.12.2024 11:00;0,242
18.12.2024 12:00;0,7
18.12.2024 13:00;0,158
18.12.2024 14:00;0,72
18.12.2024 15:00;0,501
18.12.2024 16:00;0,366
18.12.2024 17:00;0,313
18.12.2024 18:00;0,278
18.12.2024 19:00;0,462
18.12.2024 20:00;0,351
18.12.2024 21:00;5,513
18.12.2024 22:00;3,814
18.12.2024 23:00;0,361
19.12.2024 00:00;0,284
19.12.2024 01:00;0,294
19.12.2024 02:00;0,248
19.12.2024 03:00;0,246
19.12.2024 04:00;0,916
19.12.2024 05:00;0,289
19.12.2024 06:00;4,491
19.12.2024 07:00;5,655
19.12.2024 08:00;0,201
19.12.2024 09:00;0,95
19.12.2024 10:00;0,149
19.12.2024 11:00;0,73
19.12.2024 12:00;0,315
19.12.2024 13:00;0,69
19.12.2024 14:00;0,67
19.12.2024 15:00;0,135
19.12.2024 16:00;0,262
19.12.2024 17:00;0,242
19.12.2024 18:00;0,638
19.12.2024 19:00;0,591
19.12.2024 20:00;0,25
19.12.2024 21:00;0,265
19.12.2024 22:00;0,205
19.12.2024 23:00;4,748
20.12.2024 00:00;4,597
20.12.2024 01:00;4,703
20.12.2024 02:00;4,48
20.12.2024 03:00;4,671
20.12.2024 04:00;5,18
20.12.2024 05:00;4,717
20.12.2024 06:00;4,922
20.12.2024 07:00;0,474
20.12.2024 08:00;0,187
20.12.2024 09:00;0,1
20.12.2024 10:00;0,85
20.12.2024 11:00;0,113
20.12.2024 12:00;0,83
20.12.2024 13:00;0,75
20.12.2024 14:00;0,79
20.12.2024 15:00;0,673
20.12.2024 16:00;0,321
20.12.2024 17:00;0,235
20.12.2024 18:00;0,286
20.12.2024 19:00;0,413
20.12.2024 20:00;0,37
20.12.2024 21:00;0,297
20.12.2024 22:00;5,104
20.12.2024 23:00;5,36
21.12.2024 00:00;5,21
21.12.2024 01:00;5,116
21.12.2024 02:00;4,929
21.12.2024 03:00;5,121
21.12.2024 04:00;4,696
21.12.2024 05:00;4,663
21.12.2024 06:00;4,743
21.12.2024 07:00;4,985
21.12.2024 08:00;4,843
21.12.2024 09:00;0,2
21.12.2024 10:00;0,126
21.12.2024 11:00;0,143
21.12.2024 12:00;0,72
21.12.2024 13:00;0,166
21.12.2024 14:00;0,232
21.12.2024 15:00;1,85
21.12.2024 16:00;0,973
21.12.2024 17:00;0,437
21.12.2024 18:00;0,861
21.12.2024 19:00;1,366
21.12.2024 20:00;0,349
21.12.2024 21:00;0,287
21.12.2024 22:00;0,303
21.12.2024 23:00;0,204
22.12.2024 00:00;4,729
22.12.2024 01:00;4,915
22.12.2024 02:00;4,696
22.12.2024 03:00;4,449
22.12.2024 04:00;4,445
22.12.2024 05:00;4,444
22.12.2024 06:00;4,667
22.12.2024 07:00;5,246
22.12.2024 08:00;2,108
22.12.2024 09:00;1,456
22.12.2024 10:00;0,188
22.12.2024 11:00;0,205
22.12.2024 12:00;2,56
22.12.2024 13:00;5,134
22.12.2024 14:00;5,838
22.12.2024 15:00;5,308
22.12.2024 16:00;4,916
22.12.2024 17:00;4,969
22.12.2024 18:00;2,602
22.12.2024 19:00;3,355
22.12.2024 20:00;1,147
22.12.2024 21:00;0,272
22.12.2024 22:00;0,225
22.12.2024 23:00;0,367
23.12.2024 00:00;4,932
23.12.2024 01:00;5,36
23.12.2024 02:00;4,841
23.12.2024 03:00;1,552
23.12.2024 04:00;0,651
23.12.2024 05:00;0,932
23.12.2024 06:00;0,585
23.12.2024 07:00;0,827
23.12.2024 08:00;0,199
23.12.2024 09:00;0,174
23.12.2024 10:00;0,13
23.12.2024 11:00;0,78
23.12.2024 12:00;0,194
23.12.2024 13:00;0,9
23.12.2024 14:00;0,11
23.12.2024 15:00;0,83
23.12.2024 16:00;0,472
23.12.2024 17:00;0,499
23.12.2024 18:00;0,318
23.12.2024 19:00;0,283
23.12.2024 20:00;0,477
23.12.2024 21:00;0,342
23.12.2024 22:00;0,276
23.12.2024 23:00;0,233
24.12.2024 00:00;0,295
24.12.2024 01:00;5,1
24.12.2024 02:00;5,44
24.12.2024 03:00;5,137
24.12.2024 04:00;4,868
24.12.2024 05:00;5,126
24.12.2024 06:00;0,245
24.12.2024 07:00;0,4
24.12.2024 08:00;0,199
24.12.2024 09:00;0,186
24.12.2024 10:00;0,336
24.12.2024 11:00;1,81
24.12.2024 12:00;0,273
24.12.2024 13:00;0,154
24.12.2024 14:00;0,952
24.12.2024 15:00;0,705
24.12.2024 16:00;0,632
24.12.2024 17:00;1,36
24.12.2024 18:00;0,383
24.12.2024 19:00;0,35
24.12.2024 20:00;0,355
24.12.2024 21:00;0,311
24.12.2024 22:00;3,731
24.12.2024 23:00;5,26
25.12.2024 00:00;5,44
25.12.2024 01:00;4,83
25.12.2024 02:00;4,917
25.12.2024 03:00;5,201
25.12.2024 04:00;5,121
25.12.2024 05:00;4,841
25.12.2024 06:00;5,2
25.12.2024 07:00;5,336
25.12.2024 08:00;5,43
25.12.2024 09:00;5,208
25.12.2024 10:00;0,205
25.12.2024 11:00;0,96
25.12.2024 12:00;0,242
25.12.2024 13:00;0,87
25.12.2024 14:00;0,83
25.12.2024 15:00;0,227
25.12.2024 16:00;0,348
25.12.2024 17:00;0,45
25.12.2024 18:00;1,8
25.12.2024 19:00;5,129
25.12.2024 20:00;7,303
25.12.2024 21:00;8,529
25.12.2024 22:00;7,694
25.12.2024 23:00;6,87
26.12.2024 00:00;4,933
26.12.2024 01:00;4,591
26.12.2024 02:00;4,481
26.12.2024 03:00;4,524
26.12.2024 04:00;0,262
26.12.2024 05:00;0,89
26.12.2024 06:00;2,903
26.12.2024 07:00;0,321
26.12.2024 08:00;1,3
26.12.2024 09:00;1,999
26.12.2024 10:00;2,184
26.12.2024 11:00;0,99
26.12.2024 12:00;2,536
26.12.2024 13:00;2,538
26.12.2024 14:00;1,174
26.12.2024 15:00;2,908
26.12.2024 16:00;0,272
26.12.2024 17:00;0,671
26.12.2024 18:00;0,633
26.12.2024 19:00;0,248
26.12.2024 20:00;0,276
26.12.2024 21:00;0,356
26.12.2024 22:00;0,216
26.12.2024 23:00;4,881
27.12.2024 00:00;4,912
27.12.2024 01:00;0,197
27.12.2024 02:00;0,198
27.12.2024 03:00;0,198
27.12.2024 04:00;0,21
27.12.2024 05:00;0,199
27.12.2024 06:00;0,383
27.12.2024 07:00;0,31
27.12.2024 08:00;0,202
27.12.2024 09:00;0,238
27.12.2024 10:00;0,97
27.12.2024 11:00;0,138
27.12.2024 12:00;0,199
27.12.2024 13:00;0,83
27.12.2024 14:00;0,24
27.12.2024 15:00;0,197
27.12.2024 16:00;1,304
27.12.2024 17:00;0,285
27.12.2024 18:00;0,284
27.12.2024 19:00;0,403
27.12.2024 20:00;0,279
27.12.2024 21:00;0,344
27.12.2024 22:00;0,31
27.12.2024 23:00;0,227
28.12.2024 00:00;0,205
28.12.2024 01:00;0,205
28.12.2024 02:00;0,204
28.12.2024 03:00;0,207
28.12.2024 04:00;0,213
28.12.2024 05:00;0,26
28.12.2024 06:00;0,358
28.12.2024 07:00;0,307
28.12.2024 08:00;0,274
28.12.2024 09:00;0,454
28.12.2024 10:00;0,413
28.12.2024 11:00;0,205
28.12.2024 12:00;0,115
28.12.2024 13:00;0,141
28.12.2024 14:00;0,306
28.12.2024 15:00;0,17
28.12.2024 16:00;1,234
28.12.2024 17:00;0,363
28.12.2024 18:00;0,278
28.12.2024 19:00;0,401
28.12.2024 20:00;0,311
28.12.2024 21:00;0,28
28.12.2024 22:00;0,363
28.12.2024 23:00;0,265
29.12.2024 00:00;0,212
29.12.2024 01:00;5,156
29.12.2024 02:00;4,919
29.12.2024 03:00;4,914
29.12.2024 04:00;0,221
29.12.2024 05:00;4,844
29.12.2024 06:00;0,345
29.12.2024 07:00;1,335
29.12.2024 08:00;1,711
29.12.2024 09:00;6,255
29.12.2024 10:00;1,775
29.12.2024 11:00;4,872
29.12.2024 12:00;1,747
29.12.2024 13:00;5,1
29.12.2024 14:00;1,9
29.12.2024 15:00;0,879
29.12.2024 16:00;0,324
29.12.2024 17:00;1,196
29.12.2024 18:00;2,995
29.12.2024 19:00;3,289
29.12.2024 20:00;6,652
29.12.2024 21:00;4,973
29.12.2024 22:00;4,744
29.12.2024 23:00;4,784
30.12.2024 00:00;4,594
30.12.2024 01:00;4,59
30.12.2024 02:00;4,588
30.12.2024 03:00;0,202
30.12.2024 04:00;0,198
30.12.2024 05:00;4,756
30.12.2024 06:00;4,881
30.12.2024 07:00;5,232
30.12.2024 08:00;0,303
30.12.2024 09:00;4,911
30.12.2024 10:00;0,185
30.12.2024 11:00;0,82
30.12.2024 12:00;0,173
30.12.2024 13:00;0,138
30.12.2024 14:00;0,73
30.12.2024 15:00;3,394
30.12.2024 16:00;0,544
30.12.2024 17:00;0,347
30.12.2024 18:00;0,292
30.12.2024 19:00;0,315
30.12.2024 20:00;0,592
30.12.2024 21:00;0,404
30.12.2024 22:00;0,219
30.12.2024 23:00;5,156
31.12.2024 00:00;5,149
31.12.2024 01:00;5,38
31.12.2024 02:00;5,5
31.12.2024 03:00;3,
31.12.2024 04:00;0,631
31.12.2024 05:00;0,429
31.12.2024 06:00;3,646
31.12.2024 07:00;5,23
31.12.2024 08:00;0,29
31.12.2024 09:00;0,163
31.12.2024 10:00;0,224
31.12.2024 11:00;0,557
31.12.2024 12:00;0,133
31.12.2024 13:00;0,215
31.12.2024 14:00;0,127
31.12.2024 15:00;0,139
31.12.2024 16:00;0,298
31.12.2024 17:00;0,373
31.12.2024 18:00;0,394
31.12.2024 19:00;0,353
31.12.2024 20:00;0,282
31.12.2024 21:00;0,28
31.12.2024 22:00;0,482
31.12.2024 23:00;5,26